text_a,text_b,gold,cosine
bathroom fan with light,"Homewerks 7141-80 Bathroom Fan Integrated LED Light Ceiling Mount Exhaust Ventilation, 1.1 Sones, 80 CFM",3,0.6375843
110cfm bathroom exhaust fan without light,"Panasonic FV-0511VQ1 WhisperCeiling DC Ventilation Fan, Speed Selector, SmartFlow Technology, Quiet,White",3,0.49376255
bathroom fan quiet,"Panasonic FV-0511VQ1 WhisperCeiling DC Ventilation Fan, Speed Selector, SmartFlow Technology, Quiet,White",3,0.52432895
household ventilation fans,"Panasonic FV-0511VQ1 WhisperCeiling DC Ventilation Fan, Speed Selector, SmartFlow Technology, Quiet,White",3,0.5812653
110cfm bathroom exhaust fan without light,"Panasonic FV-0510VSL1 WhisperValue DC Ventilation Fan with Light, 50-80-100 CFM",0,0.40586352
bathroom fan with light,"Panasonic FV-0510VSL1 WhisperValue DC Ventilation Fan with Light, 50-80-100 CFM",3,0.46709722
bathroom fan quiet,"Panasonic FV-0510VS1 WhisperValue DC Ventilation Fan, 50-80-100 CFM",3,0.2817235
household ventilation fans,"Panasonic FV-0510VS1 WhisperValue DC Ventilation Fan, 50-80-100 CFM",3,0.48513404
110cfm bathroom exhaust fan without light,"Panasonic FV-0811VF5 WhisperFit EZ Retrofit Ventilation Fan, 80 or 110 CFM",3,0.46928146
bathroom fan quiet,"Panasonic FV-0811VF5 WhisperFit EZ Retrofit Ventilation Fan, 80 or 110 CFM",3,0.27297157
household ventilation fans,"Panasonic FV-0811VF5 WhisperFit EZ Retrofit Ventilation Fan, 80 or 110 CFM",3,0.5408543
bathroom fan quiet,"Broan Very Quiet Ceiling Bathroom Exhaust Fan, ENERGY STAR Certified, 0.3 Sones, 80 CFM",3,0.72620904
4 wheel go kart,"RamPro 10"" All Purpose Utility Air Tires/Wheels with a 5/8"" Diameter Hole with Double Sealed Bearings (Pack of 2)",1,0.41415673
small wheel barrel type tires,"RamPro 10"" All Purpose Utility Air Tires/Wheels with a 5/8"" Diameter Hole with Double Sealed Bearings (Pack of 2)",3,0.6132018
dirt bike tools,Dr.Roc Tire Spoon Lever Dirt Bike Lawn Mower Motorcycle Tire Changing Tools with Durable Bag 3 Tire Irons 2 Rim Protectors 1 Valve Stems Set TR412 TR413,3,0.6048133
lawn mower trailer tires and wheels 5/8 bearings,"15x6.00-6"" Front Tire Assembly Replacement for 100 and 300 Series John Deere Riding Mowers - 2 pack",0,0.6503297
honda versattach,Honda 42710-VE2-M02ZE (Replaces 42710-VE2-M01ZE) Lawn Mower Rear Wheel Set of 2,1,0.6052294
lawn mower trailer tires and wheels 5/8 bearings,Oregon 72-107 Universal Wheel 7X150 Diamond Plastic,0,0.44526693
!qscreen fence without holes,"FOTMISHU 6Pcs Greenhouse Hoops Rust-Free Grow Tunnel Tunnel, 4ft Long Steel with Plastic Coated Plant Supports for Garden Fabric, Plant Support Garden Stakes",0,0.37640512
!qscreen fence without holes,"Zippity Outdoor Products ZP19028 Unassembled Madison Vinyl Gate Kit with Fence Wings, White",0,0.6094309
!qscreen fence without holes,"Zippity Outdoor Products ZP19026 Lightweight Portable Vinyl Picket Fence Kit w/Metal Base(42"" H x 92"" W), White",3,0.51687604
half fence wood,"Zippity Outdoor Products ZP19026 Lightweight Portable Vinyl Picket Fence Kit w/Metal Base(42"" H x 92"" W), White",2,0.4774469
wooden fencing material for yards privacy,"Zippity Outdoor Products ZP19026 Lightweight Portable Vinyl Picket Fence Kit w/Metal Base(42"" H x 92"" W), White",2,0.6345413
wrought iron fence panels,"Zippity Outdoor Products ZP19026 Lightweight Portable Vinyl Picket Fence Kit w/Metal Base(42"" H x 92"" W), White",2,0.5190628
!qscreen fence without holes,ColourTree 4' x 50' Green Fence Privacy Screen Windscreen Cover Fabric Shade Tarp Netting Mesh Cloth - Commercial Grade 170 GSM - Cable Zip Ties Included - We Make Custom Size,2,0.2976439
!qscreen fence without holes,ColourTree 6' x 50' Black Fence Privacy Screen Windscreen Cover Fabric Shade Tarp Netting Mesh Cloth - Commercial Grade 170 GSM - Cable Zip Ties Included - We Make Custom Size,2,0.26641807
!qscreen fence without holes,"MIXC 10-Pack Seed Trays Seedling Starter Tray, Humidity Adjustable Plant Starter Kit with Dome and Base Greenhouse Grow Trays Mini Propagator for Seeds Growing Starting (12 Cells per Tray)",0,0.15248314
reduce reuse starter kit,"MIXC 10-Pack Seed Trays Seedling Starter Tray, Humidity Adjustable Plant Starter Kit with Dome and Base Greenhouse Grow Trays Mini Propagator for Seeds Growing Starting (12 Cells per Tray)",3,0.1513713
!qscreen fence without holes,CandyHome Green Anti Bird Protection Net Mesh Garden Plant Netting Protect Seedlings Plants Flowers Fruit Trees Vegetables from Rodents Birds Deer Reusable Fencing (13Ft x 33Ft),0,0.23723847
!qscreen fence without holes,"Sunnyglade 6 feet x 50 feet Privacy Screen Fence Heavy Duty Fencing Mesh Shade Net Cover for Wall Garden Yard Backyard (6 ft X 50 ft, Green)",3,0.34017575
bamboo fencing,"Sunnyglade 6 feet x 50 feet Privacy Screen Fence Heavy Duty Fencing Mesh Shade Net Cover for Wall Garden Yard Backyard (6 ft X 50 ft, Green)",2,0.37622887
fences,"Sunnyglade 6 feet x 50 feet Privacy Screen Fence Heavy Duty Fencing Mesh Shade Net Cover for Wall Garden Yard Backyard (6 ft X 50 ft, Green)",3,0.33285487
wooden fencing material for yards privacy,"Sunnyglade 6 feet x 50 feet Privacy Screen Fence Heavy Duty Fencing Mesh Shade Net Cover for Wall Garden Yard Backyard (6 ft X 50 ft, Green)",3,0.6210585
!qscreen fence without holes,"EasyBaby Products Indoor Outdoor Retractable Baby Gate, 33"" Tall, Extends up to 55"" Wide, Black",0,0.33724216
banister guard,"EasyBaby Products Indoor Outdoor Retractable Baby Gate, 33"" Tall, Extends up to 55"" Wide, Black",3,0.1686133
black hinged pet gates for doorways,"EasyBaby Products Indoor Outdoor Retractable Baby Gate, 33"" Tall, Extends up to 55"" Wide, Black",2,0.5453392
fence end spacer,"EasyBaby Products Indoor Outdoor Retractable Baby Gate, 33"" Tall, Extends up to 55"" Wide, Black",3,0.22509114
retractable dog screen,"EasyBaby Products Indoor Outdoor Retractable Baby Gate, 33"" Tall, Extends up to 55"" Wide, Black",3,0.35793942
stair gates for kids,"EasyBaby Products Indoor Outdoor Retractable Baby Gate, 33"" Tall, Extends up to 55"" Wide, Black",3,0.37677416
!qscreen fence without holes,"Amgo 6' x 50' Black Fence Privacy Screen Windscreen,with Bindings & Grommets, Heavy Duty for Commercial and Residential, 90% Blockage, Cable Zip Ties Included, (Available for Custom Sizes)",3,0.15830769
dark privacy screen,"Amgo 6' x 50' Black Fence Privacy Screen Windscreen,with Bindings & Grommets, Heavy Duty for Commercial and Residential, 90% Blockage, Cable Zip Ties Included, (Available for Custom Sizes)",3,0.19613487
kennel shade,"Amgo 6' x 50' Black Fence Privacy Screen Windscreen,with Bindings & Grommets, Heavy Duty for Commercial and Residential, 90% Blockage, Cable Zip Ties Included, (Available for Custom Sizes)",2,0.13890694
wooden fencing material for yards privacy,"Amgo 6' x 50' Black Fence Privacy Screen Windscreen,with Bindings & Grommets, Heavy Duty for Commercial and Residential, 90% Blockage, Cable Zip Ties Included, (Available for Custom Sizes)",2,0.3028821
!qscreen fence without holes,"Amgo 4' x 50' Black Fence Privacy Screen Windscreen,with Bindings & Grommets, Heavy Duty for Commercial and Residential, 90% Blockage, Cable Zip Ties Included, (Available for Custom Sizes)",3,0.14964798
!qscreen fence without holes,"DearHouse Artificial Ivy Privacy Fence Screen, 98.4x59in Artificial Hedges Fence and Faux Ivy Vine Leaf Decoration for Outdoor Garden Decor",0,0.3464613
!qscreen fence without holes,(10 Pack) Vinyl Siding Clips Hooks No-Hole Needed Outdoor Siding Screws Hanger for Mount Home Security Camera,0,0.47492486
!qscreen fence without holes,Orgrimmar Green 6’x50’ Fence Privacy Screen Heavy Duty Garden Fence Mesh Shade Net Cover for Outdoor Wall Porch Patio Backyard Balcony,3,0.34853214
!qscreen fence without holes,"10 Pack Plastic Growing Trays, 15.7 X 11.8 X 2.4 Growing Trays Without Holes, Hydroponic Tray for Flowers, Seedlings, Plants, Wheatgrass, Microgreens",0,0.3486734
10 plastic pot without drain,"10 Pack Plastic Growing Trays, 15.7 X 11.8 X 2.4 Growing Trays Without Holes, Hydroponic Tray for Flowers, Seedlings, Plants, Wheatgrass, Microgreens",3,0.621104
plant trays without holes,"10 Pack Plastic Growing Trays, 15.7 X 11.8 X 2.4 Growing Trays Without Holes, Hydroponic Tray for Flowers, Seedlings, Plants, Wheatgrass, Microgreens",3,0.5876028
!qscreen fence without holes,Large Let Freedom Ring Banner for Fence 4th of July Independence Day Decor American Patriotic Decoration and Supplies for Memorial Day Veterans Day,0,0.21691781
!qscreen fence without holes,"MAGZO Magnetic Screen Door Fit Door Size 38 x 82, Reinforced Fiberglass Mesh Curtain Back Door Mesh with Full Frame Hook&Loop-Grey",0,0.3105604
!qscreen fence without holes,ASURION 4 Year Home Improvement Protection Plan $20-29.99,0,0.081941664
"I want a laptop that is light weight, but can handle all of my daily needs.",ASURION 4 Year Home Improvement Protection Plan $20-29.99,0,0.29230282
asurion 4 year home improvement protection plan,ASURION 4 Year Home Improvement Protection Plan $20-29.99,3,0.8387328
neon grinder,ASURION 4 Year Home Improvement Protection Plan $20-29.99,0,0.19829287
!qscreen fence without holes,VIVOSUN 1-Pack 3x3FT Elastic Trellis Netting with Hooks for Grow Tents,0,0.37377113
!qscreen fence without holes,"Zippity Outdoor Products ZP19014 Premium Vinyl Privacy Screen, 48""W x 48""H (Unassembled), White",3,0.4977
fence panels,"Zippity Outdoor Products ZP19014 Premium Vinyl Privacy Screen, 48""W x 48""H (Unassembled), White",3,0.24281763
half fence wood,"Zippity Outdoor Products ZP19014 Premium Vinyl Privacy Screen, 48""W x 48""H (Unassembled), White",2,0.35786393
outside screen for patio,"Zippity Outdoor Products ZP19014 Premium Vinyl Privacy Screen, 48""W x 48""H (Unassembled), White",3,0.24443415
wooden fencing material for yards privacy,"Zippity Outdoor Products ZP19014 Premium Vinyl Privacy Screen, 48""W x 48""H (Unassembled), White",2,0.5440869
!qscreen fence without holes,"HP VH240a 23.8-Inch Full HD 1080p IPS LED Monitor with Built-In Speakers and VESA Mounting, Rotating Portrait & Landscape, Tilt, and HDMI & VGA Ports (1KL30AA) - Black",0,0.18413141
dell monitor,"HP VH240a 23.8-Inch Full HD 1080p IPS LED Monitor with Built-In Speakers and VESA Mounting, Rotating Portrait & Landscape, Tilt, and HDMI & VGA Ports (1KL30AA) - Black",2,0.2995335
moniter pivo,"HP VH240a 23.8-Inch Full HD 1080p IPS LED Monitor with Built-In Speakers and VESA Mounting, Rotating Portrait & Landscape, Tilt, and HDMI & VGA Ports (1KL30AA) - Black",3,0.08939853
power ranger lightning c,"HP VH240a 23.8-Inch Full HD 1080p IPS LED Monitor with Built-In Speakers and VESA Mounting, Rotating Portrait & Landscape, Tilt, and HDMI & VGA Ports (1KL30AA) - Black",0,0.3936653
probably something that has a good amd ryzen processor in it with metal build quality and a nice va panel screen  ,"HP VH240a 23.8-Inch Full HD 1080p IPS LED Monitor with Built-In Speakers and VESA Mounting, Rotating Portrait & Landscape, Tilt, and HDMI & VGA Ports (1KL30AA) - Black",0,0.52536136
refurbished av input monitor,"HP VH240a 23.8-Inch Full HD 1080p IPS LED Monitor with Built-In Speakers and VESA Mounting, Rotating Portrait & Landscape, Tilt, and HDMI & VGA Ports (1KL30AA) - Black",3,0.39759538
!qscreen fence without holes,"DAP INC 18741 Platinum 16OZ Patch Filler, 16.0 Fl Oz, White",3,0.3076098
!qscreen fence without holes,"Tenax 60041989 Multi-Purpose Net, 3' x 50', Black",0,0.33166552
!qscreen fence without holes,Garden Creations JB4710 Extendable Instant Fence,3,0.49028796
!qscreen fence without holes,Windscreen4less Heavy Duty Privacy Screen Fence in Color Solid Black 6' x 50' Brass Grommets 150 GSM - Customized,3,0.43904495
dark privacy screen,Windscreen4less Heavy Duty Privacy Screen Fence in Color Solid Black 6' x 50' Brass Grommets 150 GSM - Customized,3,0.39854652
wooden fencing material for yards privacy,Windscreen4less Heavy Duty Privacy Screen Fence in Color Solid Black 6' x 50' Brass Grommets 150 GSM - Customized,2,0.42755437
!qscreen fence without holes,"Richell Freestanding Pet Gate, Large, Origami White",0,0.44841778
!qscreen fence without holes,"Regalo 192-Inch Super Wide Adjustable Baby Gate and Play Yard, 4-In-1, Bonus Kit, Includes 4 Pack of Wall Mounts",0,0.2737832
baby gate summer white,"Regalo 192-Inch Super Wide Adjustable Baby Gate and Play Yard, 4-In-1, Bonus Kit, Includes 4 Pack of Wall Mounts",2,0.38282007
baby gate with door,"Regalo 192-Inch Super Wide Adjustable Baby Gate and Play Yard, 4-In-1, Bonus Kit, Includes 4 Pack of Wall Mounts",3,0.34335226
extra wide gate,"Regalo 192-Inch Super Wide Adjustable Baby Gate and Play Yard, 4-In-1, Bonus Kit, Includes 4 Pack of Wall Mounts",3,0.4293186
!qscreen fence without holes,"Zareba ESP5M-Z 5-Mile Solar Low Impedance Electric Fence Charger, Black",0,0.4239627
!qscreen fence without holes,"Tenax 5A030001 Guardian Warning Barrier, 4' x 100', Green",0,0.47770154
!qscreen fence without holes,Zareba ESP10M-Z 10-Mile Solar Low Impedance Electric Fence Fence Charger,1,0.47993186
!qscreen fence without holes,"Zippity Outdoor Products ZP19001 No Dig Madison Vinyl Picket Fence, White, 30"" x 56"" (1 Box, 2 Panels), 1 x Pack of 2",3,0.6209573
fence panels,"Zippity Outdoor Products ZP19001 No Dig Madison Vinyl Picket Fence, White, 30"" x 56"" (1 Box, 2 Panels), 1 x Pack of 2",3,0.29647607
fences,"Zippity Outdoor Products ZP19001 No Dig Madison Vinyl Picket Fence, White, 30"" x 56"" (1 Box, 2 Panels), 1 x Pack of 2",3,0.19672605
wrought iron fence panels,"Zippity Outdoor Products ZP19001 No Dig Madison Vinyl Picket Fence, White, 30"" x 56"" (1 Box, 2 Panels), 1 x Pack of 2",2,0.3545913
!qscreen fence without holes,"Zippity Outdoor Products ZP19002 No Dig Fence Newport, 36""H x 72""W, White",2,0.68803734
half fence wood,"Zippity Outdoor Products ZP19002 No Dig Fence Newport, 36""H x 72""W, White",2,0.45221615
!qscreen fence without holes,Flux Phenom Magnetic Screen Door - Retractable Mesh with Self Sealing Magnets - Keeps Nature Out,0,0.4954458
"(8 pck, one without packaging ) umbra single",Flux Phenom Magnetic Screen Door - Retractable Mesh with Self Sealing Magnets - Keeps Nature Out,0,0.41313004
36 by 96 door wood,Flux Phenom Magnetic Screen Door - Retractable Mesh with Self Sealing Magnets - Keeps Nature Out,0,0.30434415
closed up,Flux Phenom Magnetic Screen Door - Retractable Mesh with Self Sealing Magnets - Keeps Nature Out,0,0.21044746
magnetic for blinds inside door,Flux Phenom Magnetic Screen Door - Retractable Mesh with Self Sealing Magnets - Keeps Nature Out,0,0.61330664
metal screen doors,Flux Phenom Magnetic Screen Door - Retractable Mesh with Self Sealing Magnets - Keeps Nature Out,3,0.40319043
screen door window replacement,Flux Phenom Magnetic Screen Door - Retractable Mesh with Self Sealing Magnets - Keeps Nature Out,3,0.32542673
screen doors roll up,Flux Phenom Magnetic Screen Door - Retractable Mesh with Self Sealing Magnets - Keeps Nature Out,3,0.20499054
!qscreen fence without holes,Amagabeli Decorative Garden Fence Outdoor Coated Metal Rustproof 32in x 10ft Landscape Wrought Iron Wire Border Folding Patio Fences Flower Bed Fencing Barrier Section Panels Decor Picket Edging Black,0,0.35644692
wrought iron fence panels,Amagabeli Decorative Garden Fence Outdoor Coated Metal Rustproof 32in x 10ft Landscape Wrought Iron Wire Border Folding Patio Fences Flower Bed Fencing Barrier Section Panels Decor Picket Edging Black,3,0.6026726
!qscreen fence without holes,"Houseables Plastic Mesh Fence, Construction Barrier Netting, Green, 4'x100' Feet, 1 Roll, Garden Fencing, Fences Wrap, Above Ground, for Snow, Poultry, Chicken, Safety, Deer, Patio, Garden Netting",2,0.3642063
!qscreen fence without holes,"Tespo Pet Playpen, Small Animal Cage Indoor Portable Metal Wire yd Fence for Small Animals, Guinea Pigs, Rabbits Kennel Crate Fence Tent, Black 12 Panels",0,0.29062283
ware small animal playpen,"Tespo Pet Playpen, Small Animal Cage Indoor Portable Metal Wire yd Fence for Small Animals, Guinea Pigs, Rabbits Kennel Crate Fence Tent, Black 12 Panels",3,0.419814
!qscreen fence without holes,"BAXIA TECHNOLOGY BX-SL-101 Solar Lights Outdoor 28 LED Wireless Waterproof Security Solar Motion Sensor Lights, (400LM,4 Packs)",0,0.35877952
solar led emergency lights,"BAXIA TECHNOLOGY BX-SL-101 Solar Lights Outdoor 28 LED Wireless Waterproof Security Solar Motion Sensor Lights, (400LM,4 Packs)",3,0.6295787
solar lights outdoor,"BAXIA TECHNOLOGY BX-SL-101 Solar Lights Outdoor 28 LED Wireless Waterproof Security Solar Motion Sensor Lights, (400LM,4 Packs)",3,0.41991094
ultra bright solar lights,"BAXIA TECHNOLOGY BX-SL-101 Solar Lights Outdoor 28 LED Wireless Waterproof Security Solar Motion Sensor Lights, (400LM,4 Packs)",3,0.49516207
!qscreen fence without holes,"Zippity Outdoor Products ZP19008 Wilmington Vinyl Privacy Screen, 36"" x 48"" White , 2- Pack",0,0.4518684
fence panels,"Zippity Outdoor Products ZP19008 Wilmington Vinyl Privacy Screen, 36"" x 48"" White , 2- Pack",3,0.28124854
wooden fencing material for yards privacy,"Zippity Outdoor Products ZP19008 Wilmington Vinyl Privacy Screen, 36"" x 48"" White , 2- Pack",2,0.52907133
tank top men gym,"Amazon Essentials Tech Stretch Tank athletic-shirts, Negro, US XXL (EU XXXL-4XL)",3,0.40112823
tank top men gym,"Amazon Essentials Men's Tech Stretch Performance Tank Top Shirt, Black, XX-Large",3,0.5864246
#10 envelopes without security tint,"BAZIC Security Self Seal Envelope 4 1/8"" x 9 1/2"" #10, No Window Tint Pattern Mailing Envelopes, Peel & Seal, Office Checks Invoices (30/Pack), 1-Pack",3,0.6793839
#10 envelopes self seal,"Quality Park #10 Self-Seal Security Envelopes, Security Tint and Pattern, Redi-Strip Closure, 24-lb White Wove, 4-1/8"" x 9-1/2"", 100/Box (QUA69117)",3,0.6861688
#10 envelopes without security tint,"Quality Park #10 Self-Seal Security Envelopes, Security Tint and Pattern, Redi-Strip Closure, 24-lb White Wove, 4-1/8"" x 9-1/2"", 100/Box (QUA69117)",0,0.49810824
#10 envelopes without security tint,"Quality Park #6 3/4 Security-Tinted Envelopes with Peel & Seal, 100-Pack, White – QUA10417",2,0.50859064
#10 envelopes without security tint,"ValBox 500 Count #10 Security Self-Seal Envelopes Windowless Design Security Tint Pattern for Secure Mailing 4-1/8x9-1/2"" ,White Business Envelopes",2,0.61253864
#10 envelopes without security tint,"ValBox #10 Security Envelopes Self Seal, No. 10 Windowless Security Tint Pattern, Secure Mailing Envelopes, 4-1/8x9-1/2 Inches, 24 LB White Business Envelopes, 200 Count",2,0.59133863
#10 envelopes without security tint,"ValBox 200 Count #8 Double Window Envelopes 3 5/8"" x 8 11/16"" Flip and Seal Double Window Security Check Envelopes- Security Tint Pattern Designed for Home Office Secure Mailing",2,0.2548473
#10 envelopes self seal,500 Self Seal Security Mailing Envelopes - #10 White Letter Businesses Envelopes -500 Peel and Seal Tinted Windowless # 10 Envelope - Printer Friendly - Self Stick Bulk Envelops,3,0.66626596
#10 envelopes without security tint,500 Self Seal Security Mailing Envelopes - #10 White Letter Businesses Envelopes -500 Peel and Seal Tinted Windowless # 10 Envelope - Printer Friendly - Self Stick Bulk Envelops,0,0.57211477
#10 envelopes without security tint,"#8 Double Window Security Check Envelopes, No.8 Double Window Bussiness Envelopes Designed for QuickBooks Checks - Computer Printed Checks - 3 5/8 X 8 11/16 (NOT for INVOICES) - 24 LB - 500 Count",2,0.45724738
#10 standard no tint no window not self seal,"#8 Double Window Security Check Envelopes, No.8 Double Window Bussiness Envelopes Designed for QuickBooks Checks - Computer Printed Checks - 3 5/8 X 8 11/16 (NOT for INVOICES) - 24 LB - 500 Count",0,0.35805404
#10 envelopes without security tint,"#10 Security Self-Seal Envelopes, No.10 Windowless Bussiness Envelopes, Security Tinted with Printer Friendly Design - Size 4-1/8 x 9-1/2 Inch - White - 24 LB - 500 Count",3,0.6313741
#10 envelopes without security tint,"Xxcxpark 120 PCS #10 Self Seal Kraft 4-1/8 x 9-1/2 inches Security Envelopes, Windowless Invisible Envelopes Super Strong Quick Seal Envelopes Security Tint Pattern Secure Mailing",2,0.5937691
#10 standard no tint no window not self seal,"Xxcxpark 120 PCS #10 Self Seal Kraft 4-1/8 x 9-1/2 inches Security Envelopes, Windowless Invisible Envelopes Super Strong Quick Seal Envelopes Security Tint Pattern Secure Mailing",2,0.5221456
#10 envelopes without security tint,"500 #9 Security Self-Seal Envelopes, Premium Security Tint Pattern, Ultra Strong Quick-Seal Closure - No Window, EnveGuard, Size 3-7/8 x 8-7/8 Inches - White - 24 LB - 500 Count (30138)",2,0.57789487
#10 envelopes without security tint,"500#10 Single Left Window SELF Seal Security Envelopes, Designed for QuickBooks Invoices & Business Statements, Computer Printed Checks Peel and Seal Flap Number 10 Size 4-1/8 x 9-1/2 Inches, 24 LB",0,0.5054219
#10 envelopes self seal,"Number 10 White Envelopes, Self-Seal, Security Tinted Envelope, no Moisture Required - Windowless - Ideal for Home, Office Secure Mailing - Quick-Seal Closure - 4-1/8 x 9-1/2 Inches - (100)",3,0.6528059
#10 envelopes without security tint,"Number 10 White Envelopes, Self-Seal, Security Tinted Envelope, no Moisture Required - Windowless - Ideal for Home, Office Secure Mailing - Quick-Seal Closure - 4-1/8 x 9-1/2 Inches - (100)",2,0.60732365
manilla envelopes 10x13,"9 X 12 Self-Seal Brown Kraft Catalog Mailing Envelopes - 28lb - 100 Count, 9x12 Inch (38300)",2,0.6194791
clasp envelopes 9 x 12,"Mead Envelopes, Press-It Seal-It, 9"" x 12"", Self Adhesive, Office Pack, Brown Kraft, 25-Pack (76086)",3,0.50005376
#10 envelopes without security tint,"BAZIC Self Seal White Envelope 4 1/8"" x 9 1/2"" #10, No Window Mailing Envelopes, Peel & Seal Mailer for Business Invoice Check (40/Pack), 1-Pack",3,0.609771
#10 envelopes without security tint,"BAZIC Security Self Seal Envelope 3 5/8"" x 6 1/2"" #6, No Window Tint Pattern Mailing Envelopes, Peel & Seal, Office Checks Invoices (55/Pack), 1-Pack",2,0.5532575
#10 envelopes self seal,"Amazon Basics #10 Security Tinted Business Envelopes, Moisture Sealed, 4 1/8-Inch x 9 1/2 Inch - Pack of 500",3,0.5914067
#10 envelopes without security tint,"Amazon Basics #10 Security Tinted Business Envelopes, Moisture Sealed, 4 1/8-Inch x 9 1/2 Inch - Pack of 500",2,0.45556247
#10 standard no tint no window not self seal,"Amazon Basics #10 Security Tinted Business Envelopes, Moisture Sealed, 4 1/8-Inch x 9 1/2 Inch - Pack of 500",0,0.2988944
#10 envelopes self seal,"#10 Security Self-Seal Envelopes, Windowless Design, Premium Security Tint Pattern, Ultra Strong Quick-Seal Closure - EnveGuard - Size 4-1/8 x 9-1/2 Inches - White - 24 LB - 500 Count (34010)",3,0.646068
#10 envelopes without security tint,"#10 Security Self-Seal Envelopes, Windowless Design, Premium Security Tint Pattern, Ultra Strong Quick-Seal Closure - EnveGuard - Size 4-1/8 x 9-1/2 Inches - White - 24 LB - 500 Count (34010)",0,0.55851984
#10 standard no tint no window not self seal,"#10 Security Self-Seal Envelopes, Windowless Design, Premium Security Tint Pattern, Ultra Strong Quick-Seal Closure - EnveGuard - Size 4-1/8 x 9-1/2 Inches - White - 24 LB - 500 Count (34010)",0,0.45660043
#10 envelopes self seal,"#10 Security Tinted Self-Seal Envelopes - No Window - EnveGuard, Size 4-1/8 X 9-1/2 Inches - White - 24 LB - 100 Count (34100)",3,0.67216825
#10 envelopes without security tint,"#10 Security Tinted Self-Seal Envelopes - No Window - EnveGuard, Size 4-1/8 X 9-1/2 Inches - White - 24 LB - 100 Count (34100)",2,0.7486454
#10 standard no tint no window not self seal,"#10 Security Tinted Self-Seal Envelopes - No Window - EnveGuard, Size 4-1/8 X 9-1/2 Inches - White - 24 LB - 100 Count (34100)",3,0.69783247
#10 envelopes self seal,"Mead No.10 Envelopes, Security, Press-it Seal-it, 4-1/8"" X 9-1/2"", White, 45 Per Box (75026)",3,0.7012981
#10 envelopes without security tint,"Mead No.10 Envelopes, Security, Press-it Seal-it, 4-1/8"" X 9-1/2"", White, 45 Per Box (75026)",2,0.50155
#10 envelopes without security tint,500 No. 9 Double Window Security Envelopes - Designed for Quickbooks Invoices and Business Statements with Self Seal Peel and Seal Flap - Number 9 Size 3 7/8 Inch X 8 7/8 Inch,0,0.41398865
#10 standard no tint no window not self seal,500 No. 9 Double Window Security Envelopes - Designed for Quickbooks Invoices and Business Statements with Self Seal Peel and Seal Flap - Number 9 Size 3 7/8 Inch X 8 7/8 Inch,0,0.2739089
#10 envelopes without security tint,500 No. 10 Self Seal Security Envelopes - 10 Envelopes Self Seal Designed for Secure Mailing - Security Tinted with Printer Friendly Design - Number 10 Size 4 1/8 x 9 ½ Inch - Pack of 500,2,0.5687902
#10 standard no tint no window not self seal,500 No. 10 Self Seal Security Envelopes - 10 Envelopes Self Seal Designed for Secure Mailing - Security Tinted with Printer Friendly Design - Number 10 Size 4 1/8 x 9 ½ Inch - Pack of 500,3,0.41354918
#10 envelopes self seal,"Amazon Basics #10 Security-Tinted Self-Seal Business Letter Envelopes, Peel & Seal Closure - 500-Pack, White",3,0.61488295
#10 envelopes without security tint,"Amazon Basics #10 Security-Tinted Self-Seal Business Letter Envelopes, Peel & Seal Closure - 500-Pack, White",2,0.41897896
#10 standard no tint no window not self seal,"Amazon Basics #10 Security-Tinted Self-Seal Business Letter Envelopes, Peel & Seal Closure - 500-Pack, White",3,0.27948803
#10 envelopes without security tint,500 No. 10 Security Envelopes - Gummed Flap - Tamper Proof Design - Security Tinted with Printer Friendly Design - Number 10 Size 4 1/8 x 9 ½ Inch - Pack of 500,3,0.58168733
#10 envelopes without security tint,"500#10 Security White Envelopes - GUMMED Seal, Windowless Design, Premium Security Tint Pattern for Secure Mailing - Size 4-1/8 x 9-1/2 Inches - White - 24 LB - 500 Count (34020)",3,0.55955195
#10 envelopes without security tint,100 No. 10 Self Seal Security Envelopes - Designed for Secure Mailing - Security Tinted with Printer Friendly Design - Number 10 Size 4 1/8 x 9 ½ Inch (100 Pack),2,0.56214213
#10 envelopes without security tint,"EnDoc 10x13 Open End Self Seal Envelopes - Bright White 28lb Heavyweight Paper 10 x 13 Inches Envelope for Home, Mailing Documents, Office, Business, Legal or School - 35 Pack",3,0.42523235
#2 pencils,"Rarlan Wood-Cased #2 HB Pencils, Pre-sharpened, 200 Count Classpack",3,0.61789316
#2 pencils,"Wood-Cased #2 HB Pencils, Yellow, Pre-sharpened, Class Pack, 1000 pencils",3,0.5556351
#2 pencils,"Wood-Cased #2 HB Pencils, Yellow, Pre-sharpened, Class Pack, 320 pencils",3,0.58323836
pencils,"Wood-Cased #2 HB Pencils, Yellow, Pre-sharpened, Class Pack, 320 pencils",3,0.4683546
#2 pencils,"Wood-Cased #2 HB Pencils, Yellow, Pre-sharpened, Class Pack, 576 pencils in box by Madisi",3,0.5934535
pencils,"Wood-Cased #2 HB Pencils, Yellow, Pre-sharpened, Class Pack, 576 pencils in box by Madisi",3,0.5161848
#2 pencils,"TICONDEROGA Pencils, Wood-Cased, Unsharpened, Graphite #2 HB Soft, Yellow, 96-Pack (13872)",3,0.71462786
2b or not 2b,"TICONDEROGA Pencils, Wood-Cased, Unsharpened, Graphite #2 HB Soft, Yellow, 96-Pack (13872)",0,0.2276602
pencil,"TICONDEROGA Pencils, Wood-Cased, Unsharpened, Graphite #2 HB Soft, Yellow, 96-Pack (13872)",3,0.53249407
pencils,"TICONDEROGA Pencils, Wood-Cased, Unsharpened, Graphite #2 HB Soft, Yellow, 96-Pack (13872)",3,0.59959066
pencil,"Ticonderoga Pencils, Wood-Cased Graphite #2 HB Soft, Yellow, 12-Pack (13882)",3,0.50217587
#2 pencils,"Ticonderoga Pencils, Wood-Cased, Graphite #2 HB Soft, Black, 24-Pack (13926)",3,0.6599835
pencil,"Ticonderoga Pencils, Wood-Cased, Graphite #2 HB Soft, Black, 24-Pack (13926)",3,0.51245975
pencils,"Ticonderoga Pencils, Wood-Cased, Graphite #2 HB Soft, Black, 24-Pack (13926)",3,0.5796584
#2 pencils,"Dixon No. 2 Yellow Pencils, Wood-Cased, Black Core, #2 HB Soft, 12-Count (14402)",3,0.70650154
pencil,"Dixon No. 2 Yellow Pencils, Wood-Cased, Black Core, #2 HB Soft, 12-Count (14402)",3,0.46009833
pencils,"Dixon No. 2 Yellow Pencils, Wood-Cased, Black Core, #2 HB Soft, 12-Count (14402)",3,0.5279119
fun pencils,"Dixon Ticonderoga No.2 Pencils, Assorted Neon, 10-Pack",2,0.38530213
Pockets on both sides. Brown leather. Extra large. ,"PLUS PLUS - 240 Piece Basic Mix - Construction Building Stem/Steam Toy, Mini Puzzle Blocks for Kids",0,0.15777239
0o days without sarcasm shirt,People Who Tolerate Me On A Daily Basis T Shirt L Black,2,0.27759972
I want a long jacket that comes to mid leg in a dark colour and very warm,People Who Tolerate Me On A Daily Basis T Shirt L Black,0,0.48685822
listen without prejudice shirt,People Who Tolerate Me On A Daily Basis T Shirt L Black,2,0.33978188
"no, pepsi is not ok",People Who Tolerate Me On A Daily Basis T Shirt L Black,0,0.09721024
the all american rejects shirt,People Who Tolerate Me On A Daily Basis T Shirt L Black,2,0.28737086
you can adopt without debt,People Who Tolerate Me On A Daily Basis T Shirt L Black,0,0.30995274
you cannot start without me,People Who Tolerate Me On A Daily Basis T Shirt L Black,0,0.37363875
macbook pro charger usb c apple,"Anker Hub de datos ultra delgado con 4 puertos USB3.0 con cable extendido de 2 pies ordenador portátil, unidades flash USB, disco duro móvil y más",0,0.57047033
macbook pro charger usb c apple,"Anker 4-Port USB 3.0 Hub, Ultra-Slim Data USB Hub with 2 ft Extended Cable [Charging Not Supported], for MacBook, Mac Pro, Mac mini, iMac, Surface Pro, XPS, PC, Flash Drive, Mobile HDD",0,0.7497193
ps/2 keyboard wireless adapter,"Anker Hub de datos ultra delgado con 4 puertos USB3.0 con cable extendido de 2 pies ordenador portátil, unidades flash USB, disco duro móvil y más",0,0.50663674
ps/2 keyboard wireless adapter,"Anker 4-Port USB 3.0 Hub, Ultra-Slim Data USB Hub with 2 ft Extended Cable [Charging Not Supported], for MacBook, Mac Pro, Mac mini, iMac, Surface Pro, XPS, PC, Flash Drive, Mobile HDD",0,0.54553413
0o days without sarcasm shirt,When This Virus is Over Graphic Novelty Sarcastic Funny T Shirt XL Black,0,0.27169096
"I want a laptop that is light weight, but can handle all of my daily needs.",When This Virus is Over Graphic Novelty Sarcastic Funny T Shirt XL Black,0,0.25383535
I want a replacement chrome book with a touch screen. So really it would be an upgrade. I want a large screen and a good memory ,When This Virus is Over Graphic Novelty Sarcastic Funny T Shirt XL Black,0,0.40228605
I want to get fancier one than the laptop I had. I think I want one of the ones with a touchscreen that folds in different ways,When This Virus is Over Graphic Novelty Sarcastic Funny T Shirt XL Black,0,0.40567362
Like to have Google chrome on it. Must not be a notebook laptop. Like lots of memory. Latest running systems on it,When This Virus is Over Graphic Novelty Sarcastic Funny T Shirt XL Black,0,0.39705873
The jacket I would choose as a replacement is a leather jacket ,When This Virus is Over Graphic Novelty Sarcastic Funny T Shirt XL Black,0,0.32923526
a trapezoid is not a dinosaur,When This Virus is Over Graphic Novelty Sarcastic Funny T Shirt XL Black,0,0.122152224
biden not my president,When This Virus is Over Graphic Novelty Sarcastic Funny T Shirt XL Black,0,0.19983733
crusader without violence,When This Virus is Over Graphic Novelty Sarcastic Funny T Shirt XL Black,0,0.09811081
dont sit on my lunch,When This Virus is Over Graphic Novelty Sarcastic Funny T Shirt XL Black,0,0.19413672
fish are friends not food,When This Virus is Over Graphic Novelty Sarcastic Funny T Shirt XL Black,0,0.29189593
girls invented punk rock not england shirt,When This Virus is Over Graphic Novelty Sarcastic Funny T Shirt XL Black,2,0.27866483
golden doodles merchandise funny,When This Virus is Over Graphic Novelty Sarcastic Funny T Shirt XL Black,3,0.55269367
i got my fauci ouchi shirt,When This Virus is Over Graphic Novelty Sarcastic Funny T Shirt XL Black,2,0.23969664
i was not the blossom,When This Virus is Over Graphic Novelty Sarcastic Funny T Shirt XL Black,2,0.20416641
listen without prejudice shirt,When This Virus is Over Graphic Novelty Sarcastic Funny T Shirt XL Black,2,0.14517091
"no, pepsi is not ok",When This Virus is Over Graphic Novelty Sarcastic Funny T Shirt XL Black,2,0.39025602
probably something that has a good amd ryzen processor in it with metal build quality and a nice va panel screen  ,When This Virus is Over Graphic Novelty Sarcastic Funny T Shirt XL Black,0,0.43036342
the all american rejects shirt,When This Virus is Over Graphic Novelty Sarcastic Funny T Shirt XL Black,2,0.4076504
the north is not enough t,When This Virus is Over Graphic Novelty Sarcastic Funny T Shirt XL Black,2,0.3756153
watch the game not your phone tshirt,When This Virus is Over Graphic Novelty Sarcastic Funny T Shirt XL Black,2,0.19375017
wkrp in cincinnati t shirt,When This Virus is Over Graphic Novelty Sarcastic Funny T Shirt XL Black,3,0.30210784
you cannot start without me,When This Virus is Over Graphic Novelty Sarcastic Funny T Shirt XL Black,0,0.19794035
(travel size) juillet has a gun perfume not a perfume,"Juliette Has a Gun Not A Perfume Eau de Parfum Spray, 0.25 Fl Oz",3,0.86459744
juliette has a gun not a perfume eau de parfum spray,"Juliette Has a Gun Not A Perfume Eau de Parfum Spray, 0.25 Fl Oz",3,0.94480056
juliette has a gun not a perfume travel spray,"Juliette Has a Gun Not A Perfume Eau de Parfum Spray, 0.25 Fl Oz",3,0.91143966
(if you’re not in it for love) i’m outta here!,I Got Your Back Graphic Novelty Sarcastic Funny T Shirt XL Black1,0,0.47421956
-it's not love i'm drunk tshirt,I Got Your Back Graphic Novelty Sarcastic Funny T Shirt XL Black1,2,0.4383229
I want a long jacket that comes to mid leg in a dark colour and very warm,I Got Your Back Graphic Novelty Sarcastic Funny T Shirt XL Black1,0,0.55103546
I want a replacement chrome book with a touch screen. So really it would be an upgrade. I want a large screen and a good memory ,I Got Your Back Graphic Novelty Sarcastic Funny T Shirt XL Black1,0,0.45271176
I want to get fancier one than the laptop I had. I think I want one of the ones with a touchscreen that folds in different ways,I Got Your Back Graphic Novelty Sarcastic Funny T Shirt XL Black1,0,0.44688356
I would want a my replacement to be a Camo print jacket. Since i never had a Camo print jacket me picking this out as a replacement works. ,I Got Your Back Graphic Novelty Sarcastic Funny T Shirt XL Black1,0,0.47925586
absolutely not woke shirt,I Got Your Back Graphic Novelty Sarcastic Funny T Shirt XL Black1,3,0.21291688
dark humor is like food not everyone gets it,I Got Your Back Graphic Novelty Sarcastic Funny T Shirt XL Black1,0,0.50362134
drink water not coke shirt,I Got Your Back Graphic Novelty Sarcastic Funny T Shirt XL Black1,2,0.12958544
error 404 not found,I Got Your Back Graphic Novelty Sarcastic Funny T Shirt XL Black1,0,0.3569732
i got my fauci ouchi shirt,I Got Your Back Graphic Novelty Sarcastic Funny T Shirt XL Black1,2,0.42603245
i want a warm jacket with a hood and that is waterproof and black or dark coloured like navy,I Got Your Back Graphic Novelty Sarcastic Funny T Shirt XL Black1,0,0.47566566
impractical jokers merchandise,I Got Your Back Graphic Novelty Sarcastic Funny T Shirt XL Black1,2,0.4446844
"no, pepsi is not ok",I Got Your Back Graphic Novelty Sarcastic Funny T Shirt XL Black1,0,0.33409804
-it's not love i'm drunk tshirt,Paused My Game Graphic Novelty Sarcastic Funny T Shirt L Black,0,0.4867942
dinosaur shirt adult,Paused My Game Graphic Novelty Sarcastic Funny T Shirt L Black,2,0.18049012
kentheman might not like it,Paused My Game Graphic Novelty Sarcastic Funny T Shirt L Black,0,0.44113576
"'vaccinated, because i'm not an idiot' t shirt",This is Not A Drill Graphic Novelty Sarcastic Funny T Shirt XL Dusk,2,0.6367198
(if you’re not in it for love) i’m outta here!,This is Not A Drill Graphic Novelty Sarcastic Funny T Shirt XL Dusk,0,0.5064428
I would choose a jacket that is warm but versatile with a hood. Perhaps a jacket that could be worn for multiple seasons.,This is Not A Drill Graphic Novelty Sarcastic Funny T Shirt XL Dusk,1,0.35531056
The jacket I would choose as a replacement is a leather jacket ,This is Not A Drill Graphic Novelty Sarcastic Funny T Shirt XL Dusk,0,0.28755358
ellington was not a street,This is Not A Drill Graphic Novelty Sarcastic Funny T Shirt XL Dusk,0,0.7224866
i may not have a phd,This is Not A Drill Graphic Novelty Sarcastic Funny T Shirt XL Dusk,0,0.5360027
kentheman might not like it,This is Not A Drill Graphic Novelty Sarcastic Funny T Shirt XL Dusk,0,0.4984011
listen without prejudice shirt,This is Not A Drill Graphic Novelty Sarcastic Funny T Shirt XL Dusk,2,0.51806545
something they will not forget,This is Not A Drill Graphic Novelty Sarcastic Funny T Shirt XL Dusk,2,0.37293613
0o days without sarcasm shirt,People Who Think The Know Graphic Novelty Sarcastic Funny T Shirt XL Black,2,0.24246602
I would choose a jacket that is warm but versatile with a hood. Perhaps a jacket that could be worn for multiple seasons.,People Who Think The Know Graphic Novelty Sarcastic Funny T Shirt XL Black,0,0.41729236
Its just a light weight everyday jacket that washes easy. It was inexpensive and so comfy,People Who Think The Know Graphic Novelty Sarcastic Funny T Shirt XL Black,0,0.2689092
do not read the next sentence,People Who Think The Know Graphic Novelty Sarcastic Funny T Shirt XL Black,0,0.25106454
listen without prejudice shirt,People Who Think The Know Graphic Novelty Sarcastic Funny T Shirt XL Black,2,0.20566368
some things just fill your heart without trying,People Who Think The Know Graphic Novelty Sarcastic Funny T Shirt XL Black,2,0.2963866
watch the game not your phone tshirt,People Who Think The Know Graphic Novelty Sarcastic Funny T Shirt XL Black,2,0.19261757
you cannot start without me,People Who Think The Know Graphic Novelty Sarcastic Funny T Shirt XL Black,0,0.20970908
crusader without violence,Disagree Graphic Novelty Sarcastic Funny T Shirt XL Black,0,0.18477607
i want a warm jacket with a hood and that is waterproof and black or dark coloured like navy,Disagree Graphic Novelty Sarcastic Funny T Shirt XL Black,0,0.46369714
listen without prejudice shirt,Disagree Graphic Novelty Sarcastic Funny T Shirt XL Black,2,0.22478366
some things just fill your heart without trying,Disagree Graphic Novelty Sarcastic Funny T Shirt XL Black,0,0.28174496
the north is not enough t,Disagree Graphic Novelty Sarcastic Funny T Shirt XL Black,0,0.5026097
''i am here for a good time not a log time'' sticker,Not Lazy Enjoy Doing Nothing Graphic Novelty Sarcastic Funny T Shirt XL Black,0,0.58511233
"'vaccinated, because i'm not an idiot' t shirt",Not Lazy Enjoy Doing Nothing Graphic Novelty Sarcastic Funny T Shirt XL Black,2,0.4654093
0o days without sarcasm shirt,Not Lazy Enjoy Doing Nothing Graphic Novelty Sarcastic Funny T Shirt XL Black,2,0.4892882
born to die just not today,Not Lazy Enjoy Doing Nothing Graphic Novelty Sarcastic Funny T Shirt XL Black,0,0.3238809
talk to plants not cops,Not Lazy Enjoy Doing Nothing Graphic Novelty Sarcastic Funny T Shirt XL Black,0,0.44338125
0o days without sarcasm shirt,Some People Just Need A Pat On The Back T Shirt XL Black,2,0.27359173
born to die just not today,Some People Just Need A Pat On The Back T Shirt XL Black,3,0.23617361
the all american rejects shirt,Some People Just Need A Pat On The Back T Shirt XL Black,2,0.3921609
the north is not enough t,Some People Just Need A Pat On The Back T Shirt XL Black,0,0.27495995
watch the game not your phone tshirt,Some People Just Need A Pat On The Back T Shirt XL Black,0,0.1521377
"'vaccinated, because i'm not an idiot' t shirt",Never Forget Graphic Novelty Sarcastic Funny T Shirt L Charcoal,2,0.3224014
(if you’re not in it for love) i’m outta here!,Never Forget Graphic Novelty Sarcastic Funny T Shirt L Charcoal,0,0.36709124
I want to get fancier one than the laptop I had. I think I want one of the ones with a touchscreen that folds in different ways,Never Forget Graphic Novelty Sarcastic Funny T Shirt L Charcoal,0,0.4599305
absolutely not woke shirt,Never Forget Graphic Novelty Sarcastic Funny T Shirt L Charcoal,2,0.18157023
chiefs tshirt teens,Never Forget Graphic Novelty Sarcastic Funny T Shirt L Charcoal,0,0.37380415
dark humor is like food not everyone gets it,Never Forget Graphic Novelty Sarcastic Funny T Shirt L Charcoal,2,0.51061946
dont sit on my lunch,Never Forget Graphic Novelty Sarcastic Funny T Shirt L Charcoal,0,0.20979722
ellington was not a street,Never Forget Graphic Novelty Sarcastic Funny T Shirt L Charcoal,0,0.1135536
i got my fauci ouchi shirt,Never Forget Graphic Novelty Sarcastic Funny T Shirt L Charcoal,2,0.33515707
"no, pepsi is not ok",Never Forget Graphic Novelty Sarcastic Funny T Shirt L Charcoal,0,0.3220186
some things just fill your heart without trying,Never Forget Graphic Novelty Sarcastic Funny T Shirt L Charcoal,0,0.3305142
the north is not enough t,Never Forget Graphic Novelty Sarcastic Funny T Shirt L Charcoal,2,0.32998747
watch the game not your phone tshirt,Never Forget Graphic Novelty Sarcastic Funny T Shirt L Charcoal,0,0.19436114
you cannot start without me,Never Forget Graphic Novelty Sarcastic Funny T Shirt L Charcoal,0,0.25322688
"'vaccinated, because i'm not an idiot' t shirt",A Word Boring People Use Graphic Novelty Sarcastic Funny T Shirt XL Black,1,0.265567
(if you’re not in it for love) i’m outta here!,A Word Boring People Use Graphic Novelty Sarcastic Funny T Shirt XL Black,3,0.45857295
listen without prejudice shirt,A Word Boring People Use Graphic Novelty Sarcastic Funny T Shirt XL Black,2,0.20138298
watch the game not your phone tshirt,A Word Boring People Use Graphic Novelty Sarcastic Funny T Shirt XL Black,0,0.28688407
-it's not love i'm drunk tshirt,All Fun and Games Graphic Novelty T Shirt XL Charcoal,2,0.26433533
0o days without sarcasm shirt,All Fun and Games Graphic Novelty T Shirt XL Charcoal,0,0.24923605
Its just a light weight everyday jacket that washes easy. It was inexpensive and so comfy,All Fun and Games Graphic Novelty T Shirt XL Charcoal,0,0.4167086
The jacket I would choose as a replacement is a leather jacket ,All Fun and Games Graphic Novelty T Shirt XL Charcoal,0,0.40672165
listen without prejudice shirt,All Fun and Games Graphic Novelty T Shirt XL Charcoal,2,0.330994
probably something that has a good amd ryzen processor in it with metal build quality and a nice va panel screen  ,All Fun and Games Graphic Novelty T Shirt XL Charcoal,0,0.5103996
some things just fill your heart without trying,All Fun and Games Graphic Novelty T Shirt XL Charcoal,0,0.33582327
the all american rejects shirt,All Fun and Games Graphic Novelty T Shirt XL Charcoal,3,0.30361006
watch the game not your phone tshirt,All Fun and Games Graphic Novelty T Shirt XL Charcoal,2,0.2533454
you cannot start without me,All Fun and Games Graphic Novelty T Shirt XL Charcoal,0,0.26897797
(travel size) juillet has a gun perfume not a perfume,"Juliette Has A Gun Not A Perfume Eau de Parfum Spray, 3.3 Fl Oz",3,0.85216564
"I would want a Windows laptop that is small and thin but has a ssd hard drive, 8gb ram and good graphics. I want a quick and reliable machine. ","Juliette Has A Gun Not A Perfume Eau de Parfum Spray, 3.3 Fl Oz",0,0.24615443
juliette has a gun not a perfume eau de parfum spray,"Juliette Has A Gun Not A Perfume Eau de Parfum Spray, 3.3 Fl Oz",3,0.9209227
juliette has a gun not a perfume travel spray,"Juliette Has A Gun Not A Perfume Eau de Parfum Spray, 3.3 Fl Oz",3,0.8844619
"'vaccinated, because i'm not an idiot' t shirt",Feelin Good Tees My Opinion Offended You Adult Humor T Shirt XL Black,2,0.31958315
-a house is not a home without a dog shirt,Feelin Good Tees My Opinion Offended You Adult Humor T Shirt XL Black,0,0.2239598
-it's not love i'm drunk tshirt,Feelin Good Tees My Opinion Offended You Adult Humor T Shirt XL Black,2,0.63868916
0o days without sarcasm shirt,Feelin Good Tees My Opinion Offended You Adult Humor T Shirt XL Black,2,0.36435407
I want to get fancier one than the laptop I had. I think I want one of the ones with a touchscreen that folds in different ways,Feelin Good Tees My Opinion Offended You Adult Humor T Shirt XL Black,0,0.40954906
"I would just like to have a jacket with pockets, and is light and plain looking; no flashy colors.",Feelin Good Tees My Opinion Offended You Adult Humor T Shirt XL Black,0,0.31490278
Like to have Google chrome on it. Must not be a notebook laptop. Like lots of memory. Latest running systems on it,Feelin Good Tees My Opinion Offended You Adult Humor T Shirt XL Black,0,0.41646832
The jacket I would choose as a replacement is a leather jacket ,Feelin Good Tees My Opinion Offended You Adult Humor T Shirt XL Black,0,0.39416847
alkaline trio is this thing cursed,Feelin Good Tees My Opinion Offended You Adult Humor T Shirt XL Black,0,0.6338108
biden not my president,Feelin Good Tees My Opinion Offended You Adult Humor T Shirt XL Black,0,0.35547772
born to die just not today,Feelin Good Tees My Opinion Offended You Adult Humor T Shirt XL Black,0,0.30410635
crusader without violence,Feelin Good Tees My Opinion Offended You Adult Humor T Shirt XL Black,0,0.16457865
dadorlian shirt,Feelin Good Tees My Opinion Offended You Adult Humor T Shirt XL Black,2,0.245575
dark humor is like food not everyone gets it,Feelin Good Tees My Opinion Offended You Adult Humor T Shirt XL Black,0,0.621014
dinosaurs not the momma toy,Feelin Good Tees My Opinion Offended You Adult Humor T Shirt XL Black,0,0.2733428
do not read the next sentence,Feelin Good Tees My Opinion Offended You Adult Humor T Shirt XL Black,2,0.36565357
do not worry about anything,Feelin Good Tees My Opinion Offended You Adult Humor T Shirt XL Black,0,0.17690074
ellington was not a street,Feelin Good Tees My Opinion Offended You Adult Humor T Shirt XL Black,0,0.17660432
error 404 not found,Feelin Good Tees My Opinion Offended You Adult Humor T Shirt XL Black,0,0.46052122
girls invented punk rock not england shirt,Feelin Good Tees My Opinion Offended You Adult Humor T Shirt XL Black,2,0.30317497
golden doodles merchandise funny,Feelin Good Tees My Opinion Offended You Adult Humor T Shirt XL Black,0,0.47426087
i got my fauci ouchi shirt,Feelin Good Tees My Opinion Offended You Adult Humor T Shirt XL Black,3,0.3029881
i was not the blossom,Feelin Good Tees My Opinion Offended You Adult Humor T Shirt XL Black,2,0.3270499
im not the one to put on speaker phone,Feelin Good Tees My Opinion Offended You Adult Humor T Shirt XL Black,0,0.25438312
listen without prejudice shirt,Feelin Good Tees My Opinion Offended You Adult Humor T Shirt XL Black,2,0.24412772
"no, pepsi is not ok",Feelin Good Tees My Opinion Offended You Adult Humor T Shirt XL Black,0,0.49031532
some things just fill your heart without trying,Feelin Good Tees My Opinion Offended You Adult Humor T Shirt XL Black,0,0.28314814
the north is not enough t,Feelin Good Tees My Opinion Offended You Adult Humor T Shirt XL Black,2,0.4453142
watch the game not your phone tshirt,Feelin Good Tees My Opinion Offended You Adult Humor T Shirt XL Black,2,0.26461685
wkrp in cincinnati t shirt,Feelin Good Tees My Opinion Offended You Adult Humor T Shirt XL Black,2,0.3615569
you can adopt without debt,Feelin Good Tees My Opinion Offended You Adult Humor T Shirt XL Black,0,0.18613485
"'vaccinated, because i'm not an idiot' t shirt",I'm Fine Graphic Novelty Sarcastic Funny T Shirt L Ash,2,0.4182689
-it's not love i'm drunk tshirt,I'm Fine Graphic Novelty Sarcastic Funny T Shirt L Ash,0,0.49521723
.i'm a dreamer but i not the only one dragonfly,I'm Fine Graphic Novelty Sarcastic Funny T Shirt L Ash,0,0.42781115
13.5 reasons why not to be a liberal,I'm Fine Graphic Novelty Sarcastic Funny T Shirt L Ash,0,0.343823
I am going to buy a laptop with large memory capacity and a well known brand.,I'm Fine Graphic Novelty Sarcastic Funny T Shirt L Ash,0,0.26676702
I want a long jacket that comes to mid leg in a dark colour and very warm,I'm Fine Graphic Novelty Sarcastic Funny T Shirt L Ash,0,0.5825744
Like to have Google chrome on it. Must not be a notebook laptop. Like lots of memory. Latest running systems on it,I'm Fine Graphic Novelty Sarcastic Funny T Shirt L Ash,0,0.3735335
The jacket I would choose as a replacement is a leather jacket ,I'm Fine Graphic Novelty Sarcastic Funny T Shirt L Ash,0,0.31852755
absolutely not woke shirt,I'm Fine Graphic Novelty Sarcastic Funny T Shirt L Ash,0,0.25346082
born to die just not today,I'm Fine Graphic Novelty Sarcastic Funny T Shirt L Ash,0,0.2647618
drink water not coke shirt,I'm Fine Graphic Novelty Sarcastic Funny T Shirt L Ash,0,0.21422286
eat veggies not friends,I'm Fine Graphic Novelty Sarcastic Funny T Shirt L Ash,0,0.25522923
ellington was not a street,I'm Fine Graphic Novelty Sarcastic Funny T Shirt L Ash,0,0.15083924
girls invented punk rock not england shirt,I'm Fine Graphic Novelty Sarcastic Funny T Shirt L Ash,2,0.3779653
i got my fauci ouchi shirt,I'm Fine Graphic Novelty Sarcastic Funny T Shirt L Ash,2,0.43164986
i may not have a phd,I'm Fine Graphic Novelty Sarcastic Funny T Shirt L Ash,0,0.29993582
i see without my eyes,I'm Fine Graphic Novelty Sarcastic Funny T Shirt L Ash,0,0.30254024
i was not the blossom,I'm Fine Graphic Novelty Sarcastic Funny T Shirt L Ash,0,0.2603985
"no, pepsi is not ok",I'm Fine Graphic Novelty Sarcastic Funny T Shirt L Ash,0,0.39860448
people not puzzles shirt,I'm Fine Graphic Novelty Sarcastic Funny T Shirt L Ash,2,0.19967437
the all american rejects shirt,I'm Fine Graphic Novelty Sarcastic Funny T Shirt L Ash,2,0.4419822
the north is not enough t,I'm Fine Graphic Novelty Sarcastic Funny T Shirt L Ash,3,0.35507494
though shall not pass,I'm Fine Graphic Novelty Sarcastic Funny T Shirt L Ash,0,0.26552415
wkrp in cincinnati t shirt,I'm Fine Graphic Novelty Sarcastic Funny T Shirt L Ash,2,0.4774323
you can adopt without debt,I'm Fine Graphic Novelty Sarcastic Funny T Shirt L Ash,0,0.34841812
you cannot start without me,I'm Fine Graphic Novelty Sarcastic Funny T Shirt L Ash,0,0.24914774
"'vaccinated, because i'm not an idiot' t shirt",Currently Unsupervised Novelty Graphic Sarcastic Funny T Shirt XL Black,1,0.39297384
-it's not love i'm drunk tshirt,Currently Unsupervised Novelty Graphic Sarcastic Funny T Shirt XL Black,2,0.6015275
0o days without sarcasm shirt,Currently Unsupervised Novelty Graphic Sarcastic Funny T Shirt XL Black,0,0.5444077
I want a long jacket that comes to mid leg in a dark colour and very warm,Currently Unsupervised Novelty Graphic Sarcastic Funny T Shirt XL Black,0,0.4663076
I want to get fancier one than the laptop I had. I think I want one of the ones with a touchscreen that folds in different ways,Currently Unsupervised Novelty Graphic Sarcastic Funny T Shirt XL Black,0,0.39077336
I would choose a jacket that is warm but versatile with a hood. Perhaps a jacket that could be worn for multiple seasons.,Currently Unsupervised Novelty Graphic Sarcastic Funny T Shirt XL Black,0,0.35924977
I would want a my replacement to be a Camo print jacket. Since i never had a Camo print jacket me picking this out as a replacement works. ,Currently Unsupervised Novelty Graphic Sarcastic Funny T Shirt XL Black,0,0.51277035
Its just a light weight everyday jacket that washes easy. It was inexpensive and so comfy,Currently Unsupervised Novelty Graphic Sarcastic Funny T Shirt XL Black,0,0.30009985
born to die just not today,Currently Unsupervised Novelty Graphic Sarcastic Funny T Shirt XL Black,0,0.4159984
but what is grief if not love persevering shirt,Currently Unsupervised Novelty Graphic Sarcastic Funny T Shirt XL Black,2,0.5294126
crusader without violence,Currently Unsupervised Novelty Graphic Sarcastic Funny T Shirt XL Black,0,0.32684577
drink water not coke shirt,Currently Unsupervised Novelty Graphic Sarcastic Funny T Shirt XL Black,2,0.42216974
ellington was not a street,Currently Unsupervised Novelty Graphic Sarcastic Funny T Shirt XL Black,0,0.40532595
girls invented punk rock not england shirt,Currently Unsupervised Novelty Graphic Sarcastic Funny T Shirt XL Black,2,0.37489235
i am looking for an olive green fur coat that has a cheetah print on it. it is a long jacket with buttons. ,Currently Unsupervised Novelty Graphic Sarcastic Funny T Shirt XL Black,0,0.35806108
i got my fauci ouchi shirt,Currently Unsupervised Novelty Graphic Sarcastic Funny T Shirt XL Black,3,0.21261078
i may not have a phd,Currently Unsupervised Novelty Graphic Sarcastic Funny T Shirt XL Black,0,0.42646772
i want a warm jacket with a hood and that is waterproof and black or dark coloured like navy,Currently Unsupervised Novelty Graphic Sarcastic Funny T Shirt XL Black,0,0.45496744
i was not the blossom,Currently Unsupervised Novelty Graphic Sarcastic Funny T Shirt XL Black,0,0.4835831
im not the one to put on speaker phone,Currently Unsupervised Novelty Graphic Sarcastic Funny T Shirt XL Black,0,0.42465764
listen without prejudice shirt,Currently Unsupervised Novelty Graphic Sarcastic Funny T Shirt XL Black,2,0.30215836
"no, pepsi is not ok",Currently Unsupervised Novelty Graphic Sarcastic Funny T Shirt XL Black,0,0.58363193
some things just fill your heart without trying,Currently Unsupervised Novelty Graphic Sarcastic Funny T Shirt XL Black,0,0.3441494
watch the game not your phone tshirt,Currently Unsupervised Novelty Graphic Sarcastic Funny T Shirt XL Black,2,0.4329329
wkrp in cincinnati t shirt,Currently Unsupervised Novelty Graphic Sarcastic Funny T Shirt XL Black,0,0.3111408
wyatt earp in san diego,Currently Unsupervised Novelty Graphic Sarcastic Funny T Shirt XL Black,0,0.14039174
you can adopt without debt,Currently Unsupervised Novelty Graphic Sarcastic Funny T Shirt XL Black,2,0.27720654
you cannot start without me,Currently Unsupervised Novelty Graphic Sarcastic Funny T Shirt XL Black,3,0.26643994
I want to get fancier one than the laptop I had. I think I want one of the ones with a touchscreen that folds in different ways,Enough Social Interaction Graphic Novelty T Shirt XL Black,0,0.47984958
girls invented punk rock not england shirt,Enough Social Interaction Graphic Novelty T Shirt XL Black,2,0.24193643
the all american rejects shirt,Enough Social Interaction Graphic Novelty T Shirt XL Black,0,0.3069117
(if you’re not in it for love) i’m outta here!,Well That's Not A Good Sign Adult Humor Graphic Novelty Sarcastic Funny T Shirt XL Black,0,0.53338456
.i'm a dreamer but i not the only one dragonfly,Well That's Not A Good Sign Adult Humor Graphic Novelty Sarcastic Funny T Shirt XL Black,0,0.34590727
"I want a laptop that is light weight, but can handle all of my daily needs.",Well That's Not A Good Sign Adult Humor Graphic Novelty Sarcastic Funny T Shirt XL Black,0,0.27350965
I want to get fancier one than the laptop I had. I think I want one of the ones with a touchscreen that folds in different ways,Well That's Not A Good Sign Adult Humor Graphic Novelty Sarcastic Funny T Shirt XL Black,0,0.36825213
I would want a my replacement to be a Camo print jacket. Since i never had a Camo print jacket me picking this out as a replacement works. ,Well That's Not A Good Sign Adult Humor Graphic Novelty Sarcastic Funny T Shirt XL Black,0,0.47209254
Like to have Google chrome on it. Must not be a notebook laptop. Like lots of memory. Latest running systems on it,Well That's Not A Good Sign Adult Humor Graphic Novelty Sarcastic Funny T Shirt XL Black,0,0.5005946
The jacket I would choose as a replacement is a leather jacket ,Well That's Not A Good Sign Adult Humor Graphic Novelty Sarcastic Funny T Shirt XL Black,0,0.3433781
absolutely not woke shirt,Well That's Not A Good Sign Adult Humor Graphic Novelty Sarcastic Funny T Shirt XL Black,2,0.469964
born to die just not today,Well That's Not A Good Sign Adult Humor Graphic Novelty Sarcastic Funny T Shirt XL Black,0,0.40007004
drink water not coke shirt,Well That's Not A Good Sign Adult Humor Graphic Novelty Sarcastic Funny T Shirt XL Black,0,0.43107453
ellington was not a street,Well That's Not A Good Sign Adult Humor Graphic Novelty Sarcastic Funny T Shirt XL Black,0,0.4026677
girls invented punk rock not england shirt,Well That's Not A Good Sign Adult Humor Graphic Novelty Sarcastic Funny T Shirt XL Black,2,0.33551455
"no, pepsi is not ok",Well That's Not A Good Sign Adult Humor Graphic Novelty Sarcastic Funny T Shirt XL Black,0,0.63481635
something they will not forget,Well That's Not A Good Sign Adult Humor Graphic Novelty Sarcastic Funny T Shirt XL Black,0,0.1782653
talk to plants not cops,Well That's Not A Good Sign Adult Humor Graphic Novelty Sarcastic Funny T Shirt XL Black,0,0.38283855
watch the game not your phone tshirt,Well That's Not A Good Sign Adult Humor Graphic Novelty Sarcastic Funny T Shirt XL Black,0,0.40891492
do not enter signs for bedroom door,"WSNIHO Do Not Disturb Door Hanger Sign, Door Knocker Please Note Sign for Keeping Away Strangers (10 x 5 inches)",0,0.5631515
- hanging do not enter,"WSNIHO Do Not Disturb Door Sign, Double Sided Decorative Wood Sign for Home, Offices, Clinics, Law Firms, Hotels or During Therapy, Spa Treatment, Counseling Sessions (10""x 5"")",3,0.18760777
do not enter signs for bedroom door,"WSNIHO Do Not Disturb Door Sign, Double Sided Decorative Wood Sign for Home, Offices, Clinics, Law Firms, Hotels or During Therapy, Spa Treatment, Counseling Sessions (10""x 5"")",2,0.39119527
do not knock working from home,"WSNIHO Do Not Disturb Door Sign, Double Sided Decorative Wood Sign for Home, Offices, Clinics, Law Firms, Hotels or During Therapy, Spa Treatment, Counseling Sessions (10""x 5"")",3,0.51469684
do not enter signs for bedroom door,"Business Design Do Not Disturb and Welcome Please Knock Door Hanger Sign, 2 Pack, Double Sided, Ideal for Offices, Online Sessions and Meetings, Online Classes, Home Offices, Recording",2,0.28712383
do not enter signs for bedroom door,"Business Design Do Not Disturb Door Hanger Sign, 2 Pack, Double Sided, Ideal for Offices, Online Meetings and Sessions, Online Classes, Home Offices",3,0.29249057
do not knock working from home,"Business Design Do Not Disturb Door Hanger Sign, 2 Pack, Double Sided, Ideal for Offices, Online Meetings and Sessions, Online Classes, Home Offices",2,0.46780002
do not enter signs for bedroom door,"Do Not Disturb Door Hanger Sign 2 Pack (Black/White Double Sided) Please Do Not Disturb on Front and Welcome Please Knock on Back Side, for Office Home Clinic Dorm Online Class and Meeting Session",2,0.46823698
- hanging do not enter,"Do Not Disturb Door Hanger Sign, 2 Pack (Printed on Both Sides), 9.3″x3.5″PVC Plastic, Please Do Not Disturb Sign for Home, Office, Hotel, Bathroom, Bedroom, Pumping, Breastfeeding, Therapists, Clinic",2,0.30840957
do not enter signs for bedroom door,"Do Not Disturb Sign, Privacy Sign, Please Knock Sign for Home Office Restroom Conference Hospital Hospital, Non-Scratch Magnetic Slider Door Indicator Signs, 7'' x 2'' - Silver",3,0.43862545
do not knock working from home,Do Not Disturb Privacy Double Sided Sign for the Office Cubicle Desk or Personal Room,0,0.60230553
do not enter signs for bedroom door,"Do Not Disturb Door Hanger Sign 2 Pack (Black and White, Double Sided) Please Do Not Disturb on Front and Back Side, Ideal for Office Home Clinic Dorm Online Class and Meeting Session",3,0.43479252
do not knock working from home,"Kichwit Privacy Sign, Do Not Disturb Sign, Out of Office Sign, Please Knock Sign, In a Meeting Sign, Office Sign, Conference Sign for Offices, 5 Inch, Black",2,0.4118368
do not knock working from home,"Mom, I Want to Hear Your Story: A Mother’s Guided Journal To Share Her Life & Her Love (Hear Your Story Books)",0,0.22007048
journal for women,"Mom, I Want to Hear Your Story: A Mother’s Guided Journal To Share Her Life & Her Love (Hear Your Story Books)",3,0.49977964
juvias place foundation,BS-MALL Makeup Brush Set 18 Pcs Premium Synthetic Foundation Powder Concealers Eye shadows Blush Makeup Brushes with black case (Champagne Gold),1,0.095544234
foot mask,Foot Peel Mask 3 Pack， Exfoliator Peel Off Calluses Dead Skin Callus Remover，Baby Soft Smooth Touch Feet-Men Women (Lavender),3,0.2682113
foot peel,Foot Peel Mask 3 Pack， Exfoliator Peel Off Calluses Dead Skin Callus Remover，Baby Soft Smooth Touch Feet-Men Women (Lavender),3,0.37163085
dremel cleaning tool,"Holikme 20Piece Drill Brush Attachments Set, Scrub Pads & Sponge, Buffing Pads, Power Scrubber Brush with Extend Long Attachment, Car Polishing Pad Kit",2,0.5472301
powerful no wire steam cleaner for car,"Holikme 20Piece Drill Brush Attachments Set, Scrub Pads & Sponge, Buffing Pads, Power Scrubber Brush with Extend Long Attachment, Car Polishing Pad Kit",3,0.4189763
restore/ion,"Holikme 20Piece Drill Brush Attachments Set, Scrub Pads & Sponge, Buffing Pads, Power Scrubber Brush with Extend Long Attachment, Car Polishing Pad Kit",0,0.23036744
scotch brite drill wheel,"Holikme 20Piece Drill Brush Attachments Set, Scrub Pads & Sponge, Buffing Pads, Power Scrubber Brush with Extend Long Attachment, Car Polishing Pad Kit",3,0.4333588
scrub brushes for cleaning,"Holikme 20Piece Drill Brush Attachments Set, Scrub Pads & Sponge, Buffing Pads, Power Scrubber Brush with Extend Long Attachment, Car Polishing Pad Kit",2,0.59221065
dry brushing body brush for lymphatic,"Dry Brushing Body Brush - Best for Exfoliating Dry Skin, Lymphatic Drainage and Cellulite Treatment - Organic Spa Exfoliator and Massage Scrub Brush with Natural Boar Bristles",3,0.77295
tecnu wipes,"Tecnu Extreme Poison Ivy and Oak Scrub, Removes Poisonous Plant Oils That Cause Rash and Itching, 4 Ounces",0,0.227179
baking supplies,"Amazon Basics - Tapete de silicona para hornear, juego de 2 unidades",3,0.3638209
baking supplies,"Amazon Basics Silicone, Non-Stick, Food Safe Baking Mat - Pack of 2",3,0.4514851
electric cookie press,"Amazon Basics - Tapete de silicona para hornear, juego de 2 unidades",1,0.46384642
electric cookie press,"Amazon Basics Silicone, Non-Stick, Food Safe Baking Mat - Pack of 2",1,0.48829988
pyrex,"Amazon Basics - Tapete de silicona para hornear, juego de 2 unidades",0,0.43777555
pyrex,"Amazon Basics Silicone, Non-Stick, Food Safe Baking Mat - Pack of 2",0,0.15737689
silicon baking matas,"Amazon Basics - Tapete de silicona para hornear, juego de 2 unidades",3,0.54439646
silicon baking matas,"Amazon Basics Silicone, Non-Stick, Food Safe Baking Mat - Pack of 2",3,0.65495026
silicone baking mats,"Amazon Basics - Tapete de silicona para hornear, juego de 2 unidades",3,0.45861137
silicone baking mats,"Amazon Basics Silicone, Non-Stick, Food Safe Baking Mat - Pack of 2",3,0.6871785
skull baking pan,"Amazon Basics - Tapete de silicona para hornear, juego de 2 unidades",0,0.32885718
skull baking pan,"Amazon Basics Silicone, Non-Stick, Food Safe Baking Mat - Pack of 2",0,0.42305183
skull muffin baking pan,"Amazon Basics - Tapete de silicona para hornear, juego de 2 unidades",0,0.32478482
skull muffin baking pan,"Amazon Basics Silicone, Non-Stick, Food Safe Baking Mat - Pack of 2",0,0.5015295
face sunscreen for sensitive skin,"Neutrogena Sensitive Skin Mineral Sunscreen Lotion with Broad Spectrum SPF 60+ & Zinc Oxide, Water-Resistant, Hypoallergenic, Fragrance- & Oil-Free Gentle Sunscreen Formula, 3 fl. oz",3,0.6571021
2b or not 2b,SheaMoisture Curl and Shine Coconut Shampoo for Curly Hair Coconut and Hibiscus Paraben Free Shampoo 13 oz,0,0.19237334
no sulfate keratin shampoo,SheaMoisture Curl and Shine Coconut Shampoo for Curly Hair Coconut and Hibiscus Paraben Free Shampoo 13 oz,2,0.49975905
waveshaper for hair,SheaMoisture Curl and Shine Coconut Shampoo for Curly Hair Coconut and Hibiscus Paraben Free Shampoo 13 oz,2,0.53781295
mederma stretch mark cream,"Bio-Oil 58834PurCellin Aceite Corporal, 125 ml",2,0.43975413
mederma stretch mark cream,"Bio-Oil Skincare Oil, Body Oil for Scars and Stretchmarks, Serum Hydrates Skin, Non-Greasy, Dermatologist Recommended, Non-Comedogenic, For All Skin Types, with Vitamin A, E, 4.2 Fl Oz (Pack of 1)",2,0.5616598
skin lightening cream,"Bio-Oil 58834PurCellin Aceite Corporal, 125 ml",3,0.3411287
skin lightening cream,"Bio-Oil Skincare Oil, Body Oil for Scars and Stretchmarks, Serum Hydrates Skin, Non-Greasy, Dermatologist Recommended, Non-Comedogenic, For All Skin Types, with Vitamin A, E, 4.2 Fl Oz (Pack of 1)",3,0.31568572
natural bathroom sink cleaner,Pasta Stardrops Pink Stuff 500 gr.,3,0.36156982
natural bathroom sink cleaner,Stardrops - The Pink Stuff - The Miracle All Purpose Cleaning Paste,3,0.5968143
nothins better water stain remover,Pasta Stardrops Pink Stuff 500 gr.,3,0.29918993
nothins better water stain remover,Stardrops - The Pink Stuff - The Miracle All Purpose Cleaning Paste,3,0.4815352
stuff,Pasta Stardrops Pink Stuff 500 gr.,3,0.11557848
stuff,Stardrops - The Pink Stuff - The Miracle All Purpose Cleaning Paste,3,0.19992304
dry brushing body brush for lymphatic,"Dry Skin Body Brush - Improves Skin's Health and Beauty - Natural Bristle - Remove Dead Skin and Toxins, Cellulite Treatment, Improves Lymphatic Functions, Exfoliates, Stimulates Blood Circulation",3,0.73802257
dry bush,"Dry Skin Body Brush - Improves Skin's Health and Beauty - Natural Bristle - Remove Dead Skin and Toxins, Cellulite Treatment, Improves Lymphatic Functions, Exfoliates, Stimulates Blood Circulation",3,0.36166993
natural dry brush,"Dry Skin Body Brush - Improves Skin's Health and Beauty - Natural Bristle - Remove Dead Skin and Toxins, Cellulite Treatment, Improves Lymphatic Functions, Exfoliates, Stimulates Blood Circulation",3,0.51062363
c leg,"CSM Body Brush For Beautiful Skin - Solid Wood Frame & Boar Hair Exfoliating Brush To Exfoliate & Soften Skin, Improve Circulation, Stop Ingrown Hairs, Reduce Acne and Cellulite",0,0.056981232
dry brushing body brush for lymphatic,"CSM Body Brush For Beautiful Skin - Solid Wood Frame & Boar Hair Exfoliating Brush To Exfoliate & Soften Skin, Improve Circulation, Stop Ingrown Hairs, Reduce Acne and Cellulite",2,0.6203297
dry bush,"CSM Body Brush For Beautiful Skin - Solid Wood Frame & Boar Hair Exfoliating Brush To Exfoliate & Soften Skin, Improve Circulation, Stop Ingrown Hairs, Reduce Acne and Cellulite",3,0.2590822
face dry brush,"CSM Body Brush For Beautiful Skin - Solid Wood Frame & Boar Hair Exfoliating Brush To Exfoliate & Soften Skin, Improve Circulation, Stop Ingrown Hairs, Reduce Acne and Cellulite",3,0.3770966
foot brush for shower,"CSM Body Brush For Beautiful Skin - Solid Wood Frame & Boar Hair Exfoliating Brush To Exfoliate & Soften Skin, Improve Circulation, Stop Ingrown Hairs, Reduce Acne and Cellulite",3,0.4732297
"(8 pck, one without packaging ) umbra single","TubShroom Tub Hair Catcher Drain Protector, Fits 1.5""-1.75"", Gray",0,0.27144417
3 flowers foot powder,"TubShroom Tub Hair Catcher Drain Protector, Fits 1.5""-1.75"", Gray",0,0.33531758
extra large tub,"TubShroom Tub Hair Catcher Drain Protector, Fits 1.5""-1.75"", Gray",3,0.40929368
hair drain catcher,"TubShroom Tub Hair Catcher Drain Protector, Fits 1.5""-1.75"", Gray",3,0.6552179
shower hair cather,"TubShroom Tub Hair Catcher Drain Protector, Fits 1.5""-1.75"", Gray",3,0.66415817
tub stopper,"TubShroom Tub Hair Catcher Drain Protector, Fits 1.5""-1.75"", Gray",3,0.59128714
tub stopper and hair catcher,"TubShroom Tub Hair Catcher Drain Protector, Fits 1.5""-1.75"", Gray",3,0.75529873
tubshroom,"TubShroom Tub Hair Catcher Drain Protector, Fits 1.5""-1.75"", Gray",3,0.55383956
detergent without bleach,"Lysol Laundry Sanitizer Additive, Crisp Linen, 90oz, Packaging May Vary",3,0.38270074
1 cent that does not have shipping payment,"Majestic Pure Himalayan Salt Body Scrub with Lychee Oil, Exfoliating Salt Scrub to Exfoliate & Moisturize Skin, Deep Cleansing - 10 oz",0,0.14476864
beach must haves for family,"Majestic Pure Himalayan Salt Body Scrub with Lychee Oil, Exfoliating Salt Scrub to Exfoliate & Moisturize Skin, Deep Cleansing - 10 oz",0,0.14097077
bee magic wand lip and face,"Majestic Pure Himalayan Salt Body Scrub with Lychee Oil, Exfoliating Salt Scrub to Exfoliate & Moisturize Skin, Deep Cleansing - 10 oz",2,0.47859198
here for a good time not a long,"Majestic Pure Himalayan Salt Body Scrub with Lychee Oil, Exfoliating Salt Scrub to Exfoliate & Moisturize Skin, Deep Cleansing - 10 oz",0,0.13278654
mani pedi kit for women,"Majestic Pure Himalayan Salt Body Scrub with Lychee Oil, Exfoliating Salt Scrub to Exfoliate & Moisturize Skin, Deep Cleansing - 10 oz",1,0.3124417
monkey not ready for kindergarten,"Majestic Pure Himalayan Salt Body Scrub with Lychee Oil, Exfoliating Salt Scrub to Exfoliate & Moisturize Skin, Deep Cleansing - 10 oz",0,0.044590935
not your keys not your coins,"Majestic Pure Himalayan Salt Body Scrub with Lychee Oil, Exfoliating Salt Scrub to Exfoliate & Moisturize Skin, Deep Cleansing - 10 oz",0,0.024700278
surviving not thriving,"Majestic Pure Himalayan Salt Body Scrub with Lychee Oil, Exfoliating Salt Scrub to Exfoliate & Moisturize Skin, Deep Cleansing - 10 oz",0,0.028390441
waste not how to get the most from your food,"Majestic Pure Himalayan Salt Body Scrub with Lychee Oil, Exfoliating Salt Scrub to Exfoliate & Moisturize Skin, Deep Cleansing - 10 oz",3,0.16300586
#1 black natural hair dye without ammonia or peroxide,"L'Oreal Paris Excellence Creme Permanent Hair Color, 3 Natural Black, 100 percent Gray Coverage Hair Dye, Pack of 2",3,0.6553023
#1 black natural hair dye without ammonia or peroxide,"naturcolor Haircolor Hair Dye - Light Burdock, 4 Ounce (5N)",3,0.49426556
#1 black natural hair dye without ammonia or peroxide,Nisha Natural Henna Based Hair Color (Natural Black) 10GM Pack of 10,3,0.5817242
#1 black natural hair dye without ammonia or peroxide,Indus Valley Damage Free Permanent Gel Hair Color (Black 1.0),3,0.69374347
#1 black natural hair dye without ammonia or peroxide,"Garnier Hair Color Nutrisse Nourishing Creme, 20 Soft Black (Black Tea), 2 Count",0,0.4204051
#1 black natural hair dye without ammonia or peroxide,"Herb Speedy PPD Free Hair Dye, Ammonia Free Hair Color Natural Black Contains Sun Protection Odorless No more Eye and/or Scalp Irritations From Coloring For Sensitive Scalp",3,0.7830186
#1 black natural hair dye without ammonia or peroxide,"Herb Speedy PPD Free Hair Dye, Ammonia Free Hair Color Dark Brown Contains Sun Protection Odorless No more Eye and/or Scalp Irritations From Coloring For Sensitive Scalp",3,0.7284642
#1 black natural hair dye without ammonia or peroxide,"Permanent Hair Color by Revlon, Permanent Hair Dye, Colorsilk with 100% Gray Coverage, Ammonia-Free, Keratin and Amino Acids, 11 Soft Black, 4.4 Oz (Pack of 3)",3,0.68534076
#1 black natural hair dye without ammonia or peroxide,"naturcolor Haircolor Hair Dye - Burdock, 4 Fl Oz (4N)",3,0.47366703
#1 black natural hair dye without ammonia or peroxide,"Clairol Natural Instincts Semi-Permanent Hair Dye, 2 Black Hair Color, 3 Count",3,0.62619495
hair dye for dark hair without bleach,"Clairol Natural Instincts Semi-Permanent Hair Dye, 2 Black Hair Color, 3 Count",3,0.6946162
#1 black natural hair dye without ammonia or peroxide,"Clairol Natural Instincts Semi-Permanent Hair Dye, 8G Medium Golden Blonde Hair Color, 3 Count",2,0.55254376
#1 black natural hair dye without ammonia or peroxide,"Clairol Professional Beautiful Advanced Gray Solutions 1a Midnight Black, 3 oz",3,0.5282359
#1 black natural hair dye without ammonia or peroxide,"Clairol Professional Beautiful Collection Hair Color, 8d Light Ash Brown, 3 oz",2,0.48972175
#1 black natural hair dye without ammonia or peroxide,"L'Oreal Paris Colorista 1-Day Washable Temporary Hair Color Spray, Red, 2 Ounces",0,0.37745535
temporary red hair spray,"L'Oreal Paris Colorista 1-Day Washable Temporary Hair Color Spray, Red, 2 Ounces",3,0.5045145
#1 black natural hair dye without ammonia or peroxide,"Revlon Total Color Permanent Hair Color, Clean and Vegan, 100% Gray Coverage Hair Dye, 30 Darkest Brown, 3.5 oz",2,0.6686563
#1 black natural hair dye without ammonia or peroxide,"Clairol Root Touch-Up Semi-Permanent Hair Color Blending Gel, 5G Golden Brown, 1 Count",2,0.55339456
#1 black natural hair dye without ammonia or peroxide,"Herb Speedy PPD Free Hair Dye, Ammonia Free Hair Color Soft Black Contains Sun Protection Odorless No more Eye and/or Scalp Irritations From Coloring For Sensitive Scalp",3,0.75538903
#1 black natural hair dye without ammonia or peroxide,"L'Oreal Paris Hair Makeup Temporary 1-Day Hair Color for Brunettes, Blue 60, 1 Fl Oz",2,0.53577995
#1 black natural hair dye without ammonia or peroxide,"naturcolor Haircolor - Poppy Seed Hair Dye, 4 Fl Oz (2N)",2,0.41997033
#1 black natural hair dye without ammonia or peroxide,Schwarzkopf BLONDME Premium Lightener 9+ & Developer 9%/ 30 Volume DUO SET NEW,0,0.36523473
#1 black natural hair dye without ammonia or peroxide,"Herbal Care Herbatint Permanent Haircolor Gel Ounce, Chestnut, 4.56 Fl Oz",2,0.5211636
#1 black natural hair dye without ammonia or peroxide,"Naturtint Permanent Hair Color 5N Light Chestnut Brown (Pack of 1), Ammonia Free, Vegan, Cruelty Free, up to 100% Gray Coverage, Long Lasting Results",2,0.55250794
#1 black natural hair dye without ammonia or peroxide,"L'Oreal Paris Oreor Creme 40 Volume Developer, 16 Fl Oz",0,0.23903129
hair bleach,"L'Oreal Paris Oreor Creme 40 Volume Developer, 16 Fl Oz",1,0.22579274
#1 black natural hair dye without ammonia or peroxide,"Herbatint Permanent Haircolor Gel, 1N Black, 4.56 Ounce",3,0.66775596
#1 black natural hair dye without ammonia or peroxide,"Herbatint Permanent Haircolor Gel, 5N Light Chestnut (5N) 4.56 Fl Oz",3,0.53895533
#1 black natural hair dye without ammonia or peroxide,"Tints of Nature 3 in 1 Lightener Kit | A Natural, Healthier Way For Home Hair Highlights and Brightening | Vegan-Friendly and Cruelty-Free Permanent and Semi-Permanent Hair Dye Brightening Kit",0,0.5150832
#1 black natural hair dye without ammonia or peroxide,"Naturtint Permanent Hair Color 3N Dark Chestnut Brown (Pack of 6), Ammonia Free, Vegan, Cruelty Free, up to 100% Gray Coverage, Long Lasting Results",3,0.56574386
#1 black natural hair dye without ammonia or peroxide,"Clairol Natural Instincts Semi-Permanent Hair Dye, 6BZ Light Caramel Brown Hair Color, 3 Count",0,0.5594598
#1 black natural hair dye without ammonia or peroxide,"Clairol Natural Instincts Semi-Permanent Hair Dye for Men, M19 Black Hair Color, 3 Count",3,0.6084815
#1 black natural hair dye without ammonia or peroxide,"Clairol Nice‘n Easy Perfect 10 Permanent Hair Dye, 2 Black Hair Color, 2 Count",2,0.597149
#1 black natural hair dye without ammonia or peroxide,"REVLON Colorsilk Beautiful Color Permanent Hair Color with 3D Gel Technology & Keratin, 100% Gray Coverage Hair Dye, 12 Natural Blue Black",3,0.6280475
#1 black natural hair dye without ammonia or peroxide,"SoftSheen-Carson Dark & Natural Hair Color for Men 5 Minutes, Natural Looking Gray Coverage for Up To 6 Weeks, Shampoo-in Permanent Hair Dye, Jet Black, Ammonia Free, Natural Black",3,0.53278005
softsheen-carson,"SoftSheen-Carson Dark & Natural Hair Color for Men 5 Minutes, Natural Looking Gray Coverage for Up To 6 Weeks, Shampoo-in Permanent Hair Dye, Jet Black, Ammonia Free, Natural Black",3,0.23761001
#1 black natural hair dye without ammonia or peroxide,"L'Oreal Paris Excellence Creme Permanent Hair Color, 4 Dark Brown, 100 percent Gray Coverage Hair Dye, Pack of 1",0,0.6065819
#1 black natural hair dye without ammonia or peroxide,"Hair Color For All by Discovery Naturals | Natural Hair Dye For Men & Women I 100% Natural & Chemical-Free Pure Hair & Beard Color, Midnight Natural Black",3,0.6390151
#1 black natural hair dye without ammonia or peroxide,"Garnier Olia Ammonia-Free Brilliant Color Oil-Rich Permanent Hair Color, 6.0 Light Brown (Pack of 1) Brown Hair Dye (Packaging May Vary)",2,0.65856993
#1 black natural hair dye without ammonia or peroxide,"Wella Color Charm Demi Permanent Hair Color3N Dark Natural Brown, 2 Ounce (Pack of 1)",3,0.6164861
caramel hair color,"Wella Color Charm Demi Permanent Hair Color3N Dark Natural Brown, 2 Ounce (Pack of 1)",3,0.56443286
#1 black natural hair dye without ammonia or peroxide,"ONC NATURALCOLORS (1N Black) 4 fl. oz. (120 mL) Healthier Permanent Hair Dye with Certified Organic Ingredients, Ammonia Free, Vegan Friendly, 100% Gray Coverage",3,0.6238255
#1 black natural hair dye without ammonia or peroxide,"L'Oreal Paris Superior Preference Fade-Defying + Shine Permanent Hair Color, 5C Cool Medium Brown, Pack of 1, Hair Dye",2,0.571755
#1 black natural hair dye without ammonia or peroxide,Zenia Pure Natural Henna Powder Hair Dye Color 100 grams (3.5oz),3,0.6060797
#1 black natural hair dye without ammonia or peroxide,"Naturcolor Haircolor Hair Dye - Sagebrush Brown, 4 Fl Oz (6N)",3,0.5657428
#1 rated resveratrol supplement without tea leaves,ProHealth Longevity 1000 mg Trans Resveratrol Plus 420 mg Certified Organic Polyphenol Complex That Improves Absorption up to 1544%,3,0.33300415
#1 rated resveratrol supplement without tea leaves,"Trans-Resveratrol Powder with Natural Vitamin E, 5 Ounce, Premium Resveratrol Supplement and Resveratrol Complex, Super Antioxidant for Cardiovascular & Immune System Support, Vegan Friendly",3,0.37210125
#1 rated resveratrol supplement without tea leaves,"Resveratrol Supplement 1200 mg Antioxidant Complex - Highly Potent Natural Trans-Resveratrol Pills for Anti-Aging, Cardiovascular Support, Immune System and Brain Function, for Men Women, 90 Capsules",3,0.31375927
#1 rated resveratrol supplement without tea leaves,"Resveratrol 1600mg per serving of Organic Trans-Resveratrol & Potent Antioxidants, Pure Extra Strength Complex, Anti-Aging, Radiant Skin, Blood Sugar and Immunity Support- 45 Day Supply",3,0.35800043
#1 rated resveratrol supplement without tea leaves,Ultra High Purity Resveratrol Capsules - 98% Trans-Resveratrol - Highly Purified and Highly Bioavailable - 60 Caps Reservatrol Supplement,3,0.3217084
tesveratrol 500 mg,Ultra High Purity Resveratrol Capsules - 98% Trans-Resveratrol - Highly Purified and Highly Bioavailable - 60 Caps Reservatrol Supplement,3,0.48418403
#1 rated resveratrol supplement without tea leaves,Resveratrol 1400mg 120 Capsules High Potency Trans-Resveratrol with Powerful Antioxidents Acai Grapeseed Green Tea Supports Cellular and Cardiovascular Health Anti-Aging,3,0.40830374
#1 rated resveratrol supplement without tea leaves,Sylan Trans Resveratrol 1000mg 180 Capsules Antioxidant Anti Aging Supplement Supports Heart Health Natural Weight Loss Joint Support Brain Function & Immune System Health Veggie Non-GMO Made in USA,3,0.5697073
#1 rated resveratrol supplement without tea leaves,"Nutrivein Resveratrol 1450mg - Antioxidant Supplement 120 Capsules – Supports Healthy Aging and Promotes Immune, Blood Sugar and Joint Support - Made with Trans-Resveratrol, Green Tea Leaf, Acai Berry",2,0.40522096
#1 rated resveratrol supplement without tea leaves,"Turmeric Curcumin Supplement with Ginger & Apple Cider Vinegar, BioPerine Black Pepper, Tumeric & Ginger, 95% Curcuminoids & Joint Supplement, Antioxidant Tumeric Supplements Capsules, Nature's Base",0,0.41097888
'deliveries and packages not accepted' sign,"Turmeric Curcumin Supplement with Ginger & Apple Cider Vinegar, BioPerine Black Pepper, Tumeric & Ginger, 95% Curcuminoids & Joint Supplement, Antioxidant Tumeric Supplements Capsules, Nature's Base",0,0.1490964
(p_num: integer not null i_num: integer not null,"Turmeric Curcumin Supplement with Ginger & Apple Cider Vinegar, BioPerine Black Pepper, Tumeric & Ginger, 95% Curcuminoids & Joint Supplement, Antioxidant Tumeric Supplements Capsules, Nature's Base",3,0.21847354
1 cent that does not have shipping payment,"Turmeric Curcumin Supplement with Ginger & Apple Cider Vinegar, BioPerine Black Pepper, Tumeric & Ginger, 95% Curcuminoids & Joint Supplement, Antioxidant Tumeric Supplements Capsules, Nature's Base",0,0.15298063
anti inflammatory supplement,"Turmeric Curcumin Supplement with Ginger & Apple Cider Vinegar, BioPerine Black Pepper, Tumeric & Ginger, 95% Curcuminoids & Joint Supplement, Antioxidant Tumeric Supplements Capsules, Nature's Base",3,0.5011716
nsaids pain reliever anti inflammatory,"Turmeric Curcumin Supplement with Ginger & Apple Cider Vinegar, BioPerine Black Pepper, Tumeric & Ginger, 95% Curcuminoids & Joint Supplement, Antioxidant Tumeric Supplements Capsules, Nature's Base",0,0.51550376
nutraburst,"Turmeric Curcumin Supplement with Ginger & Apple Cider Vinegar, BioPerine Black Pepper, Tumeric & Ginger, 95% Curcuminoids & Joint Supplement, Antioxidant Tumeric Supplements Capsules, Nature's Base",0,0.35057727
pure nature ashwagandha with black pepper,"Turmeric Curcumin Supplement with Ginger & Apple Cider Vinegar, BioPerine Black Pepper, Tumeric & Ginger, 95% Curcuminoids & Joint Supplement, Antioxidant Tumeric Supplements Capsules, Nature's Base",3,0.543777
turmeric complex with bioperine,"Turmeric Curcumin Supplement with Ginger & Apple Cider Vinegar, BioPerine Black Pepper, Tumeric & Ginger, 95% Curcuminoids & Joint Supplement, Antioxidant Tumeric Supplements Capsules, Nature's Base",3,0.37735438
#1 rated resveratrol supplement without tea leaves,Genex 99% Trans Resveratrol Capsules 1000mg Serving Pure Micronized Pharmaceutical Grade Trans-Resveratrol Made in a GMP & NSF Certified Facility,3,0.4383463
#1 rated resveratrol supplement without tea leaves,"NAOMI Organic Trans Resveratrol Supplement 250mg with Quercetin, Anti Aging Supplement for Cardiovascular Health, Anti Inflammatory and Brain Booster Supplement, 60 Veggie Capsules",3,0.36532724
#1 rated resveratrol supplement without tea leaves,"Nutrica Life Trans Resveratrol Supplement 500mg Potent Anti Aging Formula, Powerful Antioxidant for Heart & Cellular Health, Anti-Inflammatory & Brain Booster Supplements with Bioperine, 60 Vegan Caps",3,0.31193233
#1 rated resveratrol supplement without tea leaves,"Optimal Resveratrol Supplement - 1200mg Antioxidants & Trans-Resveratrol - Promotes Anti-Aging, Cardiovascular Support, Radiant Skin, Immune Defense, Enhances Blood Sugar, & Joint Health – 60 CT",3,0.31520587
#1 rated resveratrol supplement without tea leaves,"Adora Organics Resveratrol 1600mg - Antioxidents Quercetin Trans-Resveratrol 180 Capsules. Supports Healthy Aging and Promotes Immune, Blood Sugar and Joint Support",3,0.35529953
#1 rated resveratrol supplement without tea leaves,"NMN + Trans-Resveratrol 99% Purity+ Black Pepper 1100mg, for Max Absorption, Powerful Antioxidant & Anti-Aging Supplements for Heart, Immune & Skin Health (60 Capsules (Pack of 1))",3,0.38710636
#1 rated resveratrol supplement without tea leaves,Resveratrol 1200mg - Premium Resveratrol Supplement - Antioxidants Supplement - Trans Resveratrol - 60 Capsules,3,0.3811882
#1 rated resveratrol supplement without tea leaves,Resveratrol and NMN 1500mg Blend - Ultra High Purity and 3rd Party Tested - with Trimethylglycine for Important Methylation Factors - Optimal NMN Supplement and NAD Supplement - 90 Capsules,3,0.34552443
#1 rated resveratrol supplement without tea leaves,"Amazon Brand - Revly Trans-Resveratrol, 250 mg, 60 Capsules, 2 Month Supply, Vegan",3,0.35001886
#1 rated resveratrol supplement without tea leaves,"RESVERATROL (Most Potent) Natural Antioxidant Supplement, Piperine Enhanced. Anti-Aging, Boosts Immune System, Cardiovascular Health, 100% Vegan, 1200mg, Highest Absorption Trans-Resveratrol",3,0.3612048
#1 rated resveratrol supplement without tea leaves,"ResVitale Resveratrol 500mg - Anti Aging Skin Care Antioxidants Supplement for Heart Health & Daily Immune Support - Natural Trans Resveratrol Supplement with Grape Extract & Quercetin, 60 Veggie Caps",3,0.35273355
tesveratrol 500 mg,"ResVitale Resveratrol 500mg - Anti Aging Skin Care Antioxidants Supplement for Heart Health & Daily Immune Support - Natural Trans Resveratrol Supplement with Grape Extract & Quercetin, 60 Veggie Caps",3,0.45981842
#1 rated resveratrol supplement without tea leaves,MAAC10 - Trans Resveratrol 500mg Supplement (Micronized Pharmaceutical Grade 99% Pure Trans-Resveratrol Extract + BioPerine for Superior Absorption) (2X 250mg Capsules 60ct),3,0.3920622
#1 rated resveratrol supplement without tea leaves,Resveratrol & Polyphenol Complex 1450 mg 180 Vegetarian Caps (Non-GMO & Gluten Free) + Vitamin C - Supports Cardiovascular Health and Healthy Immune Function*,2,0.5267515
#1 rated resveratrol supplement without tea leaves,LifeExtension LIFE235 Extracto De Té Verde Mega Descafeinado 100 Cápsulas Vegetarianas,0,0.4815186
#1 rated resveratrol supplement without tea leaves,"Life Extension Mega Green Tea Extract (98% Polyphenols) Decaffeinated - More Polyphenol EGCG Than the Equivalent of Several Cups of Green Tea -Vegetarian, Non-GMO - 100 Veggi Capsules",0,0.5872461
#1 rated resveratrol supplement without tea leaves,Jarrow Formulas Resveratrol 100 mg - 60 Veggie Caps - Resveratrol + Vitamin C - Antioxidant & Cardiovascular Support - 60 Servings,3,0.38719583
#1 rated resveratrol supplement without tea leaves,"NOW Supplements, Natural Resveratrol 200 mg with Red Wine Extract, 120 Veg Capsules",3,0.38278973
tesveratrol 500 mg,"NOW Supplements, Natural Resveratrol 200 mg with Red Wine Extract, 120 Veg Capsules",3,0.5384105
#1 rated resveratrol supplement without tea leaves,"Reserveage, Resveratrol 500 mg, Antioxidant Supplement for Heart and Cellular Health, Supports Healthy Aging, Paleo, Keto, 60 Capsules",3,0.3139883
tesveratrol 500 mg,"Reserveage, Resveratrol 500 mg, Antioxidant Supplement for Heart and Cellular Health, Supports Healthy Aging, Paleo, Keto, 60 Capsules",3,0.5597202
#1 rated resveratrol supplement without tea leaves,"Resveratrol 500 Complex Red Wine Extract Natural Antioxidant Supplement for Cardiovascular & Immune System Health, 120 Capsules",3,0.33531037
tesveratrol 500 mg,"Resveratrol 500 Complex Red Wine Extract Natural Antioxidant Supplement for Cardiovascular & Immune System Health, 120 Capsules",3,0.42104614
#1 rated resveratrol supplement without tea leaves,"Life Extension Optimized Resveratrol, 60 Vegetarian Capsules",3,0.43147933
tesveratrol 500 mg,"Life Extension Optimized Resveratrol, 60 Vegetarian Capsules",3,0.42478496
#1 rated resveratrol supplement without tea leaves,ResVitale Resveratrol - Bordeaux Berry 30 Chews,3,0.31097975
#1 rated resveratrol supplement without tea leaves,Puritan's Pride Resveratrol 100 mg / 120 Softgels,3,0.48355538
#1 rated resveratrol supplement without tea leaves,"BRI Nutrition Resveratrol Maximum Strength Veggie Capsules Supplement, 60 Count",0,0.36781913
#1 rated resveratrol supplement without tea leaves,"Garden of Life Heart Resveratrol Supplement, Raw Whole Food Antioxidant Formula for Heart Health, 60 Count",3,0.38134676
tesveratrol 500 mg,"Garden of Life Heart Resveratrol Supplement, Raw Whole Food Antioxidant Formula for Heart Health, 60 Count",3,0.35746324
#1 rated resveratrol supplement without tea leaves,"Pure Resveratrol - 2000mg - Strongest, Most Effective Blend on Amazon - 90 Capsules - Order Risk Free",3,0.5088731
#1 rated resveratrol supplement without tea leaves,"100% Natural Resveratrol - 1000mg Per Serving Max Strength (180 Capsules) Antioxidant Supplement, Trans-Resveratrol Pills for Heart Health & Pure Weight Loss, Trans Resveratrol for Anti-Aging",3,0.4622549
#1 rated resveratrol supplement without tea leaves,Resveratrol 500mg 180 Capsules - Nutrissence - 90 Servings of 1000mg or 60 Servings of 1500mg,3,0.3361178
#1 rated resveratrol supplement without tea leaves,"Resveratrol Supplement - Extra Strength 1400mg Formula for Healthy Aging, Immune Support & Heart Health - 60 Vegan Capsules with Trans-Resveratrol, Green Tea Leaf, Acai Berry & Grape Seed Extract",0,0.41956913
#1 rated resveratrol supplement without tea leaves,"RESVERATROL1450 - 90day Supply, 1450mg per Serving of Potent Antioxidants & Trans-Resveratrol, Promotes Anti-Aging, Cardiovascular Support, Maximum Benefits (1bottle)",1,0.32619205
tesveratrol 500 mg,"RESVERATROL1450 - 90day Supply, 1450mg per Serving of Potent Antioxidants & Trans-Resveratrol, Promotes Anti-Aging, Cardiovascular Support, Maximum Benefits (1bottle)",3,0.40726826
#1 rated resveratrol supplement without tea leaves,"Resveratrol Supplement - Potent 1400mg Formula with Trans Resveratrol, Quercetin, Grape Seed, Green Tea, Acai and Red Wine Extract - 60 Veggie Capsules",3,0.33494723
#1 rated resveratrol supplement without tea leaves,Genex Resveratrol 1500mg Per Serving- Max Strength - Antioxidant Supplement Extract | Trans-Resveratrol Works Well with NMN Nicotinamide Mononucleotide Made in a GMP Facility 30-Day Supply,3,0.3023854
#1 rated resveratrol supplement without tea leaves,"Zhou Resveratrol Supplement | Healthy Aging, Immune System & Heart Health Support | Powerful Antioxidant Benefits | 30 Servings, 60 Veg Caps",3,0.3026669
shoe,"Skechers mens Cessnock Food Service Shoe, Black, 12 US",3,0.33235192
slip on walking shoes for men,"Skechers mens Cessnock Food Service Shoe, Black, 12 US",2,0.51692784
shoe,"New Balance Men's 608 V5 Casual Comfort Cross Trainer, White/Navy, 10.5 W US",3,0.09634851
cycling,"New Balance Women's FuelCore Nergize V1 Sneaker, Black/Magnet, 9",0,0.060069956
men's shoes clearance sale,Under Armour mens Charged Assert 8 Running Shoe Black (003)/Black 10.5,3,0.4275287
shoe,Under Armour mens Charged Assert 8 Running Shoe Black (003)/Black 10.5,3,0.2526934
nike shoes men without laces,BRONAX Mens Fashion Sneakers Slip on Lightweight Street Trending Stylish Lace up Casual Walking Athletic Sport Shoes for Men Sapatos Tenis para Correr de Hombre Red Size 12,2,0.49698532
raad shop shoes,BRONAX Mens Fashion Sneakers Slip on Lightweight Street Trending Stylish Lace up Casual Walking Athletic Sport Shoes for Men Sapatos Tenis para Correr de Hombre Red Size 12,2,0.46595007
running shoes for men,"ASICS Men's Gel-Venture 7 Running Shoes, 10.5, Electric Blue/Sheet Rock",3,0.585168
cap toe brown shoes,"ECCO Men's ST.1 Hybrid Plain Toe Oxford, Cognac, 9-9.5",3,0.32662016
nike shoes men without laces,"Skechers Men's Go Walk Max-Athletic Air Mesh Slip on Walkking Shoe Sneaker,Navy/Gray,10 X-Wide US",2,0.46331424
adidas running shoes mens,"adidas Men's Lite Racer Adapt Running Shoe, Black/White, 12 M US",3,0.7201086
girls addida shoes,"adidas Women's Cloud foam Pure Running Shoe, White/White/Black, 6.5 US",3,0.6140897
gym socks for women,"adidas Women's Cloud foam Pure Running Shoe, White/White/Black, 6.5 US",0,0.65168494
white booties,"adidas Women's Cloud foam Pure Running Shoe, White/White/Black, 6.5 US",2,0.379808
women wedge bootie,"adidas Women's Cloud foam Pure Running Shoe, White/White/Black, 6.5 US",0,0.5466672
women's sneakers walking shoes stylish slip on black,"adidas Women's Cloud foam Pure Running Shoe, White/White/Black, 6.5 US",3,0.7318072
flat shoes with straps for women,[クロックス] サンダル クラシック クロッグ 10001 (定番カラー) ブラック 25.0 cm,2,0.23237948
flat shoes with straps for women,"Crocs Unisex-Adult Men's and Women's Classic Clog, Black, 9",2,0.27989012
jordans shoes for men,[ナイキ] エアフォース1 '07 ロー 315122 111 オールホワイト 28.5 cm,2,0.27367127
jordans shoes for men,Nike Men's Air Force 1 '07 Shoes 315122 White/White 10.5,2,0.596478
nike air force 1,[ナイキ] エアフォース1 '07 ロー 315122 111 オールホワイト 28.5 cm,3,0.37522906
nike air force 1,Nike Men's Air Force 1 '07 Shoes 315122 White/White 10.5,3,0.5589197
nike shoes men,[ナイキ] エアフォース1 '07 ロー 315122 111 オールホワイト 28.5 cm,3,0.26698482
nike shoes men,Nike Men's Air Force 1 '07 Shoes 315122 White/White 10.5,3,0.6390318
old school nike air force shoes,[ナイキ] エアフォース1 '07 ロー 315122 111 オールホワイト 28.5 cm,3,0.34663117
old school nike air force shoes,Nike Men's Air Force 1 '07 Shoes 315122 White/White 10.5,3,0.7502053
shoe,[ナイキ] エアフォース1 '07 ロー 315122 111 オールホワイト 28.5 cm,3,0.3473958
shoe,Nike Men's Air Force 1 '07 Shoes 315122 White/White 10.5,3,0.31808126
shoe,"adidas Originals Men's Seeley Running Shoe, Black/Black/Black, 10 M US",3,0.37254775
waterproof nursing shoes for women,"Skechers for Work Women's Ghenter Bronaugh Work and Food Service Shoe , BLACK, 8.5 W US",3,0.5499499
exp 7i treadmill nordictrack,NordicTrack T Series Treadmill + 30-Day iFIT Membership,2,0.68575823
treadmill,NordicTrack T Series Treadmill + 30-Day iFIT Membership,3,0.46194056
tredmills for running,NordicTrack T Series Treadmill + 30-Day iFIT Membership,3,0.34556618
treadmill,"SUNNY HEALTH & FITNESS ASUNA Space Saving Treadmill, Motorized with Speakers for AUX Audio Connection - 8730G",3,0.46390697
tredmills for walking,"SUNNY HEALTH & FITNESS ASUNA Space Saving Treadmill, Motorized with Speakers for AUX Audio Connection - 8730G",3,0.28847438
treadmill,Sunny Health & Fitness SF-T1407M - Cinta de correr plegable manual,3,0.32094574
treadmill,"Sunny Health & Fitness SF-T1407M Foldable Manual Walking Treadmill, Gray",3,0.6018918
tredmills for running,Sunny Health & Fitness SF-T1407M - Cinta de correr plegable manual,3,0.39203122
tredmills for running,"Sunny Health & Fitness SF-T1407M Foldable Manual Walking Treadmill, Gray",3,0.34002477
tredmills for walking,Sunny Health & Fitness SF-T1407M - Cinta de correr plegable manual,3,0.3566349
tredmills for walking,"Sunny Health & Fitness SF-T1407M Foldable Manual Walking Treadmill, Gray",3,0.4132805
kodiak muffin mix,"HighKey Keto Snacks Muffin Mix - Low Carb, Breakfast Food - Healthy Gluten Free Foods - Ketogenic Cupcake Desserts - Paleo Snack Sweets- Diabetic Diet Friendly Treats - Double Chocolate Chip Muffins",2,0.7016095
prime pantry fruit cups,"GoGo squeeZ Fruit on the Go Variety Pack, Apple Apple, Apple Peach, & Gimme 5, 3.2 oz. (20 Pouches) - Tasty Kids Applesauce Snacks - Gluten Free Snacks for Kids - Nut & Dairy Free - Vegan",3,0.5094088
#10 envelopes self seal,Mailing Envelopes Self Seal - #10 Security White Letter Businesses Envelopes -100 Peel and Seal Tinted Windowless # 10 Envelope - Printer Friendly - Self Stick Bulk Envelops,3,0.7503954
#10 envelopes without security tint,Mailing Envelopes Self Seal - #10 Security White Letter Businesses Envelopes -100 Peel and Seal Tinted Windowless # 10 Envelope - Printer Friendly - Self Stick Bulk Envelops,3,0.6712847
#10 envelopes self seal,"Office Deed 500 #10 Self Seal Double Window Security Envelopes-Designed for Business Statements, Quickbooks Invoices, and Return Envelopes 4 1/8 X 9 ½’’",3,0.6088071
#10 standard no tint no window not self seal,"Office Deed 500 #10 Self Seal Double Window Security Envelopes-Designed for Business Statements, Quickbooks Invoices, and Return Envelopes 4 1/8 X 9 ½’’",2,0.23241647
#10 envelopes self seal,"Ohuhu 500#10 Envelopes SELF SEAL Business Envelope Windowless Design, Security Tint Pattern for Secure Mailing, Invoices, Statements & Legal Document, 4-1/8 x 9-1/2 Inches",3,0.7184594
#10 envelopes self seal,"#10 Double Window Envelopes - 550 Per Box - SELF SEAL - Security Envelopes - Designed for Business Statements, QuickBooks Invoices, and Legal Documents - Peel & Seal - 4 1/8"" x 9 1/2"" - 24 LB",3,0.5055382
#10 envelopes self seal,"Top Flight PSTF10NWT #10 Envelopes, Strip & Seal, Security Tinted, White Paper, 24 lb, 500 Count",3,0.6006291
#10 envelopes without security tint,"Top Flight PSTF10NWT #10 Envelopes, Strip & Seal, Security Tinted, White Paper, 24 lb, 500 Count",0,0.42333204
#10 standard no tint no window not self seal,"Top Flight PSTF10NWT #10 Envelopes, Strip & Seal, Security Tinted, White Paper, 24 lb, 500 Count",0,0.2506408
#10 envelopes self seal,"Office Depot Clean Seal(TM) Security Envelopes, 10 (4 1/8in. x 9 1/2in.), White, Box of 250, 77148",3,0.7228642
#10 envelopes self seal,"Staples Easy Close No. 10 Security-Tint Envelopes, 4-1/8 x 9-1/2 inches, Box of 100",3,0.77638966
#10 envelopes without security tint,"Staples Easy Close No. 10 Security-Tint Envelopes, 4-1/8 x 9-1/2 inches, Box of 100",2,0.6223558
#10 envelopes self seal,"Mead #10 Envelopes, Press-It Seal-It, White, 50/Box (75024)",3,0.74159217
#10 envelopes without security tint,"ValBox 10x13 Self Seal Catalog Envelopes 150 Packs Large White Envelopes with Peel and Seal Flap for Mailing, Organizing and Storage",3,0.43281248
#10 envelopes without security tint,"Quality Park #10 Self-Seal Security Envelopes, Security Tint and Pattern, Redi-Strip Closure, 24-lb White Wove, 4-1/8"" x 9-1/2"", 100/Box (QUA69117), 1 Pack",3,0.51861733
#10 envelopes without security tint,"Quality Park #10 Self-Seal Security Envelopes, Security Tint and Pattern, Redi-Strip Closure, 24-lb White Wove, 4-1/8"" x 9-1/2"", 100/Box (QUA69117), 1 Pack",0,0.51861733
#10 envelopes without security tint,"Columbian Envelopes Columbian 9 x 12 Catalog Mailing Envelopes, SimplySafe Tamper Evident, Security Tint, Pull Strip, Peel and Seal Closure, White, 100/Box (COLO930)",0,0.49660262
#10 envelopes without security tint,"Columbian #10 Envelopes, SimplySafe Tamper Evident, Security Tint, Pull Strip, Peel and Seal Closure, White, 4-1/8 x 9-1/2, 500/Box (COLO180)",2,0.511788
#10 envelopes without security tint,"500 #10 Double Window SELF Seal Security Envelopes - for Invoices, Statements & Documents, Security Tinted - EnveGuard, Size 4-1/8 x 9-1/2 -White - 24 LB - 500 Count (30001)",0,0.39158595
#10 standard no tint no window not self seal,"500 #10 Double Window SELF Seal Security Envelopes - for Invoices, Statements & Documents, Security Tinted - EnveGuard, Size 4-1/8 x 9-1/2 -White - 24 LB - 500 Count (30001)",0,0.256321
#10 envelopes without security tint,"100 9 x 12 SELF Seal Security White Catalog Envelopes - 28lb - Security Tinted, Ultra Strong Quick-Seal, 9 x 12 inch (38100)",2,0.48311675
manilla envelopes 10x13,"100 9 x 12 SELF Seal Security White Catalog Envelopes - 28lb - Security Tinted, Ultra Strong Quick-Seal, 9 x 12 inch (38100)",2,0.5207912
#10 envelopes without security tint,"Quality Park Redi-Strip Catalog Envelopes, 10"" x 13"", Brown Kraft, Box of 100",3,0.4969957
manilla envelopes 10x13,"Quality Park Redi-Strip Catalog Envelopes, 10"" x 13"", Brown Kraft, Box of 100",3,0.6574991
#10 envelopes without security tint,"Ampad Fastrip Security Catalog Envelope, 9 Inch x 12 Inch, Peel & Seal Adhesive, Security Tint, Tear-Away Quick-Open Strip, White, 100 Per Box (73127)",0,0.45415795
9x12 clasp envelopes,"Ampad Fastrip Security Catalog Envelope, 9 Inch x 12 Inch, Peel & Seal Adhesive, Security Tint, Tear-Away Quick-Open Strip, White, 100 Per Box (73127)",2,0.58910143
#10 envelopes without security tint,Staples 787385 Easyclose Security Tint #10 Envelope 4-1/8-Inch X 9-1/2-Inch White 500/Bx,2,0.57798576
#10 envelopes without security tint,"500#10 Single Left Window SELF Seal Security Envelopes - Super Strong Quick-Seal Self Sealing Closure, Security Tinted, Size 4-1/8 x 9-1/2 Inches, 24 LB - 500 Count (35210)",3,0.43444902
#10 standard no tint no window not self seal,"Office Deed 500#10 Envelopes SELF SEAL Business Envelope Windowless Design, Security Tint Pattern for Secure Mailing, Invoices, Statements & Legal Document, 4-1/8 x 9-1/2 Inches",2,0.5266776
#10 standard no tint no window not self seal,CheckSimple Personalized #10 Self-Seal Standard Mailing Envelopes - (500 Envelopes) Custom Non-Window,3,0.5286034
#10 standard no tint no window not self seal,500 No. 9 Flip and Seal Double Window Security Envelopes - Designed for Quickbooks Invoices and Business Statements with Self Seal Flip Press and Seal Flap -Number 9 Size 3 7/8 Inch X 8 7/8 Inch,0,0.24817848
#10 standard no tint no window not self seal,"500#10 Single Window Envelopes-Thick Gummed Seal-Designed for Secure mailing of Quickbooks Checks, invoices, Business Statements, Personal Letters - 4 1/8 x 9 1/2",0,0.34072295
#10 standard no tint no window not self seal,"Office Deed 500#10 Envelopes SELF SEAL Business Envelope Single Window Design, Security Tint Pattern for Secure Mailing, Invoices, Statements & Legal Document, 4-1/8 x 9-1/2 Inches",0,0.38014525
#10 standard no tint no window not self seal,500 No. 8 Flip and Seal Double Window Security Check Envelopes - Designed for Quickbooks Printed Checks - Number 8 Size 3 5/8 Inch x 8 11/16 Inch,2,0.2412039
#10 standard no tint no window not self seal,Office Deed 500 #9 Double Window SELF SEAL Security Envelopes-Designed for Quickbooks Invoices and Business Statements with peel and seal flap -3 7/8'' X 8 7/8'',2,0.24919768
#10 standard no tint no window not self seal,"500#8 Double Window Self Seal Security Envelopes - for Business Checks, QuickBooks & Quicken Checks, Size 3 5/8 x 8 11/16 Inches - Checks Fit Perfectly - Not for Invoices, 500 Count(30180)",3,0.3589077
#10 standard no tint no window not self seal,500 no. 9 Double Window Security Envelopes- SELF SEAL with Peel and Seal Flap- Designed for Quickbooks Invoices and Business Statements - 3 7/8'' X 8 7/8'',0,0.28418306
#10 standard no tint no window not self seal,"Box of 500 Number 8 Envelopes, Size fits QuickBooks Printed Checks, Double Window Security Check Envelope, Flip and Seal, Measures 3-5/8 inch x 8-11/16 inches",0,0.13380864
#10 standard no tint no window not self seal,"ValBox 500 Count #10 Double Window Envelopes 4-1/8x9-1/2"" Self Seal Security Envelopes for QuickBooks Invoices, Business Statements and Legal Documents",3,0.25178337
#10 standard no tint no window not self seal,"500 No. 10 Flip and Seal Double Window Security Envelopes - Perfect Size for Multiple Business Statements, Quickbooks Invoices, and Return Envelopes -Number 10 Size 4 1/8 X 9 ½ Inch",2,0.28156132
#10 standard no tint no window not self seal,"Self Seal Double Window Security Envelopes (#10 - Box of 500), for Invoices, Statements and Legal Documents (4 1/8"" x 9 1/2"")",2,0.21617407
#10 standard no tint no window not self seal,"500 No. 10 Gummed Double Window Security Envelopes - Perfect Size for Multiple Business Statements, Quickbooks Invoices, and Return Envelopes - Number 10 Size 4 1/8 X 9 ½ Inch",0,0.29788047
#10 standard no tint no window not self seal,"500 No. 10 Self Seal Double Window Security Envelopes - Perfect Size for Multiple Business Statements, Quickbooks Invoices, and Return Envelopes - Number 10 Size 4 1/8 Inch X 9 ½ Inch",0,0.3055386
#10 standard no tint no window not self seal,"Quality Park Redi-Seal Security Window Envelopes, 10 (4 1/8"" x 9 1/2""), White, Box of 500",0,0.28111804
#10 standard no tint no window not self seal,"Quality Park Redi-Seal Double-Window Security Envelopes, 8 5/8 (3 5/8"" x 8 5/8""), White, Box of 500",0,0.17712589
#10 standard no tint no window not self seal,"Quality Park Redi-Seal Double-Window Security Envelopes, 10, 4 1/8"" x 9 1/2"", White, Box of 500",0,0.24506032
#10 standard no tint no window not self seal,BAZIC #10 Self-Seal White Envelope (50/Pack),2,0.40287673
#10 standard no tint no window not self seal,500 Double Window Check Envelopes Self Seal with Security Tint Works with all Software,0,0.1933345
#10 standard no tint no window not self seal,"WUNDER2 WUNDERBROW Makeup Waterproof Eyebrow Gel For Long Lasting Eye Brow Make Up, Black / Brown",0,0.17969753
#10 standard no tint no window not self seal,"500 Self Seal QuickBooks Double Window Security Check Envelopes - for Business Laser Checks, Ultra Security Tinted, Self Adhesive Peel & Seal White, Size 3 5/8 x 8 11/16-24lb NOT for INVOICES",0,0.44050336
#10 standard no tint no window not self seal,"500#10 Double Window Security Business Mailing Envelopes - for Invoices, Statements and Legal Documents - GUMMED Closure, Security Tinted - Size 4-1/8 x 9-1/2 - White - 24 LB - 500 Count (30101)",2,0.1937106
#10 standard no tint no window not self seal,"550 SELF Seal Double Window Security Envelopes - Designed for QuickBooks Checks, Business Checks, and Computer Checks - Security Tinted - Peel & Seal - 3 5/8” x 8 11/16” - 24 LB (NOT for INVOICES)",0,0.4346735
#10 standard no tint no window not self seal,500 Self Seal Double Window Security Envelopes - Designed for QuickBooks Checks - Computer Printed Checks - 3 5/8 X 8 11/16 (NOT for INVOICES),0,0.4137556
#10 standard no tint no window not self seal,"Chalktastic Liquid Chalk Markers for Kids - Set of 8 Washable, Dry Erase Pens for School, Menu Board & Car Window Glass - Neon, Erasable Chalkboard Pen Pack - Gifts for Artists",0,0.16648246
halloween window boards,"Chalktastic Liquid Chalk Markers for Kids - Set of 8 Washable, Dry Erase Pens for School, Menu Board & Car Window Glass - Neon, Erasable Chalkboard Pen Pack - Gifts for Artists",0,0.29992664
folder,"Sooez 10 Pack Plastic Envelopes Poly Envelopes, Clear Document Folders US Letter A4 Size File Envelopes with Label Pocket & Snap Button for Home Work Office Organization, 5 Assorted Colors",3,0.1572111
folders,"Sooez 10 Pack Plastic Envelopes Poly Envelopes, Clear Document Folders US Letter A4 Size File Envelopes with Label Pocket & Snap Button for Home Work Office Organization, 5 Assorted Colors",3,0.26024872
pocket folders,"Sooez 10 Pack Plastic Envelopes Poly Envelopes, Clear Document Folders US Letter A4 Size File Envelopes with Label Pocket & Snap Button for Home Work Office Organization, 5 Assorted Colors",2,0.35588962
100% all natural male enhancement without caffeine,Liquid I.V. Hydration Multiplier - Lemon Lime - Hydration Powder Packets | Electrolyte Drink Mix | Easy Open Single-Serving Stick | Non-GMO,0,0.58946496
electrolyte supplement,Liquid I.V. Hydration Multiplier - Lemon Lime - Hydration Powder Packets | Electrolyte Drink Mix | Easy Open Single-Serving Stick | Non-GMO,3,0.35265413
frescolita,Liquid I.V. Hydration Multiplier - Lemon Lime - Hydration Powder Packets | Electrolyte Drink Mix | Easy Open Single-Serving Stick | Non-GMO,0,0.20120636
hangover prevention,Liquid I.V. Hydration Multiplier - Lemon Lime - Hydration Powder Packets | Electrolyte Drink Mix | Easy Open Single-Serving Stick | Non-GMO,3,0.38678747
hangover relief,Liquid I.V. Hydration Multiplier - Lemon Lime - Hydration Powder Packets | Electrolyte Drink Mix | Easy Open Single-Serving Stick | Non-GMO,3,0.40697646
hydrant,Liquid I.V. Hydration Multiplier - Lemon Lime - Hydration Powder Packets | Electrolyte Drink Mix | Easy Open Single-Serving Stick | Non-GMO,0,0.35810006
hydration powder,Liquid I.V. Hydration Multiplier - Lemon Lime - Hydration Powder Packets | Electrolyte Drink Mix | Easy Open Single-Serving Stick | Non-GMO,3,0.4964068
kalm assure,Liquid I.V. Hydration Multiplier - Lemon Lime - Hydration Powder Packets | Electrolyte Drink Mix | Easy Open Single-Serving Stick | Non-GMO,0,0.24155557
lemon lime caffiene drink mix,Liquid I.V. Hydration Multiplier - Lemon Lime - Hydration Powder Packets | Electrolyte Drink Mix | Easy Open Single-Serving Stick | Non-GMO,2,0.75729847
liquid iv,Liquid I.V. Hydration Multiplier - Lemon Lime - Hydration Powder Packets | Electrolyte Drink Mix | Easy Open Single-Serving Stick | Non-GMO,3,0.3791054
neuro gum,Liquid I.V. Hydration Multiplier - Lemon Lime - Hydration Powder Packets | Electrolyte Drink Mix | Easy Open Single-Serving Stick | Non-GMO,3,0.48088875
not a drop to drink,Liquid I.V. Hydration Multiplier - Lemon Lime - Hydration Powder Packets | Electrolyte Drink Mix | Easy Open Single-Serving Stick | Non-GMO,0,0.38593528
3,"Nordic Naturals Ultimate Omega, Lemon Flavor - 1280 mg Omega-3-210 Soft Gels - High-Potency Omega-3 Fish Oil with EPA & DHA - Promotes Brain & Heart Health - Non-GMO - 105 Servings",3,0.033682376
fish oil veggie cap,"Nordic Naturals Ultimate Omega, Lemon Flavor - 1280 mg Omega-3-210 Soft Gels - High-Potency Omega-3 Fish Oil with EPA & DHA - Promotes Brain & Heart Health - Non-GMO - 105 Servings",0,0.48827383
"omega 3,6,9 fish oil","Nordic Naturals Ultimate Omega, Lemon Flavor - 1280 mg Omega-3-210 Soft Gels - High-Potency Omega-3 Fish Oil with EPA & DHA - Promotes Brain & Heart Health - Non-GMO - 105 Servings",2,0.49579254
drip drop,Liquid I.V. Hydration Multiplier - Passion Fruit - Hydration Powder Packets | Electrolyte Drink Mix | Easy Open Single-Serving Stick | Non-GMO,2,0.2857163
fish are friends not food,Liquid I.V. Hydration Multiplier - Passion Fruit - Hydration Powder Packets | Electrolyte Drink Mix | Easy Open Single-Serving Stick | Non-GMO,0,0.30703336
hangover prevention,Liquid I.V. Hydration Multiplier - Passion Fruit - Hydration Powder Packets | Electrolyte Drink Mix | Easy Open Single-Serving Stick | Non-GMO,3,0.41763932
hangover relief,Liquid I.V. Hydration Multiplier - Passion Fruit - Hydration Powder Packets | Electrolyte Drink Mix | Easy Open Single-Serving Stick | Non-GMO,3,0.4222027
hydrant,Liquid I.V. Hydration Multiplier - Passion Fruit - Hydration Powder Packets | Electrolyte Drink Mix | Easy Open Single-Serving Stick | Non-GMO,3,0.35323226
hydration powder,Liquid I.V. Hydration Multiplier - Passion Fruit - Hydration Powder Packets | Electrolyte Drink Mix | Easy Open Single-Serving Stick | Non-GMO,3,0.5115913
liquid iv,Liquid I.V. Hydration Multiplier - Passion Fruit - Hydration Powder Packets | Electrolyte Drink Mix | Easy Open Single-Serving Stick | Non-GMO,3,0.41170478
not a drop to drink,Liquid I.V. Hydration Multiplier - Passion Fruit - Hydration Powder Packets | Electrolyte Drink Mix | Easy Open Single-Serving Stick | Non-GMO,0,0.38202164
npodm iv,Liquid I.V. Hydration Multiplier - Passion Fruit - Hydration Powder Packets | Electrolyte Drink Mix | Easy Open Single-Serving Stick | Non-GMO,0,0.24307421
thrive hangover,Liquid I.V. Hydration Multiplier - Passion Fruit - Hydration Powder Packets | Electrolyte Drink Mix | Easy Open Single-Serving Stick | Non-GMO,2,0.39847168
natural diatomaceous earth,"HARRIS Diatomaceous Earth Food Grade, 5lb with Powder Duster Included in The Bag",3,0.42742565
sprinkles bulbs,"HARRIS Diatomaceous Earth Food Grade, 5lb with Powder Duster Included in The Bag",0,0.29897597
colon clear formula,"Probiotics 60 Billion CFU - Probiotics for Women, Probiotics for Men and Adults, Natural, Shelf Stable Probiotic Supplement with Organic Prebiotic, Acidophilus Probiotic",2,0.260384
dr axe collagen capsules,"Probiotics 60 Billion CFU - Probiotics for Women, Probiotics for Men and Adults, Natural, Shelf Stable Probiotic Supplement with Organic Prebiotic, Acidophilus Probiotic",2,0.33648068
fungus clear probiotic,"Probiotics 60 Billion CFU - Probiotics for Women, Probiotics for Men and Adults, Natural, Shelf Stable Probiotic Supplement with Organic Prebiotic, Acidophilus Probiotic",3,0.50033367
heres the skinny probiotic,"Probiotics 60 Billion CFU - Probiotics for Women, Probiotics for Men and Adults, Natural, Shelf Stable Probiotic Supplement with Organic Prebiotic, Acidophilus Probiotic",3,0.28403863
pb8 probiotics,"Probiotics 60 Billion CFU - Probiotics for Women, Probiotics for Men and Adults, Natural, Shelf Stable Probiotic Supplement with Organic Prebiotic, Acidophilus Probiotic",2,0.5254401
pro45,"Probiotics 60 Billion CFU - Probiotics for Women, Probiotics for Men and Adults, Natural, Shelf Stable Probiotic Supplement with Organic Prebiotic, Acidophilus Probiotic",2,0.23415142
probioslim,"Probiotics 60 Billion CFU - Probiotics for Women, Probiotics for Men and Adults, Natural, Shelf Stable Probiotic Supplement with Organic Prebiotic, Acidophilus Probiotic",3,0.19418325
probiotic supplements,"Probiotics 60 Billion CFU - Probiotics for Women, Probiotics for Men and Adults, Natural, Shelf Stable Probiotic Supplement with Organic Prebiotic, Acidophilus Probiotic",3,0.4521104
probiotics for women,"Probiotics 60 Billion CFU - Probiotics for Women, Probiotics for Men and Adults, Natural, Shelf Stable Probiotic Supplement with Organic Prebiotic, Acidophilus Probiotic",3,0.5815491
raw probiotics women,"Probiotics 60 Billion CFU - Probiotics for Women, Probiotics for Men and Adults, Natural, Shelf Stable Probiotic Supplement with Organic Prebiotic, Acidophilus Probiotic",2,0.55597365
razza lean diet pill,"Probiotics 60 Billion CFU - Probiotics for Women, Probiotics for Men and Adults, Natural, Shelf Stable Probiotic Supplement with Organic Prebiotic, Acidophilus Probiotic",0,0.49562633
visbiome,"Probiotics 60 Billion CFU - Probiotics for Women, Probiotics for Men and Adults, Natural, Shelf Stable Probiotic Supplement with Organic Prebiotic, Acidophilus Probiotic",2,0.14092577
yosposs,"Probiotics 60 Billion CFU - Probiotics for Women, Probiotics for Men and Adults, Natural, Shelf Stable Probiotic Supplement with Organic Prebiotic, Acidophilus Probiotic",2,0.100831166
11 iphone pro screen protector,"JETech Screen Protector for iPhone 11 Pro, for iPhone Xs, for iPhone X, 5.8-Inch, Tempered Glass Film, 2-Pack",3,0.7050533
inpjone 11 slim glass,"JETech Screen Protector for iPhone 11 Pro, for iPhone Xs, for iPhone X, 5.8-Inch, Tempered Glass Film, 2-Pack",3,0.29381877
iphone 11 screen protector,"JETech Screen Protector for iPhone 11 Pro, for iPhone Xs, for iPhone X, 5.8-Inch, Tempered Glass Film, 2-Pack",3,0.6558692
iphone xs screen protector,"JETech Screen Protector for iPhone 11 Pro, for iPhone Xs, for iPhone X, 5.8-Inch, Tempered Glass Film, 2-Pack",3,0.7038926
shatterproof case 10 s max case with eallet,"JETech Screen Protector for iPhone 11 Pro, for iPhone Xs, for iPhone X, 5.8-Inch, Tempered Glass Film, 2-Pack",0,0.48061037
natural diatomaceous earth,"HARRIS Diatomaceous Earth Food Grade, 10lb with Powder Duster Included in The Bag",3,0.4880649
adaptogenic herbs,"Thyroid Support Supplement with Iodine - Energy & Focus Formula - Vegetarian & Non-GMO - Vitamin B12 Complex, Zinc, Selenium, Ashwagandha, Copper, Coleus Forskohlii, & More 30 Day Supply",2,0.24914744
armour thyroid without prescription,"Thyroid Support Supplement with Iodine - Energy & Focus Formula - Vegetarian & Non-GMO - Vitamin B12 Complex, Zinc, Selenium, Ashwagandha, Copper, Coleus Forskohlii, & More 30 Day Supply",2,0.39138415
coleus forskohlii,"Thyroid Support Supplement with Iodine - Energy & Focus Formula - Vegetarian & Non-GMO - Vitamin B12 Complex, Zinc, Selenium, Ashwagandha, Copper, Coleus Forskohlii, & More 30 Day Supply",3,0.19216482
fsa fat pig,"Thyroid Support Supplement with Iodine - Energy & Focus Formula - Vegetarian & Non-GMO - Vitamin B12 Complex, Zinc, Selenium, Ashwagandha, Copper, Coleus Forskohlii, & More 30 Day Supply",0,0.29759145
vida slim tejocote,"Thyroid Support Supplement with Iodine - Energy & Focus Formula - Vegetarian & Non-GMO - Vitamin B12 Complex, Zinc, Selenium, Ashwagandha, Copper, Coleus Forskohlii, & More 30 Day Supply",0,0.19697502
1 mg melatonin without xylitol,"Nature Made Melatonin 3 mg with 200 mg L-theanine Softgels, 60 Count for Supporting Restful Sleep",2,0.46533543
1 mg melatonin without xylitol,"Nature Made Melatonin 5 mg, For Restful Sleep, 90 Tablets, 90 Day Supply",2,0.47464925
melatonina de 5 mg,"Nature Made Melatonin 5 mg, For Restful Sleep, 90 Tablets, 90 Day Supply",3,0.48819315
1 mg melatonin without xylitol,"Nature Made Melatonin 3 mg, Sleep Aid Supplement for Restful Sleep, 240 Tablets, 240 Day Supply",2,0.48213035
live love and laugh jewerly,"Happy Birthday Bangles, Cake Cheer Live Laugh Love Charms Bangle Bracelets, Gifts For Her (15th Birthday)",3,0.3836588
alex and ani bracelet,"Alex and Ani Path of Symbols A17EB05RG Expandable Bangle for Women, Love Charm, Rafaelian Gold Finish, 2 to 3.5 in",3,0.3516278
#2 pencils,"Ticonderoga Neon Pencils, #2 Pre-Sharpened Wood Pencils with Erasers, 18-Count, 13018",3,0.6472137
christmas pencils,"Ticonderoga Neon Pencils, #2 Pre-Sharpened Wood Pencils with Erasers, 18-Count, 13018",2,0.6582726
pencil,"Ticonderoga Neon Pencils, #2 Pre-Sharpened Wood Pencils with Erasers, 18-Count, 13018",3,0.50627214
pencils,"Ticonderoga Neon Pencils, #2 Pre-Sharpened Wood Pencils with Erasers, 18-Count, 13018",3,0.5577197
#2 pencils,"TICONDEROGA My First Pencils, Wood-Cased #2 HB Soft, Pre-Sharpened with Eraser, Includes Bonus Sharpener, Yellow, 4-Pack (33309)",3,0.5784856
pencil,"TICONDEROGA My First Pencils, Wood-Cased #2 HB Soft, Pre-Sharpened with Eraser, Includes Bonus Sharpener, Yellow, 4-Pack (33309)",3,0.4385006
pencils,"TICONDEROGA My First Pencils, Wood-Cased #2 HB Soft, Pre-Sharpened with Eraser, Includes Bonus Sharpener, Yellow, 4-Pack (33309)",3,0.47981203
prek school supplies,"TICONDEROGA My First Pencils, Wood-Cased #2 HB Soft, Pre-Sharpened with Eraser, Includes Bonus Sharpener, Yellow, 4-Pack (33309)",1,0.4896285
#2 pencils,"Pre-Sharpened Pencil, 2, Yellow Barrel, 30/Pack - DIX13830",3,0.72104955
2b or not 2b,"Pre-Sharpened Pencil, 2, Yellow Barrel, 30/Pack - DIX13830",0,0.2855605
pencils,"Pre-Sharpened Pencil, 2, Yellow Barrel, 30/Pack - DIX13830",3,0.60300815
#2 pencils,"Wood-Cased #2 HB Pencils, Yellow, Pre-sharpened, 16 Packs of 12-Count, 192 pencils in box by Madisi",3,0.63648206
#2 pencils,Apple Pencil for iPad Pro (2nd Generation)-Serial White - Renewed,0,0.45388502
apple pencil 2,Apple Pencil for iPad Pro (2nd Generation)-Serial White - Renewed,3,0.6822302
ipad pencil 1st generation,Apple Pencil for iPad Pro (2nd Generation)-Serial White - Renewed,0,0.80384535
#2 pencils,#2 HB Pencils - Wood Cased Yellow Pencils - Pre-sharpened - Box of 144 by Cezan,3,0.68937105
#2 pencils,"Amazon Basics Woodcased #2 Pencils, Pre-sharpened, HB Lead - Box of 150, Bulk Box",3,0.6870655
amazon valentine offuce,"Amazon Basics Woodcased #2 Pencils, Pre-sharpened, HB Lead - Box of 150, Bulk Box",0,0.36114943
christmas pencils,"Amazon Basics Woodcased #2 Pencils, Pre-sharpened, HB Lead - Box of 150, Bulk Box",2,0.5921203
classroom supplies,"Amazon Basics Woodcased #2 Pencils, Pre-sharpened, HB Lead - Box of 150, Bulk Box",3,0.36337385
locker decorations for girls in middle school,"Amazon Basics Woodcased #2 Pencils, Pre-sharpened, HB Lead - Box of 150, Bulk Box",0,0.3194813
pencil,"Amazon Basics Woodcased #2 Pencils, Pre-sharpened, HB Lead - Box of 150, Bulk Box",3,0.48546004
pencils,"Amazon Basics Woodcased #2 Pencils, Pre-sharpened, HB Lead - Box of 150, Bulk Box",3,0.5458697
teacher supplies,"Amazon Basics Woodcased #2 Pencils, Pre-sharpened, HB Lead - Box of 150, Bulk Box",2,0.31771696
#2 pencils,Rose Art DDR64 #2 HB Lead USA Gold Standard Yellow Pencils 24 Pack,3,0.58161515
#2 pencils,"Ticonderoga Pencils, Wood-Cased Graphite #2 HB Soft, Pre-Sharpened, Yellow, 12 Count (X13806)",3,0.66763324
pencils,"Ticonderoga Pencils, Wood-Cased Graphite #2 HB Soft, Pre-Sharpened, Yellow, 12 Count (X13806)",3,0.5684972
engineering toys for boys,"BIC Xtra-Precision Mechanical Pencil, Metallic Barrel, Fine Point (0.5mm), 24-Count, Doesn't Smudge and Erases Cleanly",0,0.30880418
eversharp pencils,"BIC Xtra-Precision Mechanical Pencil, Metallic Barrel, Fine Point (0.5mm), 24-Count, Doesn't Smudge and Erases Cleanly",3,0.53325474
mechanical pencils,"BIC Xtra-Precision Mechanical Pencil, Metallic Barrel, Fine Point (0.5mm), 24-Count, Doesn't Smudge and Erases Cleanly",3,0.54798317
pencil,"BIC Xtra-Precision Mechanical Pencil, Metallic Barrel, Fine Point (0.5mm), 24-Count, Doesn't Smudge and Erases Cleanly",3,0.39232332
pencils,"BIC Xtra-Precision Mechanical Pencil, Metallic Barrel, Fine Point (0.5mm), 24-Count, Doesn't Smudge and Erases Cleanly",3,0.45996392
red/blue pencils,"TICONDEROGA Erasable Checking Pencils, Pre-Sharpened with Eraser, Blue, Pack of 12 (14209)",2,0.675306
0.5 lead pencil without grip,"Paper Mate 56047PP Clearpoint 0.7mm Mechanical Pencil Starter Set, Assorted Colors",2,0.53833145
mechanical pencils,"Paper Mate 56047PP Clearpoint 0.7mm Mechanical Pencil Starter Set, Assorted Colors",3,0.65341175
papermate mechanical pencil,"Paper Mate 56047PP Clearpoint 0.7mm Mechanical Pencil Starter Set, Assorted Colors",3,0.7552583
red/blue pencils,"Integra Red Grading Pencils , 12 count",2,0.6500106
100 brown bags without handles,30 Pieces Small Colored Paper Gift Bags Party Favor Bags Assorted Colors (Rainbow Without Handle),2,0.5677291
paper bags without handles,30 Pieces Small Colored Paper Gift Bags Party Favor Bags Assorted Colors (Rainbow Without Handle),3,0.41907185
100 brown bags without handles,"100 Pack 8x4.75x10 inch Medium Red Gift Paper Bags with Handles Bulk, Bagmad Kraft Bags, Craft Grocery Shopping Retail Party Favors Wedding Bags Sacks (Red, 100pcs)",3,0.3264916
100 brown bags without handles,"100 Pack 8x4.75x10 inch Medium Blue Gift Paper Bags with Handles Bulk, Bagmad Kraft Bags, Craft Grocery Shopping Retail Party Favors Wedding Bags Sacks (Navy Blue, 100pcs)",3,0.340542
paper bags without handles,"100 Pack 8x4.75x10 inch Medium Blue Gift Paper Bags with Handles Bulk, Bagmad Kraft Bags, Craft Grocery Shopping Retail Party Favors Wedding Bags Sacks (Navy Blue, 100pcs)",0,0.05703739
100 brown bags without handles,"50 Pack 8x4.75x10 inch Medium Blue Kraft Paper Bags with Handles Bulk, Bagmad Gift Bags, Craft Grocery Shopping Retail Party Favors Wedding Bags Sacks (Navy Blue, 50pcs)",2,0.2976216
paper bags without handles,"50 Pack 8x4.75x10 inch Medium Green Gift Paper Bags with Handles Bulk, Bagmad Kraft Bags, Craft Grocery Shopping Retail Party Favors Wedding Bags Sacks (Dark Green, 50pcs)",0,0.08625403
paper bags without handles,"50 Pack 8x4.75x10 inch Medium White Kraft Paper Bags with Handles Bulk, Bagmad Gift Bags, Craft Grocery Shopping Retail Birthday Party Favors Wedding Sacks Restaurant Takeout, Business (50Pcs)",2,0.012381328
paper bags without handles,"20 Qty 8.5"" x 11"" Decorative Flat Paper Gift Bags - White Polka-Dot on Brown Kraft Bags - for Sales/Treats/Parties Cookies/Gifts - N'icePackaging",3,0.17713155
100 brown bags without handles,"50 Pack 8x4.75x10 inch Plain Medium Paper Bags with Handles Bulk, Bagmad Red Kraft Bags, Craft Gift Bags, Grocery Shopping Retail Bags, Birthday Party Favors Wedding Bags Sacks (Red 50Pcs)",2,0.4274153
100 brown bags without handles,"Small Paper Bags 10.6x3.1x8.3"" BagDream Gift Bags 50Pcs Heavy Duty Kraft Brown Paper Bags with Soft Cloth Handles, Party Bags, Shopping Bags, Retail Bags, Merchandise Bags, Wedding Party Bags",2,0.3568403
100 brown bags without handles,"50 Pack 8x4.75x10 inch Plain Medium Paper Bags with Handles Bulk, Bagmad Brown Kraft Bags, Craft Gift Bags, Grocery Shopping Retail Bags, Birthday Party Favors Wedding Bags Sacks (Natural 50Pcs)",2,0.45060986
trash bags 30 gallon,"Glad ForceFlexPlus Drawstring Large Trash Bags - 30 Gallon, 50 Ct (Package May Vary)",3,0.8023513
coupons for amazon prime,"GLAD ForceFlex Protection Series Tall Kitchen Trash Bags, 13 Gal, Unscented OdorShield, 90 Ct (Package May Vary)",0,0.27841282
dorm room essentials bundle,"GLAD ForceFlex Protection Series Tall Kitchen Trash Bags, 13 Gal, Unscented OdorShield, 90 Ct (Package May Vary)",0,0.28547853
garbage bag,"GLAD ForceFlex Protection Series Tall Kitchen Trash Bags, 13 Gal, Unscented OdorShield, 90 Ct (Package May Vary)",3,0.34488156
garbage bags,"GLAD ForceFlex Protection Series Tall Kitchen Trash Bags, 13 Gal, Unscented OdorShield, 90 Ct (Package May Vary)",3,0.33617142
simple human g bags,"GLAD ForceFlex Protection Series Tall Kitchen Trash Bags, 13 Gal, Unscented OdorShield, 90 Ct (Package May Vary)",2,0.21938393
110 outlet for use without box,"Hefty Ultra Strong Tall Kitchen Trash Bags-Lavender Sweet Vanilla, 13 Gallon, 80 Count, 80 Count, White, 80 Count",0,0.22263652
20 gal kitchen trash bags,"Hefty Ultra Strong Tall Kitchen Trash Bags-Lavender Sweet Vanilla, 13 Gallon, 80 Count, 80 Count, White, 80 Count",2,0.50248647
garbage bag,"Hefty Ultra Strong Tall Kitchen Trash Bags-Lavender Sweet Vanilla, 13 Gallon, 80 Count, 80 Count, White, 80 Count",3,0.14159782
garbage bags,"Hefty Ultra Strong Tall Kitchen Trash Bags-Lavender Sweet Vanilla, 13 Gallon, 80 Count, 80 Count, White, 80 Count",3,0.14232218
hefty bins,"Hefty Ultra Strong Tall Kitchen Trash Bags-Lavender Sweet Vanilla, 13 Gallon, 80 Count, 80 Count, White, 80 Count",2,0.41805732
hefty kitchen trash bags,"Hefty Ultra Strong Tall Kitchen Trash Bags-Lavender Sweet Vanilla, 13 Gallon, 80 Count, 80 Count, White, 80 Count",3,0.5666394
warehouse clearance open box,"Hefty Ultra Strong Tall Kitchen Trash Bags-Lavender Sweet Vanilla, 13 Gallon, 80 Count, 80 Count, White, 80 Count",0,0.2171305
20 gal kitchen trash bags,"Hefty Ultra Strong Tall Kitchen Trash Bags, Blackout, Clean Burst, 13 Gallon, 80 Count",2,0.5710515
garbage bag,"Hefty Ultra Strong Tall Kitchen Trash Bags, Blackout, Clean Burst, 13 Gallon, 80 Count",3,0.2033737
garbage bags,"Hefty Ultra Strong Tall Kitchen Trash Bags, Blackout, Clean Burst, 13 Gallon, 80 Count",3,0.19550774
hefty bins,"Hefty Ultra Strong Tall Kitchen Trash Bags, Blackout, Clean Burst, 13 Gallon, 80 Count",2,0.47579116
hefty kitchen trash bags,"Hefty Ultra Strong Tall Kitchen Trash Bags, Blackout, Clean Burst, 13 Gallon, 80 Count",3,0.633636
trash bags 30 gallon,"Hefty Ultra Strong Tall Kitchen Trash Bags, Blackout, Clean Burst, 13 Gallon, 80 Count",2,0.4612132
100 brown bags without handles,"Houseables Plastic Retail Bags, Merchandise Bag, 16”x18”, 100 Pack, 1.75 Mil Thick, Black & White, Die Cut Handles, Craft Fair Supplies, Store Shopping, Glossy, For Sales, Product, Treat, Gift, Clothes, Party, Favor, Boutique",2,0.31168127
medium brown paper lunch bags,"[150 Pack] 12 LB 13 x 7 x 4.5"" Heavy Duty Kraft Paper Bags Grocery Lunch Retail Shopping Durable Natural Brown Barrel Sack",3,0.67000747
100 brown bags without handles,"EcoQuality - 13x7x17 inches - 50pcs - Large Brown Kraft Paper Bags with Handles, Shopping, Gift Bags, Party, Merchandise, Lunch Bags, Grocery Bags",0,0.48117512
paper bags without handles,"EcoQuality - 13x7x17 inches - 50pcs - Large Brown Kraft Paper Bags with Handles, Shopping, Gift Bags, Party, Merchandise, Lunch Bags, Grocery Bags",2,0.2655874
100 brown bags without handles,"50 Pack 5.25x3.25x8 inch Small Blue Gift Paper Bags with Handles Bulk, Bagmad Kraft Bags, Craft Grocery Shopping Retail Party Favors Wedding Bags Sacks (Navy Blue, 50pcs)",2,0.2820812
100 brown bags without handles,"Sturdy 5.25x3.25x8 inch 100 Pack Small Paper Bags with Handles Bulk, Bagmad Brown Kraft Bags, Gift Party Favors Grocery Retail Strong Shopping Craft Cub Sacks (Thicken, 100Pcs) (100)",2,0.44448858
paper bags without handles,"Sturdy 5.25x3.25x8 inch 100 Pack Small Paper Bags with Handles Bulk, Bagmad Brown Kraft Bags, Gift Party Favors Grocery Retail Strong Shopping Craft Cub Sacks (Thicken, 100Pcs) (100)",2,0.186901
100 brown bags without handles,"BagDream Kraft Paper Bags 8x4.25x10& 10x5x13 Totally 100Pcs Paper Gift Bags with Handles Bulk, Kraft Bags, Shopping Bags, Craft Bags, Merchandise Bags, Recyclable Paper Bags 50 Per Size",3,0.5184362
100 brown bags without handles,"100 Pack Sturdy Medium White Kraft Paper Bags with Handles Bulk, bagmad Thicken Gift Bags 8x4.75x10 inch, Craft Grocery Shopping Retail Party Favors Wedding Bags Sacks (White, 100pcs)",3,0.39247644
100 brown bags without handles,"100 Pack Medium 8x4.75x10 inch Black Kraft Paper Bags with Handles Bulk, Bagmad Gift Bags, Craft Grocery Shopping Retail Party Favors Wedding Bags Sacks (Black, 100pcs)",0,0.35859004
100 brown bags without handles,"Tomnk 32pcs Party Favor Bags 8 Colors Goodie Bags Rainbow Paper Gift Bags Bulk with Handles for Birthday Party, Candy ,Small Gift and Bridal Shower",2,0.23091435
small gift bags,"Tomnk 32pcs Party Favor Bags 8 Colors Goodie Bags Rainbow Paper Gift Bags Bulk with Handles for Birthday Party, Candy ,Small Gift and Bridal Shower",3,0.2544293
100 brown bags without handles,"100 Pack 8x4.75x10 inch Plain Medium Paper Bags with Handles Bulk, Bagmad Brown Kraft Bags, Craft Gift Bags, Grocery Shopping Retail Bags, Birthday Party Favors Wedding Bags Sacks (Natural 100Pcs)",2,0.50613844
100 brown bags without handles,"100 Pack 5.25x3.25x8 inch Brown Small Paper Bags with Handles Bulk, bagmad Gift Paper Bags, Kraft Birthday Party Favors Grocery Retail Shopping Bag, Craft Bags Takeouts Business (Plain Natural 100pcs)",0,0.39642918
paper bags without handles,"100 Pack 5.25x3.25x8 inch Brown Small Paper Bags with Handles Bulk, bagmad Gift Paper Bags, Kraft Birthday Party Favors Grocery Retail Shopping Bag, Craft Bags Takeouts Business (Plain Natural 100pcs)",2,0.14752628
100% remy hair bundles without weft for box braids,26 inch Black Braiding Hair Pre Stretched Easy Braid Hair 8 Bundles for Box Braids Hair Soft Yaki Texture Synthetic Braiding Hair Not Itchy Hot Water Setting Braids Hair for Senegalese Twist Hair,2,0.47676128
dark brown light brown box braids,Refined Products 26inch Ombre Pre-stretched Braiding Hair 6 packs Synthetic Kanekalon Easy Braid Yaki Texture Crochet Twist Braids Hair Extensions (Black/Brown/Light Brown),3,0.722489
100% ombre human hair bundles without weft for braiding,DAN NING 24 '' Pre-stretched Braiding Hair Original Kanekalon Braid Hair Extensions Yaki Texture Crochet Twist Hair Braids without Irritation 7 bundles (1b#),2,0.48157907
100% remy hair bundles without weft for box braids,DAN NING 24 '' Pre-stretched Braiding Hair Original Kanekalon Braid Hair Extensions Yaki Texture Crochet Twist Hair Braids without Irritation 7 bundles (1b#),2,0.57850504
100% ombre human hair bundles without weft for braiding,"Ombre Pre Stretched Braiding Hair, 28''-6 packs Ombre Yaki texture Braid Hair Extensions, 100% Quality Kanekalon Synthetic Colorful Hair Braids (pack of 6, 1b-30-27)",3,0.48792565
100% remy hair bundles without weft for box braids,"Ombre Pre Stretched Braiding Hair, 28''-6 packs Ombre Yaki texture Braid Hair Extensions, 100% Quality Kanekalon Synthetic Colorful Hair Braids (pack of 6, 1b-30-27)",3,0.5496805
#4 pads without wings,"Always Ultra Thin Pads Without Wings, Unscented, Long Super 40 ea (Pack of 4)",3,0.75214493
always without wings size 2,"Always Ultra Thin Pads Without Wings, Unscented, Long Super 40 ea (Pack of 4)",3,0.74626124
#4 pads without wings,Always Ultra Thin Super Long Pads Without Wings - 20 Count (2 Pack),3,0.65291345
always without wings size 2,Always Ultra Thin Super Long Pads Without Wings - 20 Count (2 Pack),3,0.77563536
#4 pads without wings,"Rael Organic Incontinence Pads Ultimate - Organic Bladder Control and Postpartum Pads, 4-Layer Core with Leak Guard Technology (20 Count)",3,0.28969324
#4 pads without wings,"ALWAYS Ultra Thin Size 2 Super Pads Without Wings Unscented, 40 Count, Pack of 3",3,0.6866186
0 size 4 pads without wings,"ALWAYS Ultra Thin Size 2 Super Pads Without Wings Unscented, 40 Count, Pack of 3",2,0.72720313
always without wings size 2,"ALWAYS Ultra Thin Size 2 Super Pads Without Wings Unscented, 40 Count, Pack of 3",3,0.7637366
long overnight pads for women heavy flow without wings,"ALWAYS Ultra Thin Size 2 Super Pads Without Wings Unscented, 40 Count, Pack of 3",3,0.613292
#4 pads without wings,Always Maxi Pads Long Super without Wings 22 ea (Pack of 2),3,0.6635493
always without wings size 2,Always Maxi Pads Long Super without Wings 22 ea (Pack of 2),3,0.7474371
long overnight pads for women heavy flow without wings,Always Maxi Pads Long Super without Wings 22 ea (Pack of 2),3,0.6734026
#4 pads without wings,"Always Ultra Thin Pads without Wings, Long Super 20 ea (Pack of 3)",3,0.7005274
always without wings size 2,"Always Ultra Thin Pads without Wings, Long Super 20 ea (Pack of 3)",2,0.77537405
#4 pads without wings,"Always Ultra Thin Pads without Wings, Long Super 20 ea (Pack of 4)",3,0.74244434
#4 pads without wings,"Always Infinity Feminine Pads for Women, Size 2, 96 Count, Heavy Absorbency, Unscented (32 Count, Pack of 3-96 Count Total)",3,0.2670365
0 size 4 pads without wings,"Always Infinity Feminine Pads for Women, Size 2, 96 Count, Heavy Absorbency, Unscented (32 Count, Pack of 3-96 Count Total)",0,0.32169664
always infinity,"Always Infinity Feminine Pads for Women, Size 2, 96 Count, Heavy Absorbency, Unscented (32 Count, Pack of 3-96 Count Total)",3,0.34856474
always without wings size 2,"Always Infinity Feminine Pads for Women, Size 2, 96 Count, Heavy Absorbency, Unscented (32 Count, Pack of 3-96 Count Total)",3,0.3410939
#4 pads without wings,"Stayfree Maxi Overnight Pads with Wings For Women, Reliable Protection and Absorbency of Feminine Periods, 28 Count",0,0.20427534
0 size 4 pads without wings,"Stayfree Maxi Overnight Pads with Wings For Women, Reliable Protection and Absorbency of Feminine Periods, 28 Count",2,0.23743282
1 for 1 chlorine free pads without wings,"Stayfree Maxi Overnight Pads with Wings For Women, Reliable Protection and Absorbency of Feminine Periods, 28 Count",2,0.3095112
long overnight pads for women heavy flow without wings,"Stayfree Maxi Overnight Pads with Wings For Women, Reliable Protection and Absorbency of Feminine Periods, 28 Count",2,0.628909
pads with wings,"Stayfree Maxi Overnight Pads with Wings For Women, Reliable Protection and Absorbency of Feminine Periods, 28 Count",3,0.292386
#4 pads without wings,"ALWAYS Ultra Thin Size 2 Super Pads Without Wings Unscented, 40 Count",3,0.67376393
always without wings size 2,"ALWAYS Ultra Thin Size 2 Super Pads Without Wings Unscented, 40 Count",3,0.7714305
#4 pads without wings,"U by Kotex Security Maxi Pads with Wings, Overnight, Unscented, 112 Count (4 Packs of 28)",2,0.4097063
0 size 4 pads without wings,"U by Kotex Security Maxi Pads with Wings, Overnight, Unscented, 112 Count (4 Packs of 28)",2,0.4488399
long overnight pads for women heavy flow without wings,"U by Kotex Security Maxi Pads with Wings, Overnight, Unscented, 112 Count (4 Packs of 28)",2,0.572665
#4 pads without wings,"Rael Organic Cotton Sanitary Pads - Large Size, Ultra Thin Pads for Women, Natural Sanitary Napkins with Wings (48 Total)",0,0.25379384
#4 pads without wings,"Rael Organic Cotton Sanitary Pads - Large Size, Ultra Thin Pads for Women, Natural Sanitary Napkins with Wings (24 Total)",2,0.25144482
#4 pads without wings,"Stayfree Ultra Thin Overnight Pads with Wings, For Women, Reliable Protection and Absorbency of Feminine Moisture, Leaks and Periods, 40 count - Pack of 3",0,0.324132
long overnight pads for women heavy flow without wings,"Stayfree Ultra Thin Overnight Pads with Wings, For Women, Reliable Protection and Absorbency of Feminine Moisture, Leaks and Periods, 40 count - Pack of 3",0,0.68942314
#4 pads without wings,"Stayfree Ultra Thin Super Long Pads with Wings For Women, Reliable Protection and Absorbency of Feminine Moisture, Leaks and Periods, 32 count - Pack of 4",0,0.37090704
long overnight pads for women heavy flow without wings,"Stayfree Ultra Thin Super Long Pads with Wings For Women, Reliable Protection and Absorbency of Feminine Moisture, Leaks and Periods, 32 count - Pack of 4",2,0.63572013
pads with wings,"Stayfree Ultra Thin Super Long Pads with Wings For Women, Reliable Protection and Absorbency of Feminine Moisture, Leaks and Periods, 32 count - Pack of 4",3,0.2956283
#4 pads without wings,Rael Organic Cotton Sanitary Pads - Certified Organic Cotton Large Pads 1 Pack and Overnight Pads 1 Pack,2,0.31516084
1 for 1 chlorine free pads without wings,Rael Organic Cotton Sanitary Pads - Certified Organic Cotton Large Pads 1 Pack and Overnight Pads 1 Pack,2,0.4949805
long overnight pads for women heavy flow without wings,Rael Organic Cotton Sanitary Pads - Certified Organic Cotton Large Pads 1 Pack and Overnight Pads 1 Pack,2,0.44368273
#4 pads without wings,"Seventh Generation Ultra Thin Pads, Super Long, 40Count",3,0.5482765
0 size 4 pads without wings,"Seventh Generation Ultra Thin Pads, Super Long, 40Count",3,0.62354666
long overnight pads for women heavy flow without wings,"Seventh Generation Ultra Thin Pads, Super Long, 40Count",3,0.47083926
#4 pads without wings,"Always Ultra Thin Pads for Women, Size 1 Regular Absorbency Without Wings Unscented, 44 Count - Pack of 3 (132 Count Total)",3,0.59109205
1 for 1 chlorine free pads without wings,"Always Ultra Thin Pads for Women, Size 1 Regular Absorbency Without Wings Unscented, 44 Count - Pack of 3 (132 Count Total)",3,0.6422058
always without wings size 2,"Always Ultra Thin Pads for Women, Size 1 Regular Absorbency Without Wings Unscented, 44 Count - Pack of 3 (132 Count Total)",3,0.6606147
#4 pads without wings,"Stayfree Maxi Super Long Pads with Wings For Women, Reliable Protection and Absorbency of Feminine Periods, 45 count",0,0.20853943
1 for 1 chlorine free pads without wings,"Stayfree Maxi Super Long Pads with Wings For Women, Reliable Protection and Absorbency of Feminine Periods, 45 count",0,0.2793545
long overnight pads for women heavy flow without wings,"Stayfree Maxi Super Long Pads with Wings For Women, Reliable Protection and Absorbency of Feminine Periods, 45 count",0,0.56483567
#4 pads without wings,"Stayfree Ultra Thin Regular Pads with Wings, 18 Count",2,0.50166684
#4 pads without wings,"ALWAYS Ultra Thin Size 1 Regular Pads Without Wings Unscented, 44 Count",0,0.7350835
always without wings size 2,"ALWAYS Ultra Thin Size 1 Regular Pads Without Wings Unscented, 44 Count",2,0.79105043
#4 pads without wings,"Always Ultra Thin Long Super Pads, 20-Count",2,0.49448025
always without wings size 2,"Always Ultra Thin Long Super Pads, 20-Count",3,0.58176386
long overnight pads for women heavy flow without wings,"Always Ultra Thin Long Super Pads, 20-Count",3,0.5520018
#4 pads without wings,"U by Kotex Security Ultra Thin Feminine Pads, Regular Absorbency, Unscented, 176 Count (4 Packs of 44) (Packaging May Vary)",3,0.513627
0 size 4 pads without wings,"U by Kotex Security Ultra Thin Feminine Pads, Regular Absorbency, Unscented, 176 Count (4 Packs of 44) (Packaging May Vary)",2,0.6049683
long overnight pads for women heavy flow without wings,"U by Kotex Security Ultra Thin Feminine Pads, Regular Absorbency, Unscented, 176 Count (4 Packs of 44) (Packaging May Vary)",2,0.56062
#4 pads without wings,"U by Kotex Security Maxi Feminine Pads, Overnight Absorbency, Unscented, 112 Count (4 Packs of 28) (Packaging May Vary)",3,0.3772614
0 size 4 pads without wings,"U by Kotex Security Maxi Feminine Pads, Overnight Absorbency, Unscented, 112 Count (4 Packs of 28) (Packaging May Vary)",3,0.45015538
long overnight pads for women heavy flow without wings,"U by Kotex Security Maxi Feminine Pads, Overnight Absorbency, Unscented, 112 Count (4 Packs of 28) (Packaging May Vary)",3,0.58545184
#4 pads without wings,"Always Maxi Feminine Pads for Women, Regular Absorbency, 24 Count, No Wings, Unscented (24 Count)",3,0.43991554
0 size 4 pads without wings,"Always Maxi Feminine Pads for Women, Regular Absorbency, 24 Count, No Wings, Unscented (24 Count)",2,0.4805015
always without wings size 2,"Always Maxi Feminine Pads for Women, Regular Absorbency, 24 Count, No Wings, Unscented (24 Count)",2,0.5016204
long overnight pads for women heavy flow without wings,"Always Maxi Feminine Pads for Women, Regular Absorbency, 24 Count, No Wings, Unscented (24 Count)",2,0.678059
#4 pads without wings,"ALWAYS Maxi Size 2 Super Pads Without Wings Unscented, 22 Count",0,0.63823545
always without wings size 2,"ALWAYS Maxi Size 2 Super Pads Without Wings Unscented, 22 Count",3,0.7725526
long overnight pads for women heavy flow without wings,"ALWAYS Maxi Size 2 Super Pads Without Wings Unscented, 22 Count",3,0.6298731
#4 pads without wings,"Seventh Generation Ultrathin Pads, Regular with wings, Free & Clear, 18 count",0,0.34019879
1 for 1 chlorine free pads without wings,"Seventh Generation Ultrathin Pads, Regular with wings, Free & Clear, 18 count",2,0.47099486
long overnight pads for women heavy flow without wings,"Seventh Generation Ultrathin Pads, Regular with wings, Free & Clear, 18 count",2,0.3732742
#4 pads without wings,"Always Maxi Feminine Pads without Wings, Long/Super, Unscented, 22 Count",3,0.674806
always without wings size 2,"Always Maxi Feminine Pads without Wings, Long/Super, Unscented, 22 Count",3,0.73658115
long overnight pads for women heavy flow without wings,"Always Maxi Feminine Pads without Wings, Long/Super, Unscented, 22 Count",3,0.7225212
#4 pads without wings,"Always Ultra Thin Pads for Women, Size 1 Regular Absorbency Without Wings Unscented, 44 Count - Pack of 3 (132 Count Total)",0,0.59109205
always without wings size 2,"Always Ultra Thin Pads for Women, Size 1 Regular Absorbency Without Wings Unscented, 44 Count - Pack of 3 (132 Count Total)",2,0.6606147
#4 pads without wings,"Always Maxi Size 4 Overnight Pads for Women, Without Wings, Unscented, 28 Count - Pack of 3 (84 Count Total)",3,0.52814233
always without wings size 2,"Always Maxi Size 4 Overnight Pads for Women, Without Wings, Unscented, 28 Count - Pack of 3 (84 Count Total)",0,0.5724395
#4 pads without wings,"Always Ultra Thin Regular Without Wings, Unscented Pads 44 Count",3,0.77087045
#4 pads without wings,"Always Maxi Size 2 Super Pads for Women, Without Wings, Unscented, 42 Count - Pack of 3 (126 Count Total)",3,0.49927467
always without wings size 2,"Always Maxi Size 2 Super Pads for Women, Without Wings, Unscented, 42 Count - Pack of 3 (126 Count Total)",3,0.5935928
long overnight pads for women heavy flow without wings,"Always Maxi Size 2 Super Pads for Women, Without Wings, Unscented, 42 Count - Pack of 3 (126 Count Total)",3,0.70362866
#4 pads without wings,"Always Pads, Ultra Thin, Without Wings, Regular 22 Pads",3,0.7795249
#4 pads without wings,"Stayfree Maxi Pads for Women, Super - 66 Count",3,0.2830996
0 size 4 pads without wings,"Stayfree Maxi Pads for Women, Super - 66 Count",3,0.34581035
1 for 1 chlorine free pads without wings,"Stayfree Maxi Pads for Women, Super - 66 Count",2,0.3840623
always without wings size 2,"Stayfree Maxi Pads for Women, Super - 66 Count",2,0.2866633
long overnight pads for women heavy flow without wings,"Stayfree Maxi Pads for Women, Super - 66 Count",3,0.57172924
#4 pads without wings,"U by Kotex Security Ultra Thin Feminine Pads, Heavy Absorbency, Unscented, 56 Count",3,0.5084967
0 size 4 pads without wings,"U by Kotex Security Ultra Thin Feminine Pads, Heavy Absorbency, Unscented, 56 Count",2,0.59245944
1 for 1 chlorine free pads without wings,"U by Kotex Security Ultra Thin Feminine Pads, Heavy Absorbency, Unscented, 56 Count",3,0.5644461
long overnight pads for women heavy flow without wings,"U by Kotex Security Ultra Thin Feminine Pads, Heavy Absorbency, Unscented, 56 Count",3,0.5858793
#4 pads without wings,Always Infinity Pads - Heavy Flow without Wings Unscented,3,0.71840155
always without wings size 2,Always Infinity Pads - Heavy Flow without Wings Unscented,3,0.804375
long overnight pads for women heavy flow without wings,Always Infinity Pads - Heavy Flow without Wings Unscented,3,0.67858064
#4 pads without wings,"Always Ultra Thin Pads Without Wings, Unscented, Long Super 40 ea",3,0.7258797
always without wings size 2,"Always Ultra Thin Pads Without Wings, Unscented, Long Super 40 ea",3,0.7595835
#4 pads without wings,"Always Maxi Pads without Wings, Unscented, Regular Pack of 2",3,0.70352817
always without wings size 2,"Always Maxi Pads without Wings, Unscented, Regular Pack of 2",3,0.8258278
#4 pads without wings,"Always Discreet Incontinence and Postpartum Liners, Very Light Absorbency, Long Length, 132 Count, Packaging may vary",3,0.35319507
0 size 4 pads without wings,"Always Discreet Incontinence and Postpartum Liners, Very Light Absorbency, Long Length, 132 Count, Packaging may vary",2,0.3829865
always without wings size 2,"Always Discreet Incontinence and Postpartum Liners, Very Light Absorbency, Long Length, 132 Count, Packaging may vary",2,0.37108737
#4 pads without wings,"Always Ultra Thin Regular Without Wings, Unscented Pads, Multicolor, 22 Count (Pack of 4)",3,0.81807446
always without wings size 2,"Always Ultra Thin Regular Without Wings, Unscented Pads, Multicolor, 22 Count (Pack of 4)",3,0.8285451
zippers,#5 Antique Brass Metallic Nylon Coil Zippers by The Yard Bulk 10 Yards Black Tape with 25pcs Brass Sliders for DIY Sewing Tailor Craft Bag Leekayer(Black),3,0.10004151
zippers,Nuburi - Zipper by The Yard - 5 Yards of Make Your Own Zipper - 20 Zipper Pulls (Black),3,0.26442796
#5 machine screws,"5/16""-18 X 2"" Stainless Phillips Round Head Machine Screw, (25pc), Coarse Thread, 18-8 (304) Stainless Steel, by Bolt Dropper",0,0.5272751
#5 machine screws,"Prime-Line 9130816 Machine Screws, Metric, Pan Head, Phillips Drive, M2.5-0.45 X 4MM, Grade A2-70 Stainless Steel, 10-Pack",0,0.5393287
#5 machine screws,"HanTof 800pcs M1/M1.2/M1.4/M1.6/M1.7 Nickel-Plated Steel Phillips Pan Head Very Small Machine Screws,Small Electronic Repair Screw,Micro Screws, Tiny Screws,Too Little Screw,Mini Screw Assortment Kit",0,0.4968663
#5 machine screws,"DYWISHKEY 360 Pieces M2.5 x 4mm/6mm/8mm/10mm/12mm/16mm/20mm/25mm, Stainless Steel 304 Hex Socket Head Cap Bolts Screws Washers Nuts Kit with Hex Wrench",0,0.59372646
m2.5 screws,"DYWISHKEY 360 Pieces M2.5 x 4mm/6mm/8mm/10mm/12mm/16mm/20mm/25mm, Stainless Steel 304 Hex Socket Head Cap Bolts Screws Washers Nuts Kit with Hex Wrench",3,0.5281378
#5 machine screws,1275pcs Black Nylon Flat Pan Head Machine Screw Metric Thread Countersunk Round Head Bolt Assortment Set Kit M2 M2.5 M3 M4 M5 M6,0,0.5646488
#5 machine screws,"5/16-18 x 3/4” Flat Head Machine Screws, Phillips Drive, Stainless Steel 18-8, Full Thread, Bright Finish, Machine Thread, Quantity 25 by Bridge Fasteners",0,0.46297503
#5 machine screws,"24pcs 8-32 x 1-1/2"" Machine Screws Metal Mounting Hardware Fitting Fastening Accessories Cross Slotted Round Phillips Head Screw Bolt",0,0.4926163
#5 machine screws,"5/16""-18 X 1"" Stainless Phillips Truss Head Machine Screw, (25pc), Coarse Thread, 18-8 (304) Stainless Steel, by Bolt Dropper",0,0.5278673
#5 machine screws,"Hard-to-Find Fastener 014973199494 Phillips Pan Machine Screws, 8-32 x 2-1/2-Inch, 35-Piece",0,0.49830663
#5 machine screws,"Steel Pan Head Machine Screw, Black Oxide Finish, Meets DIN 7985, #1 Phillips Drive, M3-0.5 Thread Size, 6 mm Length, Fully Threaded, Import (Pack of 100)",0,0.5216366
#5 machine screws,"Steel Pan Head Machine Screw, Black Oxide Finish, Meets DIN 7985, #1 Phillips Drive, M2.5-0.45 Thread Size, 3 mm Length, Fully Threaded, Import (Pack of 100)",0,0.46915358
#5 machine screws,"Steel Pan Head Machine Screw, Zinc Plated, Meets ASME B18.6.3, #2 Phillips Drive, #8-32 Thread Size, 5"" Length, Fully Threaded, Imported (Pack of 10)",0,0.5182681
#5 machine screws,"Steel Machine Screw, Zinc Plated Finish, Flat Head, Phillips Drive, 6mm Length, M3.5-0.6 Metric Coarse Threads (Pack of 100)",0,0.5099189
#5 machine screws,"Stainless Steel Machine Screw, Plain Finish, Flat Head, Phillips Drive, 1/4"" Length, #5-40 Threads (Pack of 100)",3,0.47260877
#5 machine screws,"#10-24 X 4'' Stainless Phillips Oval Head Machine Screw, (25 pc), 18-8 (304) Stainless Steel, by Bolt Dropper",0,0.474558
#5 machine screws,"Class 4.8 Steel Machine Screw, Zinc Plated Finish, Flat Head, Phillips Drive, Meets DIN 965, 12mm Length, M3-0.5 Metric Coarse Threads (Pack of 100)",0,0.5087309
#5 orb to not fitting,BLACK 6AN AN-6 to M14x1.5 NPT Male Thread Straight Aluminum Fitting Adapter,0,0.23339593
#5 orb to not fitting,2 Pieces 6 AN ORB Male to 5/16 SAE Quick-Disconnect Female Fuel Pump Adapter Push-On EFI Fitting Aluminum O-ring,3,0.29579753
#5 orb to not fitting,"EVIL ENERGY 6AN Male to 5/16"" Straight Push Hose Barb Fittings Adapter EFI Fitting Aluminum",0,0.40894878
#5 orb to not fitting,EVIL ENERGY 8AN Female to 8AN Female Straight Swivel Coupler Fitting Adapter Union Aluminium Anodized Black,0,0.44400606
#5 orb to not fitting,EVIL ENERGY AN6 6AN Flare to 6AN ORB Male O-ring Boss Fuel Pump Rail Adapter Fitting Aluminum Black Pack of 2,3,0.2434856
#5 orb to not fitting,"6AN Flare to 3/8 Hose Barb Fuel Line Fitting Adapter Aluminum 6 AN Male to 3/8"" Push-on Barbed Pipe Connector Black",3,0.24752113
#5 orb to not fitting,"Aluminum Female 1/8"" NPT to 4 AN Male Expander, Female 1/8 NPT to AN4 Male Thread Expand Adaptor, Black",1,0.25269526
#5 orb to not fitting,BLACK 10AN AN-10 to M18x1.5 NPT Male Thread Straight Aluminum Fitting Adapter,3,0.23780411
#5 orb to not fitting,EVIL ENERGY 10AN 90 Degree Push Lock Hose Fitting End Black,3,0.5067177
#5 orb to not fitting,ICT Billet -6AN Flare to 6 Oring ORB Male Fuel Pump Rail Adapter Fitting Flare Hose Plumbing Oil Straight Thread Regulator Port Fluid End Black Anodized F06AN060R,3,0.2334393
#5 orb to not fitting,SYKRSS Female to 6AN Male Flare 90 Degree Swivel Hose Fitting Adapter Aluminium Anodized Black,0,0.24824934
#5 orb to not fitting,EVIL ENERGY 6AN 90 Degree Swivel Hose End Fitting for braided fuel line Aluminum Alloy Black&Red,0,0.32650325
#5 orb to not fitting,"Russell 660460 Blue Anodized Aluminum -6AN Flare to 3/8"" NPT Pipe Adapter",2,0.3014589
-6 an male to 3/8 not adapter,"Russell 660460 Blue Anodized Aluminum -6AN Flare to 3/8"" NPT Pipe Adapter",3,0.32177353
#5 orb to not fitting,"EVIL ENERGY 6AN Male To 5/16"" SAE Quick Disconnect Male Push On EFI Fitting Adapter Aluminum",3,0.38859433
replacement engine for lawn mowers,Briggs & Stratton Starter Rope & Grip 5042K,1,0.36967725
replacement pulls,Briggs & Stratton Starter Rope & Grip 5042K,3,0.44676897
portable lint remover,Gleener Ultimate Fuzz Remover Fabric Shaver & Lint Brush | Adjustable Depiller for Clothes & Furniture (Slate Blue),3,0.37115157
dear skull chain,"RamPro Hide-a-Spare-Key Fake Rock - Looks & Feels like Real Stone - Safe for Outdoor Garden or Yard, Geocaching (1)",0,0.36207855
not your keys not your coins,"RamPro Hide-a-Spare-Key Fake Rock - Looks & Feels like Real Stone - Safe for Outdoor Garden or Yard, Geocaching (1)",0,0.32395476
police scanner,"Uniden Bearcat BC125AT Handheld Scanner, 500-Alpha-Tagged Channels, Close Call Technology, PC Programable, Aviation, Marine, Railroad, NASCAR, Racing, and Non-Digital Police/Fire/Public Safety.",3,0.32437795
uniden,"Uniden Bearcat BC125AT Handheld Scanner, 500-Alpha-Tagged Channels, Close Call Technology, PC Programable, Aviation, Marine, Railroad, NASCAR, Racing, and Non-Digital Police/Fire/Public Safety.",3,0.12946475
1 item received second item not in package,Custom Self-Inking Stamp - Up to 3 Lines - 11 Color Choices and 17 Font Choices,1,0.3303733
personal return address stamp,Custom Self-Inking Stamp - Up to 3 Lines - 11 Color Choices and 17 Font Choices,2,0.46623212
#8 merchandising tags without string,"Hang Tag String Black 7"" 1000Pcs Nylon Snap Lock Pin Loop Fastener Hook Ties Easy and Fast to Attach by Renashed",0,0.24651521
clothing tag ties,"Hang Tag String Black 7"" 1000Pcs Nylon Snap Lock Pin Loop Fastener Hook Ties Easy and Fast to Attach by Renashed",3,0.45044497
#8 merchandising tags without string,"Price Tags with String Attached, 1000pcs White Matte Surface Marking Merchandise Strung Tags Writable Label Small Hang Tag for Pricing Gift Jewelry Clothing Yard Sale Garage Supplies 1.75 x 1.093 inch",2,0.2594447
#8 merchandising tags without string,"Gift Tags - 1000-Pack Kraft Paper Tags, Merchandise Tags, Writable Tags, Mini Tags, Craft Hang Labels, Name Price Size Labels, for Wedding, Birthday, Party Favor, Kraft Brown, 0.95 x 1.75 inches",3,0.23214191
#8 merchandising tags without string,"Amram Comfort Grip Tagging Gun for Clothing, Retail Price Tag Attacher, Kit Includes 2 Gray Standard Taggers, 6 Needles; Pro Quality, Easy to Use",1,0.22133818
#8 merchandising tags without string,"FEMELI Unstrung Marking Tags,1.75 x 1.1 Inches Price Tags,1000 Pcs White Merchandise Tags for Sale",2,0.3406021
#8 merchandising tags without string,"SmartSign Pack of 250 Numbered Repair Tags with Attached String | 5 1/4"" x 2 5/8"" Manila Cardstock",2,0.2235673
#8 merchandising tags without string,"500Pcs Price Tags with String Attached by Divine Light, 0.91 x 0.55 inches Premium Writable Jewelry Tags, Paper Sale Tags with String Pricing Tags - for Anything You Need to Identify or Price",2,0.23415591
#8 merchandising tags without string,"FEMELI Unstrung Marking Tags,2000 Pcs Price Tags,1.75 x 1.1 Inches,White Merchandise Tags for Sale",3,0.32636675
#8 merchandising tags without string,"Shapenty Small Blank Writable Paper Price Marking Tags Label Gift Clothing Display Tags with Hanging String for Craft Homemade Jewelry Ornaments Pricing, 25x13mm,100PCS (White)",2,0.415128
#8 merchandising tags without string,"900 Pcs Price Tags, Clothes Size Tags Coupon Tags Making Tag White Store Tags Clothing Tags, 1.77 X 1.38 Inches",3,0.30481637
#8 merchandising tags without string,"Marking Tags Price Tags Writable Blank Price Labels Display Tags with Elastic Hanging String, Kraft (300 Packs, 1.02 x 0.47 Inch)",3,0.36757654
#8 merchandising tags without string,"Price Tags with String Attached, 500pcs White Smooth Surface Marking Merchandise Strung Tag Writable Label Small Hang Tag for Pricing Gift Jewelry Clothing Yard Sale Garage Supplies 1.375 x 0.875 inch",2,0.24718659
clothing tag ties,"Price Tags with String Attached, 500pcs White Smooth Surface Marking Merchandise Strung Tag Writable Label Small Hang Tag for Pricing Gift Jewelry Clothing Yard Sale Garage Supplies 1.375 x 0.875 inch",2,0.33024943
#8 merchandising tags without string,300 Pieces Marking Tags Kraft Price Tags Writable Blank Price Labels Display Tags with Elastic Hanging String(1.38 x 0.71 Inch),2,0.32545635
#8 merchandising tags without string,"500 Pack Jewelry Tags with String by Ummeral, Premium Writable Sales Tags White Marking Tags for Jewelry Small Items, Sale Price Tags Display Labels - 1.37 x 0.86 Inches",3,0.20786695
#8 merchandising tags without string,"SmartSign Blank Manila Shipping Tags with Wire, Size #5 | 13pt Cardstock Tags, 4 3/4"" x 2 3/8"", Pack of 100",3,0.50805616
#8 merchandising tags without string,"SmartSign Blank Manila Shipping Tags with Wire, Size #8 | 13pt Cardstock Tags, 6 1/4"" x 3 1/8"", Pack of 100",2,0.5955696
#8 merchandising tags without string,"500 Pcs 7 Inch Hang Tag Fasteners White Nylon Strings and 500 Pcs 0.85 Inch Gold Metal Ground Safety Pins Clothes, Lock Pin Security Loop for Retail Store Clothing Accessory Price Pins…",0,0.3067509
#8 merchandising tags without string,"Bastex 500 pack Price Tags, Labels, Sale Tag. Tags with String attached. Hang tags Label for Stores, Jewelry, Merchandise, Clothing, Garage Sale, Yard Sale, Consignment Sale, 3.5cm x 2.2 cm",0,0.21728668
#8 merchandising tags without string,"Amram Price Tags 1.75-in x 1.1-in Strung, Scalloped, White, 1,000 Tags",2,0.2554056
#8 merchandising tags without string,"1000 Pieces Price Tags and Hang Tag String, Marking Tags Unstrung Coupon Tags Store Tags Clothing Tags and Nylon String Snap Lock Pin Loop Fastener Hook Ties for Clothes Retail Store (White)",0,0.29584303
#8 merchandising tags without string,"Price Tags with String Attached, 1000pcs White Smooth Surface Marking Merchandise Strung Tags Writable Label Hang Tags for Pricing Gift Jewelry Clothing Yard Sale Garage Supplies 1.75 x 1.093 inch",0,0.27374676
#8 merchandising tags without string,"Price Tags Without String, 1000pcs Smooth Surface White Tags Marking Merchandise Unstrung Tags Small Label Hang Tags for Pricing Gift Jewelry Clothing Yard Sale Garage Supplies 1.75 x 1.093 inch",3,0.6102861
#8 merchandising tags without string,"Avery 12201 Medium-Weight White Marking Tags, 2 3/4 x 1 11/16 (Box of 1000) - Packaging May Vary",2,0.36331767
#8 merchandising tags without string,"Avery Unstrung Shipping Tags, 11.5 pt. Stock, 4-3/4"" x 2-3/8"", 1,000 Manila Hang Tags (12305)",3,0.38512915
#8 merchandising tags without string,"Avery Unstrung Shipping Tags, 11.5 pt. Stock, 2-3/4"" x 1-3/8"", 1,000 Manila Hang Tags (12301)",3,0.393633
#8 merchandising tags without string,"SmartSign""White Merchandise Tags with Long String"" Easy to Attach, 1.75"" x 2.875"" | Pack of 1000",2,0.27078688
#8 merchandising tags without string,"SmartSign Dark Green Tags | 13pt Cardstock Tag, 2.375"" x 4.75"", Pack of 1000",3,0.38125914
#8 merchandising tags without string,"SmartSign Pack of 1000 Repair Tags with Attached String | 2.625"" x 5.25"" Manila Cardstock",0,0.2759946
#8 merchandising tags without string,"SmartSign Blank Manila Shipping Tags with Fiber Patch | 7 1/4"" x 3 5/8"" Cardstock, Pack of 100",3,0.52899635
#8 merchandising tags without string,"Large (1.75"" X 2.875"") White Blank Merchandise Tag. Case of 2,000 Tags.",3,0.3942116
#8 merchandising tags without string,"SmartSign ""Pack of 1000 Large Garment Tags"" | 1.75"" x 2.875""",3,0.2874028
#8 merchandising tags without string,"Avery Textured White Scallop Round Paper Tags, 2-1/2-Inch Without Strings, Laser/Inkjet, Print-to-The-Edge, 90 Tags per Package (80511)",3,0.54420483
#8 merchandising tags without string,"Merchandise Tags #8, White, Scalloped, Hole (no Strings), 2 7/8 x 1 3/4, Box of 1000",3,0.6350813
#8 merchandising tags without string,"Price Tags,Clothes Tags,Clothing Tags,Merchandise Marking Tags,White Paper Price Tag Labels,Box of 1000",3,0.27775565
#8 merchandising tags without string,"Price Tags with Strings Attached, 1000pcs Marking White Merchandise Hang Tags Labels for Goods Gifts Jewelry Clothing Garage Clearance Sale Yard Rummage Sale Supplies 1-3/8 x 2-1/8 (1.37x2.16) inch",0,0.2919227
laundry tags,"Price Tags with Strings Attached, 1000pcs Marking White Merchandise Hang Tags Labels for Goods Gifts Jewelry Clothing Garage Clearance Sale Yard Rummage Sale Supplies 1-3/8 x 2-1/8 (1.37x2.16) inch",3,0.30215895
#8 merchandising tags without string,"Price Tags, Kraft Paper Gift Tags 100 PCS Paper Tags with 100 Feet Jute String for Arts and Crafts, Wedding Christmas Day Thanksgiving,7 cm X 4 cm",2,0.22400042
#8 merchandising tags without string,"1000 PCS Price Tags, Clothes Size Tags Coupon Tags Making Tag Store Tags Clothing Tags, 1.94"" X 1.38"" with Exquisite Box Package",3,0.257916
#8 merchandising tags without string,"Kraft Tags,100 PCS White Kraft Paper Tag with 100 Feet Jute Twine String, Rectangle Tags 3.5"" x 1.7""",2,0.25336584
#8 merchandising tags without string,"Amram Marking Tags, Unstrung Scalloped 1.75-in x 1.1-in, White, 1,000 Tags",1,0.33716223
#8 merchandising tags without string,"White Marking Tags Price Tags Price Labels Display Tags with Hanging String, 500 Pack (35 x 22 mm)",3,0.1995407
bio green curtind,ThermoPro TP03B Termómetro Digital Cocina de Lectura instantánea Termometro Barbacoa para Carne Líquidos Alimentos Leche Aceite,0,0.37122062
bio green curtind,ThermoPro TP03 Digital Instant Read Meat Thermometer Kitchen Cooking Food Candy Thermometer with Backlight and Magnet for Oil Deep Fry BBQ Grill Smoker Thermometer,0,0.21120998
gormet kitchen spices,ThermoPro TP03B Termómetro Digital Cocina de Lectura instantánea Termometro Barbacoa para Carne Líquidos Alimentos Leche Aceite,0,0.4427377
gormet kitchen spices,ThermoPro TP03 Digital Instant Read Meat Thermometer Kitchen Cooking Food Candy Thermometer with Backlight and Magnet for Oil Deep Fry BBQ Grill Smoker Thermometer,0,0.55923504
grill for on kitchen table,ThermoPro TP03B Termómetro Digital Cocina de Lectura instantánea Termometro Barbacoa para Carne Líquidos Alimentos Leche Aceite,0,0.15394321
grill for on kitchen table,ThermoPro TP03 Digital Instant Read Meat Thermometer Kitchen Cooking Food Candy Thermometer with Backlight and Magnet for Oil Deep Fry BBQ Grill Smoker Thermometer,0,0.6314204
oil well,ThermoPro TP03B Termómetro Digital Cocina de Lectura instantánea Termometro Barbacoa para Carne Líquidos Alimentos Leche Aceite,0,0.4057752
oil well,ThermoPro TP03 Digital Instant Read Meat Thermometer Kitchen Cooking Food Candy Thermometer with Backlight and Magnet for Oil Deep Fry BBQ Grill Smoker Thermometer,0,0.18140134
professional grade food thermometer,ThermoPro TP03B Termómetro Digital Cocina de Lectura instantánea Termometro Barbacoa para Carne Líquidos Alimentos Leche Aceite,3,0.34576482
professional grade food thermometer,ThermoPro TP03 Digital Instant Read Meat Thermometer Kitchen Cooking Food Candy Thermometer with Backlight and Magnet for Oil Deep Fry BBQ Grill Smoker Thermometer,3,0.59427446
super wings buttons,ThermoPro TP03B Termómetro Digital Cocina de Lectura instantánea Termometro Barbacoa para Carne Líquidos Alimentos Leche Aceite,0,0.31326407
super wings buttons,ThermoPro TP03 Digital Instant Read Meat Thermometer Kitchen Cooking Food Candy Thermometer with Backlight and Magnet for Oil Deep Fry BBQ Grill Smoker Thermometer,0,0.047034714
ultra ice wall ice pack replacements,ThermoPro TP03B Termómetro Digital Cocina de Lectura instantánea Termometro Barbacoa para Carne Líquidos Alimentos Leche Aceite,0,0.41955394
ultra ice wall ice pack replacements,ThermoPro TP03 Digital Instant Read Meat Thermometer Kitchen Cooking Food Candy Thermometer with Backlight and Magnet for Oil Deep Fry BBQ Grill Smoker Thermometer,0,0.31826407
wholesale candy boxes,ThermoPro TP03B Termómetro Digital Cocina de Lectura instantánea Termometro Barbacoa para Carne Líquidos Alimentos Leche Aceite,0,0.3844334
wholesale candy boxes,ThermoPro TP03 Digital Instant Read Meat Thermometer Kitchen Cooking Food Candy Thermometer with Backlight and Magnet for Oil Deep Fry BBQ Grill Smoker Thermometer,0,0.27791634
solar lights not motion sensor,"Solar Lights Outdoor [6 Pack/3 Working Mode], SEZAC Solar Security Lights Solar Motion Sensor Lights Wireless IP 65 Waterproof Outdoor Lights for Garden Fence Patio Garage (42 LED)",0,0.3375325
solar lights outdoor,"Solar Lights Outdoor [6 Pack/3 Working Mode], SEZAC Solar Security Lights Solar Motion Sensor Lights Wireless IP 65 Waterproof Outdoor Lights for Garden Fence Patio Garage (42 LED)",3,0.48642153
ultra bright solar lights,"Solar Lights Outdoor [6 Pack/3 Working Mode], SEZAC Solar Security Lights Solar Motion Sensor Lights Wireless IP 65 Waterproof Outdoor Lights for Garden Fence Patio Garage (42 LED)",3,0.42720053
42” glass top table,"Full Motion TV Wall Mount Bracket Dual Articulating Arms Swivels Tilts Rotation for Most 37-70 Inch LED, LCD, OLED Flat Curved TVs, Holds up to 132lbs, Max VESA 600x400mm by Pipishell",0,0.3606357
4k tv swivel for 2 leg tvs,"Full Motion TV Wall Mount Bracket Dual Articulating Arms Swivels Tilts Rotation for Most 37-70 Inch LED, LCD, OLED Flat Curved TVs, Holds up to 132lbs, Max VESA 600x400mm by Pipishell",2,0.69933224
55 inch tv mount wall,"Full Motion TV Wall Mount Bracket Dual Articulating Arms Swivels Tilts Rotation for Most 37-70 Inch LED, LCD, OLED Flat Curved TVs, Holds up to 132lbs, Max VESA 600x400mm by Pipishell",3,0.6981277
corner curved tv wall mount 65 inch,"Full Motion TV Wall Mount Bracket Dual Articulating Arms Swivels Tilts Rotation for Most 37-70 Inch LED, LCD, OLED Flat Curved TVs, Holds up to 132lbs, Max VESA 600x400mm by Pipishell",2,0.71315366
samsung tcl 43 inch,"Full Motion TV Wall Mount Bracket Dual Articulating Arms Swivels Tilts Rotation for Most 37-70 Inch LED, LCD, OLED Flat Curved TVs, Holds up to 132lbs, Max VESA 600x400mm by Pipishell",1,0.487348
tv mount,"Full Motion TV Wall Mount Bracket Dual Articulating Arms Swivels Tilts Rotation for Most 37-70 Inch LED, LCD, OLED Flat Curved TVs, Holds up to 132lbs, Max VESA 600x400mm by Pipishell",3,0.5060235
tv mount 40 rca,"Full Motion TV Wall Mount Bracket Dual Articulating Arms Swivels Tilts Rotation for Most 37-70 Inch LED, LCD, OLED Flat Curved TVs, Holds up to 132lbs, Max VESA 600x400mm by Pipishell",3,0.5001596
a screen protector,"Mkeke Compatible with iPhone XR Screen Protector, iPhone 11 Screen Protector, Tempered Glass Film for Apple iPhone XR and iPhone 11, 3-Pack Clear",3,0.41376895
inpjone 11 slim glass,"Mkeke Compatible with iPhone XR Screen Protector, iPhone 11 Screen Protector, Tempered Glass Film for Apple iPhone XR and iPhone 11, 3-Pack Clear",3,0.37598163
iphone 11 alpha glass screen protector,"Mkeke Compatible with iPhone XR Screen Protector, iPhone 11 Screen Protector, Tempered Glass Film for Apple iPhone XR and iPhone 11, 3-Pack Clear",2,0.7739657
iphone 11 screen protector,"Mkeke Compatible with iPhone XR Screen Protector, iPhone 11 Screen Protector, Tempered Glass Film for Apple iPhone XR and iPhone 11, 3-Pack Clear",3,0.72337985
iphone 7 under 150 dollars unlocked,"Mkeke Compatible with iPhone XR Screen Protector, iPhone 11 Screen Protector, Tempered Glass Film for Apple iPhone XR and iPhone 11, 3-Pack Clear",2,0.52200913
iphone xs screen protector,"Mkeke Compatible with iPhone XR Screen Protector, iPhone 11 Screen Protector, Tempered Glass Film for Apple iPhone XR and iPhone 11, 3-Pack Clear",0,0.7463418
ipone xr screen protecter,"Mkeke Compatible with iPhone XR Screen Protector, iPhone 11 Screen Protector, Tempered Glass Film for Apple iPhone XR and iPhone 11, 3-Pack Clear",3,0.5063096
under $10,"Mkeke Compatible with iPhone XR Screen Protector, iPhone 11 Screen Protector, Tempered Glass Film for Apple iPhone XR and iPhone 11, 3-Pack Clear",3,0.24893703
bed frame,"Amazon Basics Foldable, 14"" Black Metal Platform Bed Frame with Tool-Free Assembly, No Box Spring Needed - Twin",3,0.19279236
bed/couch frame double size,"Amazon Basics Foldable, 14"" Black Metal Platform Bed Frame with Tool-Free Assembly, No Box Spring Needed - Twin",2,0.44208735
kingsize bed frams,"Amazon Basics Foldable, 14"" Black Metal Platform Bed Frame with Tool-Free Assembly, No Box Spring Needed - Twin",2,0.23947725
metal bed,"Amazon Basics Foldable, 14"" Black Metal Platform Bed Frame with Tool-Free Assembly, No Box Spring Needed - Twin",3,0.39143863
playfoarm,"Amazon Basics Foldable, 14"" Black Metal Platform Bed Frame with Tool-Free Assembly, No Box Spring Needed - Twin",3,0.08896658
twin bed,"Amazon Basics Foldable, 14"" Black Metal Platform Bed Frame with Tool-Free Assembly, No Box Spring Needed - Twin",3,0.32407805
twin rollaway bed with mattress,"Amazon Basics Foldable, 14"" Black Metal Platform Bed Frame with Tool-Free Assembly, No Box Spring Needed - Twin",0,0.33206183
1 gpm propane water heater not adapter,"AquaBliss High Output Revitalizing Shower Filter - Reduces Dry Itchy Skin, Dandruff, Eczema, and Dramatically Improves The Condition of Your Skin, Hair and Nails - Chrome (SF100)",0,0.2290018
bio green curtind,"AquaBliss High Output Revitalizing Shower Filter - Reduces Dry Itchy Skin, Dandruff, Eczema, and Dramatically Improves The Condition of Your Skin, Hair and Nails - Chrome (SF100)",0,0.363384
brit s water filter,"AquaBliss High Output Revitalizing Shower Filter - Reduces Dry Itchy Skin, Dandruff, Eczema, and Dramatically Improves The Condition of Your Skin, Hair and Nails - Chrome (SF100)",2,0.3297022
shower filter,"AquaBliss High Output Revitalizing Shower Filter - Reduces Dry Itchy Skin, Dandruff, Eczema, and Dramatically Improves The Condition of Your Skin, Hair and Nails - Chrome (SF100)",3,0.45887524
showerhead filter,"AquaBliss High Output Revitalizing Shower Filter - Reduces Dry Itchy Skin, Dandruff, Eczema, and Dramatically Improves The Condition of Your Skin, Hair and Nails - Chrome (SF100)",3,0.42535186
water softer shower head high pressure,"AquaBliss High Output Revitalizing Shower Filter - Reduces Dry Itchy Skin, Dandruff, Eczema, and Dramatically Improves The Condition of Your Skin, Hair and Nails - Chrome (SF100)",3,0.5978761
apple pen,"TaoTronics LED Desk Lamp, Eye-caring Table Lamps, Dimmable Office Lamp with USB Charging Port, 5 Lighting Modes with 7 Brightness Levels, Touch Control, White, 12W, Philips EnabLED Licensing Program",0,0.19621593
art of aromas posters,"TaoTronics LED Desk Lamp, Eye-caring Table Lamps, Dimmable Office Lamp with USB Charging Port, 5 Lighting Modes with 7 Brightness Levels, Touch Control, White, 12W, Philips EnabLED Licensing Program",0,0.2586914
bright light table lamps,"TaoTronics LED Desk Lamp, Eye-caring Table Lamps, Dimmable Office Lamp with USB Charging Port, 5 Lighting Modes with 7 Brightness Levels, Touch Control, White, 12W, Philips EnabLED Licensing Program",2,0.4265868
college essentials,"TaoTronics LED Desk Lamp, Eye-caring Table Lamps, Dimmable Office Lamp with USB Charging Port, 5 Lighting Modes with 7 Brightness Levels, Touch Control, White, 12W, Philips EnabLED Licensing Program",3,0.23735847
desk lamp w/magnifier,"TaoTronics LED Desk Lamp, Eye-caring Table Lamps, Dimmable Office Lamp with USB Charging Port, 5 Lighting Modes with 7 Brightness Levels, Touch Control, White, 12W, Philips EnabLED Licensing Program",3,0.60736126
ergonomic office chair,"TaoTronics LED Desk Lamp, Eye-caring Table Lamps, Dimmable Office Lamp with USB Charging Port, 5 Lighting Modes with 7 Brightness Levels, Touch Control, White, 12W, Philips EnabLED Licensing Program",0,0.60578454
portable table light,"TaoTronics LED Desk Lamp, Eye-caring Table Lamps, Dimmable Office Lamp with USB Charging Port, 5 Lighting Modes with 7 Brightness Levels, Touch Control, White, 12W, Philips EnabLED Licensing Program",2,0.36727673
rhino lamp,"TaoTronics LED Desk Lamp, Eye-caring Table Lamps, Dimmable Office Lamp with USB Charging Port, 5 Lighting Modes with 7 Brightness Levels, Touch Control, White, 12W, Philips EnabLED Licensing Program",2,0.2600797
50 inch wall mount,"Mounting Dream TV Mount TV Wall Mount with Swivel and Tilt for Most 32-55 Inch TV, UL Listed Full Motion TV Mount with Articulating Dual Arms, Max VESA 400x400mm, 99 lbs. Loading, 16 inch Studs MD2380",3,0.40408903
55 inch tv mount wall,"Mounting Dream TV Mount TV Wall Mount with Swivel and Tilt for Most 32-55 Inch TV, UL Listed Full Motion TV Mount with Articulating Dual Arms, Max VESA 400x400mm, 99 lbs. Loading, 16 inch Studs MD2380",3,0.65385747
hangers in bulk 300,"Mounting Dream TV Mount TV Wall Mount with Swivel and Tilt for Most 32-55 Inch TV, UL Listed Full Motion TV Mount with Articulating Dual Arms, Max VESA 400x400mm, 99 lbs. Loading, 16 inch Studs MD2380",0,0.35714802
tv mount,"Mounting Dream TV Mount TV Wall Mount with Swivel and Tilt for Most 32-55 Inch TV, UL Listed Full Motion TV Mount with Articulating Dual Arms, Max VESA 400x400mm, 99 lbs. Loading, 16 inch Studs MD2380",3,0.49718273
tv mount 40 rca,"Mounting Dream TV Mount TV Wall Mount with Swivel and Tilt for Most 32-55 Inch TV, UL Listed Full Motion TV Mount with Articulating Dual Arms, Max VESA 400x400mm, 99 lbs. Loading, 16 inch Studs MD2380",3,0.62279916
50 inch wall mount,"Mounting Dream UL Listed TV Mount for Most 37-70 Inch TV, Universal Tilt TV Wall Mount Fit 16"", 18"", 24"" Stud with Loading 132 lbs & Max VESA 600x400mm, Low Profile Flat Wall Mount Bracket MD2268-LK",3,0.44124794
55 inch tv mount wall,"Mounting Dream UL Listed TV Mount for Most 37-70 Inch TV, Universal Tilt TV Wall Mount Fit 16"", 18"", 24"" Stud with Loading 132 lbs & Max VESA 600x400mm, Low Profile Flat Wall Mount Bracket MD2268-LK",3,0.64879656
hangers in bulk 300,"Mounting Dream UL Listed TV Mount for Most 37-70 Inch TV, Universal Tilt TV Wall Mount Fit 16"", 18"", 24"" Stud with Loading 132 lbs & Max VESA 600x400mm, Low Profile Flat Wall Mount Bracket MD2268-LK",0,0.3809731
tv mount,"Mounting Dream UL Listed TV Mount for Most 37-70 Inch TV, Universal Tilt TV Wall Mount Fit 16"", 18"", 24"" Stud with Loading 132 lbs & Max VESA 600x400mm, Low Profile Flat Wall Mount Bracket MD2268-LK",3,0.5012665
vizio sound bar 46 inch,"Mounting Dream UL Listed TV Mount for Most 37-70 Inch TV, Universal Tilt TV Wall Mount Fit 16"", 18"", 24"" Stud with Loading 132 lbs & Max VESA 600x400mm, Low Profile Flat Wall Mount Bracket MD2268-LK",0,0.41295666
plastic shower curtain liner,"LiBa PEVA 8G Bathroom Shower Curtain Liner, 72"" W x 72"" H, Clear, 8G Heavy Duty Waterproof Shower Curtain Liner",3,0.5390273
queen bed office on bottom,"LiBa PEVA 8G Bathroom Shower Curtain Liner, 72"" W x 72"" H, Clear, 8G Heavy Duty Waterproof Shower Curtain Liner",0,0.3727266
shower liner,"LiBa PEVA 8G Bathroom Shower Curtain Liner, 72"" W x 72"" H, Clear, 8G Heavy Duty Waterproof Shower Curtain Liner",3,0.561521
under $10,"LiBa PEVA 8G Bathroom Shower Curtain Liner, 72"" W x 72"" H, Clear, 8G Heavy Duty Waterproof Shower Curtain Liner",2,0.14104646
bed frame,"ZINUS Compack Metal Bed Frame / 7 Inch Support Bed Frame for Box Spring and Mattress Set, Black, Queen",3,0.5911535
canopy bed frame queen,"ZINUS Compack Metal Bed Frame / 7 Inch Support Bed Frame for Box Spring and Mattress Set, Black, Queen",2,0.6465924
metal bed frame queen,"ZINUS Compack Metal Bed Frame / 7 Inch Support Bed Frame for Box Spring and Mattress Set, Black, Queen",2,0.7777896
dewalt 14.4v drill,"DEWALT 20V Max Cordless Drill / Driver Kit, Compact, 1/2-Inch (DCD771C2)",3,0.5280351
dewalt grease gun without battery,"DEWALT 20V Max Cordless Drill / Driver Kit, Compact, 1/2-Inch (DCD771C2)",0,0.5691445
drilling machine,"DEWALT 20V Max Cordless Drill / Driver Kit, Compact, 1/2-Inch (DCD771C2)",3,0.31847107
motor tool dewalt,"DEWALT 20V Max Cordless Drill / Driver Kit, Compact, 1/2-Inch (DCD771C2)",3,0.40693408
computer monitor wall mount 27in,"VIVO Dual LCD LED 13 to 27 inch Monitor Desk Mount Stand, Heavy Duty Fully Adjustable, Fits 2 Screens, STAND-V002",3,0.55778635
20v max black and decker,"BLACK+DECKER 20V MAX Cordless Drill / Driver with 30-Piece Accessories (LD120VA) , Orange",3,0.59152484
black and decker drill,"BLACK+DECKER 20V MAX Cordless Drill / Driver with 30-Piece Accessories (LD120VA) , Orange",3,0.54261345
dorm room essentials bundle,"BLACK+DECKER 20V MAX Cordless Drill / Driver with 30-Piece Accessories (LD120VA) , Orange",0,0.13043782
drill black and decker,"BLACK+DECKER 20V MAX Cordless Drill / Driver with 30-Piece Accessories (LD120VA) , Orange",3,0.52111673
drilling machine,"BLACK+DECKER 20V MAX Cordless Drill / Driver with 30-Piece Accessories (LD120VA) , Orange",3,0.27990428
hand fast cord,"BLACK+DECKER 20V MAX Cordless Drill / Driver with 30-Piece Accessories (LD120VA) , Orange",0,0.24833566
baby gate summer white,"Regalo Easy Step 38.5-Inch Extra Wide Walk Thru Baby Gate, Includes 6-Inch Extension Kit, 4 Pack Pressure Mount Kit, 4 Pack Wall Cups and Mounting Kit",2,0.3979451
baby gate with door,"Regalo Easy Step 38.5-Inch Extra Wide Walk Thru Baby Gate, Includes 6-Inch Extension Kit, 4 Pack Pressure Mount Kit, 4 Pack Wall Cups and Mounting Kit",3,0.45683175
black hinged pet gates for doorways,"Regalo Easy Step 38.5-Inch Extra Wide Walk Thru Baby Gate, Includes 6-Inch Extension Kit, 4 Pack Pressure Mount Kit, 4 Pack Wall Cups and Mounting Kit",2,0.42944762
convenient kit,"Regalo Easy Step 38.5-Inch Extra Wide Walk Thru Baby Gate, Includes 6-Inch Extension Kit, 4 Pack Pressure Mount Kit, 4 Pack Wall Cups and Mounting Kit",3,0.29417378
dog gates with door,"Regalo Easy Step 38.5-Inch Extra Wide Walk Thru Baby Gate, Includes 6-Inch Extension Kit, 4 Pack Pressure Mount Kit, 4 Pack Wall Cups and Mounting Kit",2,0.33415702
kids gates for stairs,"Regalo Easy Step 38.5-Inch Extra Wide Walk Thru Baby Gate, Includes 6-Inch Extension Kit, 4 Pack Pressure Mount Kit, 4 Pack Wall Cups and Mounting Kit",3,0.37702498
small pet gate,"Regalo Easy Step 38.5-Inch Extra Wide Walk Thru Baby Gate, Includes 6-Inch Extension Kit, 4 Pack Pressure Mount Kit, 4 Pack Wall Cups and Mounting Kit",3,0.25379795
stair gates for kids,"Regalo Easy Step 38.5-Inch Extra Wide Walk Thru Baby Gate, Includes 6-Inch Extension Kit, 4 Pack Pressure Mount Kit, 4 Pack Wall Cups and Mounting Kit",3,0.42188144
kingsize bed frams,"ZINUS 9 Inch Metal Smart Box Spring / Mattress Foundation / Strong Metal Frame / Easy Assembly, Queen",2,0.47667563
mattress and box spring set,"ZINUS 9 Inch Metal Smart Box Spring / Mattress Foundation / Strong Metal Frame / Easy Assembly, Queen",3,0.53164744
night stand single,"ZINUS 9 Inch Metal Smart Box Spring / Mattress Foundation / Strong Metal Frame / Easy Assembly, Queen",0,0.27121186
queen box spring,"ZINUS 9 Inch Metal Smart Box Spring / Mattress Foundation / Strong Metal Frame / Easy Assembly, Queen",3,0.3664979
im gaming do not disturb,Folouse Do Not Disturb I'm Gaming Funny Novelty Cotton Socks Gifts for Brother Teenage Boys Game Lovers,3,0.24996424
Its just a light weight everyday jacket that washes easy. It was inexpensive and so comfy,"Do Not Disturb I'm Gaming Socks,Gamer Christmas Gift ideas,Novelty Socks For Man Gift,Teen Boys,Anniversary,Husband",0,0.34075302
battery jessie,"Jurassic World - Disfraz hinchable de dinosaurio T-Rex para niños, infantil Talla única (Rubie's 610821)",0,0.3392698
battery jessie,"Rubies Child's The Original Inflatable Dinosaur Costume, T-Rex, Small",0,0.22388662
dinosaur costume 4t,"Jurassic World - Disfraz hinchable de dinosaurio T-Rex para niños, infantil Talla única (Rubie's 610821)",3,0.706808
dinosaur costume 4t,"Rubies Child's The Original Inflatable Dinosaur Costume, T-Rex, Small",3,0.72911704
halloween costumes for boys,"Jurassic World - Disfraz hinchable de dinosaurio T-Rex para niños, infantil Talla única (Rubie's 610821)",3,0.26156077
halloween costumes for boys,"Rubies Child's The Original Inflatable Dinosaur Costume, T-Rex, Small",3,0.3369225
halloween costumes kids,"Jurassic World - Disfraz hinchable de dinosaurio T-Rex para niños, infantil Talla única (Rubie's 610821)",2,0.2913713
halloween costumes kids,"Rubies Child's The Original Inflatable Dinosaur Costume, T-Rex, Small",2,0.39745402
inflatable costume,"Jurassic World - Disfraz hinchable de dinosaurio T-Rex para niños, infantil Talla única (Rubie's 610821)",3,0.18731353
inflatable costume,"Rubies Child's The Original Inflatable Dinosaur Costume, T-Rex, Small",3,0.27677703
buzzed card game,Drunk Stoned or Stupid [A Party Game],2,0.52185977
party games for adults,Drunk Stoned or Stupid [A Party Game],3,0.5171142
to meme or not to meme,Drunk Stoned or Stupid [A Party Game],0,0.2954384
voting game,Drunk Stoned or Stupid [A Party Game],2,0.35587978
white elephant gifts under 20 funny,Drunk Stoned or Stupid [A Party Game],0,0.42282718
therapist gifts,"Because Patients Funny Stemless Wine Glass 15oz - Unique Gift Idea for Dentist, Dental, Medical, Hygienist, Doctor, Physician, Nurse - Perfect Birthday and Graduation Gifts for Men or Women",3,0.1729812
gag gifts for men funny,Lightning Reaction Shocktato Party Game - The Hilariously Funny Game of Shocking Potato,3,0.62927234
gift for teen boys,Lightning Reaction Shocktato Party Game - The Hilariously Funny Game of Shocking Potato,0,0.25245976
teen gifts,Lightning Reaction Shocktato Party Game - The Hilariously Funny Game of Shocking Potato,3,0.19026205
"'vaccinated, because i'm not an idiot' t shirt","Do Not Disturb Gaming Socks, Funny Gamer Socks Fathers Day Gifts for Kids Teen Boys Mens Womens Game Lovers",0,0.35491776
"I would just like to have a jacket with pockets, and is light and plain looking; no flashy colors.","Do Not Disturb Gaming Socks, Funny Gamer Socks Fathers Day Gifts for Kids Teen Boys Mens Womens Game Lovers",0,0.32575554
best gifts for gamers,"Do Not Disturb Gaming Socks, Funny Gamer Socks Fathers Day Gifts for Kids Teen Boys Mens Womens Game Lovers",3,0.4757676
friends not food socks,"Do Not Disturb Gaming Socks, Funny Gamer Socks Fathers Day Gifts for Kids Teen Boys Mens Womens Game Lovers",2,0.33618438
im gaming do not disturb,"Do Not Disturb Gaming Socks, Funny Gamer Socks Fathers Day Gifts for Kids Teen Boys Mens Womens Game Lovers",3,0.33375752
artificial flowers,AVIVIHO White Hydrangea Silk Flowers Heads Pack of 10 Ivory White Full Hydrangea Flowers Artificial with Stems for Wedding Home Party Shop Baby Shower Decoration,3,0.17685543
artificial flowers for decoration,AVIVIHO White Hydrangea Silk Flowers Heads Pack of 10 Ivory White Full Hydrangea Flowers Artificial with Stems for Wedding Home Party Shop Baby Shower Decoration,3,0.29888293
flower,AVIVIHO White Hydrangea Silk Flowers Heads Pack of 10 Ivory White Full Hydrangea Flowers Artificial with Stems for Wedding Home Party Shop Baby Shower Decoration,3,0.15625753
winter silk flowers,AVIVIHO White Hydrangea Silk Flowers Heads Pack of 10 Ivory White Full Hydrangea Flowers Artificial with Stems for Wedding Home Party Shop Baby Shower Decoration,3,0.29111373
100 led without remote,"DAYBETTER Led Strip Lights 32.8ft 5050 RGB 300 LEDs Color Changing Lights Strip for Bedroom, Desk, Home Decoration, with Remote and 12V Power Supply",2,0.1606049
bedroom without closet,"DAYBETTER Led Strip Lights 32.8ft 5050 RGB 300 LEDs Color Changing Lights Strip for Bedroom, Desk, Home Decoration, with Remote and 12V Power Supply",0,0.18347266
came tv lights,"DAYBETTER Led Strip Lights 32.8ft 5050 RGB 300 LEDs Color Changing Lights Strip for Bedroom, Desk, Home Decoration, with Remote and 12V Power Supply",0,0.48174384
led lights,"DAYBETTER Led Strip Lights 32.8ft 5050 RGB 300 LEDs Color Changing Lights Strip for Bedroom, Desk, Home Decoration, with Remote and 12V Power Supply",3,0.4450219
led lights without plug,"DAYBETTER Led Strip Lights 32.8ft 5050 RGB 300 LEDs Color Changing Lights Strip for Bedroom, Desk, Home Decoration, with Remote and 12V Power Supply",2,0.23630595
lights,"DAYBETTER Led Strip Lights 32.8ft 5050 RGB 300 LEDs Color Changing Lights Strip for Bedroom, Desk, Home Decoration, with Remote and 12V Power Supply",3,0.189647
storefront rgb lights,"DAYBETTER Led Strip Lights 32.8ft 5050 RGB 300 LEDs Color Changing Lights Strip for Bedroom, Desk, Home Decoration, with Remote and 12V Power Supply",3,0.4812228
drip drop,"DripDrop ORS - Electrolyte Powder For Dehydration Relief Fast - For Workout, Sweating, Illness, & Travel Recovery - Watermelon, Berry, Lemon Variety Pack - 16 x 5.64 Oz Servings",3,0.25020528
frescolita,"DripDrop ORS - Electrolyte Powder For Dehydration Relief Fast - For Workout, Sweating, Illness, & Travel Recovery - Watermelon, Berry, Lemon Variety Pack - 16 x 5.64 Oz Servings",0,0.07524216
hangover prevention,"DripDrop ORS - Electrolyte Powder For Dehydration Relief Fast - For Workout, Sweating, Illness, & Travel Recovery - Watermelon, Berry, Lemon Variety Pack - 16 x 5.64 Oz Servings",0,0.41549617
hangover relief,"DripDrop ORS - Electrolyte Powder For Dehydration Relief Fast - For Workout, Sweating, Illness, & Travel Recovery - Watermelon, Berry, Lemon Variety Pack - 16 x 5.64 Oz Servings",3,0.42019132
hydration powder,"DripDrop ORS - Electrolyte Powder For Dehydration Relief Fast - For Workout, Sweating, Illness, & Travel Recovery - Watermelon, Berry, Lemon Variety Pack - 16 x 5.64 Oz Servings",3,0.4396013
liquid iv,"DripDrop ORS - Electrolyte Powder For Dehydration Relief Fast - For Workout, Sweating, Illness, & Travel Recovery - Watermelon, Berry, Lemon Variety Pack - 16 x 5.64 Oz Servings",2,0.22531581
creave,Cerave Hyaluronic Acid Serum for Face with Vitamin B5 and Ceramides | Hydrating Face Serum for Dry Skin | Fragrance Free | 1 Ounce,3,0.04788658
revitalift hyaluronic acid,Cerave Hyaluronic Acid Serum for Face with Vitamin B5 and Ceramides | Hydrating Face Serum for Dry Skin | Fragrance Free | 1 Ounce,2,0.47213802
aircon controller,"MINGER LED Strip Lights 16.4ft, RGB Color Changing LED Lights for Home, Kitchen, Room, Bedroom, Dorm Room, Bar, with IR Remote Control, 5050 LEDs, DIY Mode",0,0.21953426
bedroom without closet,"MINGER LED Strip Lights 16.4ft, RGB Color Changing LED Lights for Home, Kitchen, Room, Bedroom, Dorm Room, Bar, with IR Remote Control, 5050 LEDs, DIY Mode",1,0.1232425
came tv lights,"MINGER LED Strip Lights 16.4ft, RGB Color Changing LED Lights for Home, Kitchen, Room, Bedroom, Dorm Room, Bar, with IR Remote Control, 5050 LEDs, DIY Mode",0,0.5122608
case change color with heat,"MINGER LED Strip Lights 16.4ft, RGB Color Changing LED Lights for Home, Kitchen, Room, Bedroom, Dorm Room, Bar, with IR Remote Control, 5050 LEDs, DIY Mode",0,0.2768945
color changing lights,"MINGER LED Strip Lights 16.4ft, RGB Color Changing LED Lights for Home, Kitchen, Room, Bedroom, Dorm Room, Bar, with IR Remote Control, 5050 LEDs, DIY Mode",3,0.37622148
color switching led lights,"MINGER LED Strip Lights 16.4ft, RGB Color Changing LED Lights for Home, Kitchen, Room, Bedroom, Dorm Room, Bar, with IR Remote Control, 5050 LEDs, DIY Mode",3,0.5660289
desk rack green gold,"MINGER LED Strip Lights 16.4ft, RGB Color Changing LED Lights for Home, Kitchen, Room, Bedroom, Dorm Room, Bar, with IR Remote Control, 5050 LEDs, DIY Mode",0,0.32663244
led lights,"MINGER LED Strip Lights 16.4ft, RGB Color Changing LED Lights for Home, Kitchen, Room, Bedroom, Dorm Room, Bar, with IR Remote Control, 5050 LEDs, DIY Mode",3,0.44275436
led lights without plug,"MINGER LED Strip Lights 16.4ft, RGB Color Changing LED Lights for Home, Kitchen, Room, Bedroom, Dorm Room, Bar, with IR Remote Control, 5050 LEDs, DIY Mode",3,0.14760053
led litht strip,"MINGER LED Strip Lights 16.4ft, RGB Color Changing LED Lights for Home, Kitchen, Room, Bedroom, Dorm Room, Bar, with IR Remote Control, 5050 LEDs, DIY Mode",3,0.36845693
led strip lights for bedroom,"MINGER LED Strip Lights 16.4ft, RGB Color Changing LED Lights for Home, Kitchen, Room, Bedroom, Dorm Room, Bar, with IR Remote Control, 5050 LEDs, DIY Mode",3,0.7046978
led tape light,"MINGER LED Strip Lights 16.4ft, RGB Color Changing LED Lights for Home, Kitchen, Room, Bedroom, Dorm Room, Bar, with IR Remote Control, 5050 LEDs, DIY Mode",3,0.46643665
light fixtures with leaves,"MINGER LED Strip Lights 16.4ft, RGB Color Changing LED Lights for Home, Kitchen, Room, Bedroom, Dorm Room, Bar, with IR Remote Control, 5050 LEDs, DIY Mode",2,0.27000076
lights,"MINGER LED Strip Lights 16.4ft, RGB Color Changing LED Lights for Home, Kitchen, Room, Bedroom, Dorm Room, Bar, with IR Remote Control, 5050 LEDs, DIY Mode",3,0.2355161
lit car sign,"MINGER LED Strip Lights 16.4ft, RGB Color Changing LED Lights for Home, Kitchen, Room, Bedroom, Dorm Room, Bar, with IR Remote Control, 5050 LEDs, DIY Mode",0,0.34115365
minglife led strip lights 5m,"MINGER LED Strip Lights 16.4ft, RGB Color Changing LED Lights for Home, Kitchen, Room, Bedroom, Dorm Room, Bar, with IR Remote Control, 5050 LEDs, DIY Mode",3,0.5289386
strip lights for bedroom,"MINGER LED Strip Lights 16.4ft, RGB Color Changing LED Lights for Home, Kitchen, Room, Bedroom, Dorm Room, Bar, with IR Remote Control, 5050 LEDs, DIY Mode",3,0.57804215
trap house decorations,"MINGER LED Strip Lights 16.4ft, RGB Color Changing LED Lights for Home, Kitchen, Room, Bedroom, Dorm Room, Bar, with IR Remote Control, 5050 LEDs, DIY Mode",2,0.41021883
air fryer ninja,"COSORI Air Fryer Max XL(100 Recipes) Digital Hot Oven Cooker, One Touch Screen with 11 Cooking Functions, Preheat and Shake Reminder, 5.8 QT, Black",2,0.46821308
air fryer oven,"COSORI Air Fryer Max XL(100 Recipes) Digital Hot Oven Cooker, One Touch Screen with 11 Cooking Functions, Preheat and Shake Reminder, 5.8 QT, Black",3,0.5913608
air fryer oven as seen on tv,"COSORI Air Fryer Max XL(100 Recipes) Digital Hot Oven Cooker, One Touch Screen with 11 Cooking Functions, Preheat and Shake Reminder, 5.8 QT, Black",3,0.572897
fryer without oil,"COSORI Air Fryer Max XL(100 Recipes) Digital Hot Oven Cooker, One Touch Screen with 11 Cooking Functions, Preheat and Shake Reminder, 5.8 QT, Black",3,0.36124912
gowise 5.3 quart air fryer,"COSORI Air Fryer Max XL(100 Recipes) Digital Hot Oven Cooker, One Touch Screen with 11 Cooking Functions, Preheat and Shake Reminder, 5.8 QT, Black",2,0.5492668
"instant vortex plus 7-in-1 air fryer oven, 10-quart","COSORI Air Fryer Max XL(100 Recipes) Digital Hot Oven Cooker, One Touch Screen with 11 Cooking Functions, Preheat and Shake Reminder, 5.8 QT, Black",2,0.8323827
ninja foodi air fryer,"COSORI Air Fryer Max XL(100 Recipes) Digital Hot Oven Cooker, One Touch Screen with 11 Cooking Functions, Preheat and Shake Reminder, 5.8 QT, Black",2,0.5949521
phillps air fryers best seller prime,"COSORI Air Fryer Max XL(100 Recipes) Digital Hot Oven Cooker, One Touch Screen with 11 Cooking Functions, Preheat and Shake Reminder, 5.8 QT, Black",2,0.54115134
power xl air fryer,"COSORI Air Fryer Max XL(100 Recipes) Digital Hot Oven Cooker, One Touch Screen with 11 Cooking Functions, Preheat and Shake Reminder, 5.8 QT, Black",2,0.6464324
kill weeds not lawn,"Scotts 26003 Turf Builder Triple Action Kills Weeds Including Dandelions & Clover Prevents Crabgrass 4 Months, 4,000 sq. ft, Feeds & Fertilizes To Build Thick Green Lawns",3,0.23735948
hydration powder,"SKRATCH LABS Sport Hydration Drink Mix, Lemon Lime (15.5 oz, 20 Servings) Runner Gifts for Husband or Wife, Electrolyte Powder Developed for Athletes and Sports Performance, Gluten Free, Vegan, Kosher",3,0.22602826
hydro flask aqua,"Hydro Flask 32 oz. Water Bottle - Stainless Steel, Reusable, Vacuum Insulated- Wide Mouth with Leak Proof Flex Cap",3,0.61608666
iron flaks,"Hydro Flask 32 oz. Water Bottle - Stainless Steel, Reusable, Vacuum Insulated- Wide Mouth with Leak Proof Flex Cap",2,0.37891167
easy green aquarium fertilizer,Advanced 16-4-8 Balanced NPK - Lawn Food Quality Liquid Fertilizer - Spring & Summer Concentrated Spray - Any Grass Type - Simple Lawn Solutions (32 Ounce),3,0.61435133
altruist dermatologist face fluid,"EltaMD UV Clear Facial Sunscreen Broad-Spectrum SPF 46 Face Sunscreen for Sensitive Skin or Acne-Prone Skin, Oil-Free, Dermatologist-Recommended Mineral-Based Face Sunscreen with Zinc Oxide, 1.7 oz",2,0.3796583
centella green level sunscreen,"EltaMD UV Clear Facial Sunscreen Broad-Spectrum SPF 46 Face Sunscreen for Sensitive Skin or Acne-Prone Skin, Oil-Free, Dermatologist-Recommended Mineral-Based Face Sunscreen with Zinc Oxide, 1.7 oz",2,0.67995477
dr brandt do not age,"EltaMD UV Clear Facial Sunscreen Broad-Spectrum SPF 46 Face Sunscreen for Sensitive Skin or Acne-Prone Skin, Oil-Free, Dermatologist-Recommended Mineral-Based Face Sunscreen with Zinc Oxide, 1.7 oz",0,0.159876
face sunscreen for sensitive skin,"EltaMD UV Clear Facial Sunscreen Broad-Spectrum SPF 46 Face Sunscreen for Sensitive Skin or Acne-Prone Skin, Oil-Free, Dermatologist-Recommended Mineral-Based Face Sunscreen with Zinc Oxide, 1.7 oz",3,0.6551776
face sunscreen tinted,"EltaMD UV Clear Facial Sunscreen Broad-Spectrum SPF 46 Face Sunscreen for Sensitive Skin or Acne-Prone Skin, Oil-Free, Dermatologist-Recommended Mineral-Based Face Sunscreen with Zinc Oxide, 1.7 oz",2,0.5634039
kielhs sunscreen,"EltaMD UV Clear Facial Sunscreen Broad-Spectrum SPF 46 Face Sunscreen for Sensitive Skin or Acne-Prone Skin, Oil-Free, Dermatologist-Recommended Mineral-Based Face Sunscreen with Zinc Oxide, 1.7 oz",2,0.60875297
makeup without titanium dioxide,"EltaMD UV Clear Facial Sunscreen Broad-Spectrum SPF 46 Face Sunscreen for Sensitive Skin or Acne-Prone Skin, Oil-Free, Dermatologist-Recommended Mineral-Based Face Sunscreen with Zinc Oxide, 1.7 oz",0,0.4435605
sp 41,"EltaMD UV Clear Facial Sunscreen Broad-Spectrum SPF 46 Face Sunscreen for Sensitive Skin or Acne-Prone Skin, Oil-Free, Dermatologist-Recommended Mineral-Based Face Sunscreen with Zinc Oxide, 1.7 oz",0,0.16818503
10 and 8 yr old. make up without the nieal plush,essence | Lash Princess False Lash Effect Mascara | Gluten & Cruelty Free,0,0.40737516
born to die just not today,essence | Lash Princess False Lash Effect Mascara | Gluten & Cruelty Free,0,0.24704471
brown mascara,essence | Lash Princess False Lash Effect Mascara | Gluten & Cruelty Free,2,0.4411183
essence waterproof mascara,essence | Lash Princess False Lash Effect Mascara | Gluten & Cruelty Free,2,0.6679547
heroine make long and curl mascara,essence | Lash Princess False Lash Effect Mascara | Gluten & Cruelty Free,3,0.5724044
under $10,essence | Lash Princess False Lash Effect Mascara | Gluten & Cruelty Free,3,0.23303162
mini dehumidifier for bathroom batteries,"Eva-dry E-333 Mini Dehumidifier, Pack of 1, White Sand",3,0.45773745
small dehumidifier,"Eva-dry E-333 Mini Dehumidifier, Pack of 1, White Sand",3,0.5787045
aloe vera water without latex,"Naked Juice 100% Organic Pure Coconut Water, USDA Organic Certified, NON GMO Project Verified, 16.9 Ounce, 12 Pack",0,0.6685473
10mls amber serum vials without flip caps,"Asterwood Naturals Pure Hyaluronic Acid Serum for Face; Plumping Anti-Aging Face Serum, Hydrating Facial Skin Care Product, Fragrance Free, Pairs Well with Vitamin C Serum & Retinol Serum, 29ml/1 oz",0,0.4701801
best selling primer face,"Asterwood Naturals Pure Hyaluronic Acid Serum for Face; Plumping Anti-Aging Face Serum, Hydrating Facial Skin Care Product, Fragrance Free, Pairs Well with Vitamin C Serum & Retinol Serum, 29ml/1 oz",2,0.39003226
clinical strength hyaluronic acid,"Asterwood Naturals Pure Hyaluronic Acid Serum for Face; Plumping Anti-Aging Face Serum, Hydrating Facial Skin Care Product, Fragrance Free, Pairs Well with Vitamin C Serum & Retinol Serum, 29ml/1 oz",3,0.57359535
juvenatur antiarrugas,"Asterwood Naturals Pure Hyaluronic Acid Serum for Face; Plumping Anti-Aging Face Serum, Hydrating Facial Skin Care Product, Fragrance Free, Pairs Well with Vitamin C Serum & Retinol Serum, 29ml/1 oz",2,0.16489285
spring water,"JUST Water, Premium Pure Still Spring Water in an Eco-Friendly BPA Free Plant-Based Bottle - Naturally Alkaline, High 8.0 pH - Fully Recyclable Boxed Water Carton, 16.9 Fl Oz (Pack of 12)",3,0.3029107
cute japanese clothing,Love Written in Vintage Chinese Character T-Shirt,3,0.39965332
asian shirts,"Riot Society Flamingo Blossom Mens Long Sleeve T-Shirt - Black, Small",2,0.3023736
astm level 1 face mask,"Jointown Face Mask, Pack of 50 (5081)",2,0.42781088
big and tall mask,"Jointown Face Mask, Pack of 50 (5081)",3,0.20040813
cranberry mask,"Jointown Face Mask, Pack of 50 (5081)",2,0.29797298
face masks bulk,"Jointown Face Mask, Pack of 50 (5081)",2,0.44216186
funny face mask,"Jointown Face Mask, Pack of 50 (5081)",3,0.35270935
mask,"Jointown Face Mask, Pack of 50 (5081)",3,0.46048817
masks,"Jointown Face Mask, Pack of 50 (5081)",3,0.4467396
medical mask,"Jointown Face Mask, Pack of 50 (5081)",3,0.34561953
surgical mask,"Jointown Face Mask, Pack of 50 (5081)",3,0.33601385
ffp2 mask without valve,Face Masks Reusable 20 Pack 5Ply Cup Dust Face Mask for Women Men with Nose Wire,3,0.11925516
i am kind book for kids,"Kindness is my Superpower: A children's Book About Empathy, Kindness and Compassion (My Superpower Books)",2,0.72739923
kind is the new classy,"Kindness is my Superpower: A children's Book About Empathy, Kindness and Compassion (My Superpower Books)",0,0.34738785
like a boy but not a boy,"Kindness is my Superpower: A children's Book About Empathy, Kindness and Compassion (My Superpower Books)",0,0.09259497
thats not my princess,"Kindness is my Superpower: A children's Book About Empathy, Kindness and Compassion (My Superpower Books)",0,0.05222822
designer hoodies for men,"Riot Society Panda Rose Mens Graphic Pullover Hoodie Sweatshirt - Black, XX-Large",3,0.49469158
unique hoodies,"Riot Society Panda Rose Mens Graphic Pullover Hoodie Sweatshirt - Black, XX-Large",3,0.33159193
xtentacion hoodies revenge,"Riot Society Panda Rose Mens Graphic Pullover Hoodie Sweatshirt - Black, XX-Large",2,0.40150177
pure romance virgin,China Shrink Cream - 2 Pack 0.5 Ounces Each,2,0.21585932
elephant and piggie,Elephant & Piggie: The Complete Collection (An Elephant & Piggie Book) (An Elephant and Piggie Book),3,0.75899553
elephant and piggie books,Elephant & Piggie: The Complete Collection (An Elephant & Piggie Book) (An Elephant and Piggie Book),3,0.8334138
waiting is not easy an elephant and piggie book,Elephant & Piggie: The Complete Collection (An Elephant & Piggie Book) (An Elephant and Piggie Book),3,0.5516929
book.shelf to store piano books,Dear Zoo: A Lift-the-Flap Book,0,0.33234882
exodus jouranal,The Bible in 52 Weeks: A Yearlong Bible Study for Women,2,0.08617494
the message bible for women,The Bible in 52 Weeks: A Yearlong Bible Study for Women,2,0.6165156
little girl book,My Magical Words (The Magic of Me Series),0,0.426475
thats not my princess,My Magical Words (The Magic of Me Series),2,0.3298303
the story and its writer 10th edition,"The New Jim Crow: Mass Incarceration in the Age of Colorblindness, 10th Anniversary Edition",2,0.62524855
"I want a laptop that is light weight, but can handle all of my daily needs.",10 Things I Want In My Life Cars More Cars car t shirts T-Shirt,0,0.4240165
"'vaccinated, because i'm not an idiot' t shirt",People Who Tolerate Me On A Daily Basis T Shirt XL Black,0,0.3249367
-a house is not a home without a dog shirt,People Who Tolerate Me On A Daily Basis T Shirt XL Black,2,0.3920958
-it's not love i'm drunk tshirt,People Who Tolerate Me On A Daily Basis T Shirt XL Black,2,0.17460166
I want to get fancier one than the laptop I had. I think I want one of the ones with a touchscreen that folds in different ways,People Who Tolerate Me On A Daily Basis T Shirt XL Black,0,0.27085966
a trapezoid is not a dinosaur,People Who Tolerate Me On A Daily Basis T Shirt XL Black,0,0.0476879
absolutely not woke shirt,People Who Tolerate Me On A Daily Basis T Shirt XL Black,2,0.16222352
destiny 2 merchandise,People Who Tolerate Me On A Daily Basis T Shirt XL Black,3,0.29147604
do not worry about anything,People Who Tolerate Me On A Daily Basis T Shirt XL Black,0,0.16468251
drink water not coke shirt,People Who Tolerate Me On A Daily Basis T Shirt XL Black,2,0.074510485
i got my fauci ouchi shirt,People Who Tolerate Me On A Daily Basis T Shirt XL Black,2,0.3773312
i may not have a phd,People Who Tolerate Me On A Daily Basis T Shirt XL Black,0,0.118574426
i want a warm jacket with a hood and that is waterproof and black or dark coloured like navy,People Who Tolerate Me On A Daily Basis T Shirt XL Black,0,0.3519097
im not the one to put on speaker phone,People Who Tolerate Me On A Daily Basis T Shirt XL Black,2,0.020797333
some things just fill your heart without trying,People Who Tolerate Me On A Daily Basis T Shirt XL Black,2,0.36319947
the north is not enough t,People Who Tolerate Me On A Daily Basis T Shirt XL Black,2,0.15563878
the one for whom food is not enough gorman,People Who Tolerate Me On A Daily Basis T Shirt XL Black,3,0.22840643
watch the game not your phone tshirt,People Who Tolerate Me On A Daily Basis T Shirt XL Black,2,0.17208526
sticker red bull racing,"GAPPLEBEES Slap Sticker (2) CAR Truck Vinyl Sticker Decal Racing 7""",0,0.49974966
01 polaris scrambler 500 pull start without case,GOOACC 166 Pcs Car Retainer Clips &Screw Grommets - 12 Most Popular Sizes & Applications for GM Toyota Honda Nissan Mazda - Bonus Fastener Remover,0,0.3863868
08 chevy tahoe wheel not cover,GOOACC 166 Pcs Car Retainer Clips &Screw Grommets - 12 Most Popular Sizes & Applications for GM Toyota Honda Nissan Mazda - Bonus Fastener Remover,0,0.30455944
08 wrangler jk without hitch,GOOACC 166 Pcs Car Retainer Clips &Screw Grommets - 12 Most Popular Sizes & Applications for GM Toyota Honda Nissan Mazda - Bonus Fastener Remover,3,0.3621373
l bracket without holes,GOOACC 166 Pcs Car Retainer Clips &Screw Grommets - 12 Most Popular Sizes & Applications for GM Toyota Honda Nissan Mazda - Bonus Fastener Remover,0,0.10413383
"'vaccinated, because i'm not an idiot' t shirt",Make Fun of Them Together Graphic Novelty Sarcastic Funny T Shirt XL Black,0,0.22617158
-it's not love i'm drunk tshirt,Make Fun of Them Together Graphic Novelty Sarcastic Funny T Shirt XL Black,2,0.55489534
0o days without sarcasm shirt,Make Fun of Them Together Graphic Novelty Sarcastic Funny T Shirt XL Black,2,0.23138928
i may not have a phd,Make Fun of Them Together Graphic Novelty Sarcastic Funny T Shirt XL Black,0,0.22561882
listen without prejudice shirt,Make Fun of Them Together Graphic Novelty Sarcastic Funny T Shirt XL Black,2,0.19097589
talk to plants not cops,Make Fun of Them Together Graphic Novelty Sarcastic Funny T Shirt XL Black,0,0.08104316
-it's not love i'm drunk tshirt,Funcle Gift for Uncle Graphic Novelty Sarcastic Funny T Shirt XL Black,0,0.41462883
I want to get fancier one than the laptop I had. I think I want one of the ones with a touchscreen that folds in different ways,Funcle Gift for Uncle Graphic Novelty Sarcastic Funny T Shirt XL Black,0,0.43067834
baby shark tee shirts for adults granddad,Funcle Gift for Uncle Graphic Novelty Sarcastic Funny T Shirt XL Black,2,0.4557415
drink water not coke shirt,Funcle Gift for Uncle Graphic Novelty Sarcastic Funny T Shirt XL Black,0,-0.0018174965
i got my fauci ouchi shirt,Funcle Gift for Uncle Graphic Novelty Sarcastic Funny T Shirt XL Black,2,0.2661949
im not the one to put on speaker phone,Funcle Gift for Uncle Graphic Novelty Sarcastic Funny T Shirt XL Black,2,0.03862272
no it's not his bike,Funcle Gift for Uncle Graphic Novelty Sarcastic Funny T Shirt XL Black,0,0.06576302
some things just fill your heart without trying,Funcle Gift for Uncle Graphic Novelty Sarcastic Funny T Shirt XL Black,0,0.19500592
the north is not enough t,Funcle Gift for Uncle Graphic Novelty Sarcastic Funny T Shirt XL Black,0,0.27543837
watch the game not your phone tshirt,Funcle Gift for Uncle Graphic Novelty Sarcastic Funny T Shirt XL Black,0,0.17871284
#metoo not you,50 Things They Don't Want You to Know,0,0.56862265
#metoo not you,DON'T YOU KNOW WHO I AM?: A ROCK N' ROLL HOLLYWOOD TALE,2,0.3317618
#metoo not you,I Don't Forgive You,0,0.7263903
#metoo not you,"Living Proof Dry Shampoo, Perfect hair Day, Dry Shampoo for Women and Men, 7.3 oz",0,0.13684621
#metoo not you,The Guilty Feminist: You Don't Have to Be Perfect to Overthrow the Patriarchy,0,0.3770443
#metoo not you,The Fix: Overcome the Invisible Barriers That Are Holding Women Back at Work,0,0.31456995
#metoo not you,Don't You Forget About Me: A Novel,0,0.4040766
#metoo not you,No Visible Bruises: What We Don’t Know About Domestic Violence Can Kill Us,0,0.29534608
dont kill yourself...yet,No Visible Bruises: What We Don’t Know About Domestic Violence Can Kill Us,2,0.44048625
#metoo not you,"Dating Sucks, but You Don't: The Modern Guy's Guide to Total Confidence, Romantic Connection, and Finding the Perfect Partner",0,0.3540211
gender not found,"Dating Sucks, but You Don't: The Modern Guy's Guide to Total Confidence, Romantic Connection, and Finding the Perfect Partner",0,0.31576127
#metoo not you,"You Are Not Alone: True Stories of Sexual Assault, Abuse, & Harassment From Around the World",1,0.14313227
#metoo not you,The Great Sex Rescue: The Lies You've Been Taught and How to Recover What God Intended,0,0.22288612
#metoo not you,"Me, not you: The trouble with mainstream feminism",3,0.5402137
#metoo not you,"Brave, Not Perfect: How Celebrating Imperfection Helps You Live Your Best, Most Joyful Life",0,0.16301963
#metoo not you,Shock Jock (A Maggie Killian Texas-to-Wyoming Short Story): A What Doesn’t Kill You Short Story (A What Doesn't Kill You World),0,0.32123578
lipstick set,"10pcs/Set Makeup Matte Lipstick Lip Kit, Velvety Liquid Lipstick Waterproof Long Lasting Durable Nude Lip Gloss Beauty Cosmetics Gift Box Makeup Set Kit",3,0.46631062
matte dark red lipstick,"10pcs/Set Makeup Matte Lipstick Lip Kit, Velvety Liquid Lipstick Waterproof Long Lasting Durable Nude Lip Gloss Beauty Cosmetics Gift Box Makeup Set Kit",2,0.49107128
nyx lipstick long lasting,"evpct 6Pcs Matte to Glitter Liquid Lipstick Long Lasting Lips Set Kit,6 Colors Diamond Red Glitter Sparkly Glossy Waterproof Lipstick Metallic Shimmer Brown Pink Lipgloss Lip Gloss Sets for Women",2,0.6390374
selena makeup collection,"evpct 6Pcs Matte to Glitter Liquid Lipstick Long Lasting Lips Set Kit,6 Colors Diamond Red Glitter Sparkly Glossy Waterproof Lipstick Metallic Shimmer Brown Pink Lipgloss Lip Gloss Sets for Women",2,0.3476432
nyx lipstick long lasting,Beauty Glazed Matte Liquid Lipstick Makeup Set Long Lasting Matte Finish Waterproof Lightweight Easy to Remove,2,0.66716146
selena makeup collection,6 PCS Matte Liquid Lipstick Set Non-Stick Cup Waterproof Long Lasting Birthday Edition Durable Liquid Lipgloss Beauty Cosmetics Makeup Set Gifts for Women,2,0.38247755
lipstick long lasting,"COVERGIRL Outlast All Day Top Coat, Clear, Pack of 1",2,0.45855606
make up,6pcs Matte Velvety Liquid Lipstick Matte Liquid Lipgloss Waterproof Lip Gloss,3,0.41341144
makeup,6pcs Matte Velvety Liquid Lipstick Matte Liquid Lipgloss Waterproof Lip Gloss,0,0.36632094
pretty unicorn princess met mermaid make up for halloween,6pcs Matte Velvety Liquid Lipstick Matte Liquid Lipgloss Waterproof Lip Gloss,3,0.4682982
sephora gift sets for women,6pcs Matte Velvety Liquid Lipstick Matte Liquid Lipgloss Waterproof Lip Gloss,2,0.50038695
victoria secret makeup kit,6pcs Matte Velvety Liquid Lipstick Matte Liquid Lipgloss Waterproof Lip Gloss,2,0.49901003
chanel lipstick long lasting,"Miss Rose Long-lasting Matte Lipstick Set, 12 PCS Multi Colored featuring full-pigment lip color with a smooth, ultra-matte finish in 12 shades",2,0.66104853
nyx lipstick long lasting,"Miss Rose Long-lasting Matte Lipstick Set, 12 PCS Multi Colored featuring full-pigment lip color with a smooth, ultra-matte finish in 12 shades",2,0.6297083
selena makeup collection,"Miss Rose Long-lasting Matte Lipstick Set, 12 PCS Multi Colored featuring full-pigment lip color with a smooth, ultra-matte finish in 12 shades",2,0.3950439
''i am here for a good time not a log time'' sticker,Echo Dot (3rd Gen) - Smart speaker with Alexa - Charcoal,0,0.36581028
'deliveries and packages not accepted' sign,Echo Dot (3rd Gen) - Smart speaker with Alexa - Charcoal,0,0.0754918
1 cent that does not have shipping payment,Echo Dot (3rd Gen) - Smart speaker with Alexa - Charcoal,0,0.22224215
110 outlet for use without box,Echo Dot (3rd Gen) - Smart speaker with Alexa - Charcoal,0,0.2548468
air up down,Echo Dot (3rd Gen) - Smart speaker with Alexa - Charcoal,0,0.22613437
alexa,Echo Dot (3rd Gen) - Smart speaker with Alexa - Charcoal,3,0.43892542
alexa echo,Echo Dot (3rd Gen) - Smart speaker with Alexa - Charcoal,3,0.4832882
alexa for car,Echo Dot (3rd Gen) - Smart speaker with Alexa - Charcoal,2,0.31637135
amazon echo dot,Echo Dot (3rd Gen) - Smart speaker with Alexa - Charcoal,3,0.3966498
echo dots kids,Echo Dot (3rd Gen) - Smart speaker with Alexa - Charcoal,3,0.41275358
echo input,Echo Dot (3rd Gen) - Smart speaker with Alexa - Charcoal,3,0.35049433
google home mini,Echo Dot (3rd Gen) - Smart speaker with Alexa - Charcoal,2,0.3977046
mini amazon shipping box $25,Echo Dot (3rd Gen) - Smart speaker with Alexa - Charcoal,0,0.32669815
oxygen not included,Echo Dot (3rd Gen) - Smart speaker with Alexa - Charcoal,0,0.112355046
red gray blue christmas lights,Echo Dot (3rd Gen) - Smart speaker with Alexa - Charcoal,0,0.3650503
ring without alexa,Echo Dot (3rd Gen) - Smart speaker with Alexa - Charcoal,0,0.20301524
room music system stick with bluetooth,Echo Dot (3rd Gen) - Smart speaker with Alexa - Charcoal,2,0.3232447
ye speaker,Echo Dot (3rd Gen) - Smart speaker with Alexa - Charcoal,2,0.35226056
coffee mug heat press sleeve,"longzon Silicone Stretch Lids 14 Pack Include 2Pcs XXL Size up to 9.8'' Diameter, Reusable Durable Food Storage Covers for Bowl, 7 Different Sizes to Meet Most Containers, Dishwasher & Freezer Safe",3,0.4353795
kalm assure,"Genexa Allergy Care - 60 Tablets - Multi-Symptom Allergy Medication - Certified Vegan, Organic, Gluten Free & Non-GMO - Homeopathic Remedies",0,0.1344087
3 flowers foot powder,"Turmeric Curcumin with BioPerine 1500mg - Natural Joint & Healthy Inflammatory Support with 95% Standardized Curcuminoids for Potency & Absorption - Non-GMO, Gluten Free Capsules with Black Pepper.",0,0.20287135
anti inflammatory supplement,"Turmeric Curcumin with BioPerine 1500mg - Natural Joint & Healthy Inflammatory Support with 95% Standardized Curcuminoids for Potency & Absorption - Non-GMO, Gluten Free Capsules with Black Pepper.",3,0.48934612
daily wellness superfood blend,"Turmeric Curcumin with BioPerine 1500mg - Natural Joint & Healthy Inflammatory Support with 95% Standardized Curcuminoids for Potency & Absorption - Non-GMO, Gluten Free Capsules with Black Pepper.",3,0.4601918
diabetes ultra,"Turmeric Curcumin with BioPerine 1500mg - Natural Joint & Healthy Inflammatory Support with 95% Standardized Curcuminoids for Potency & Absorption - Non-GMO, Gluten Free Capsules with Black Pepper.",0,0.19996032
gixtri,"Turmeric Curcumin with BioPerine 1500mg - Natural Joint & Healthy Inflammatory Support with 95% Standardized Curcuminoids for Potency & Absorption - Non-GMO, Gluten Free Capsules with Black Pepper.",0,0.06456029
milk be gone tea,"Turmeric Curcumin with BioPerine 1500mg - Natural Joint & Healthy Inflammatory Support with 95% Standardized Curcuminoids for Potency & Absorption - Non-GMO, Gluten Free Capsules with Black Pepper.",0,0.3521278
neuroquell for neuropathy,"Turmeric Curcumin with BioPerine 1500mg - Natural Joint & Healthy Inflammatory Support with 95% Standardized Curcuminoids for Potency & Absorption - Non-GMO, Gluten Free Capsules with Black Pepper.",0,0.13479401
nickel and dimed on not getting by in america,"Turmeric Curcumin with BioPerine 1500mg - Natural Joint & Healthy Inflammatory Support with 95% Standardized Curcuminoids for Potency & Absorption - Non-GMO, Gluten Free Capsules with Black Pepper.",3,0.29403543
nsaids pain reliever anti inflammatory,"Turmeric Curcumin with BioPerine 1500mg - Natural Joint & Healthy Inflammatory Support with 95% Standardized Curcuminoids for Potency & Absorption - Non-GMO, Gluten Free Capsules with Black Pepper.",0,0.5119159
pure monk fruit sweetener without additives,"Turmeric Curcumin with BioPerine 1500mg - Natural Joint & Healthy Inflammatory Support with 95% Standardized Curcuminoids for Potency & Absorption - Non-GMO, Gluten Free Capsules with Black Pepper.",0,0.48251808
turmeric and green tea extract,"Turmeric Curcumin with BioPerine 1500mg - Natural Joint & Healthy Inflammatory Support with 95% Standardized Curcuminoids for Potency & Absorption - Non-GMO, Gluten Free Capsules with Black Pepper.",3,0.52260983
turmeric complex with bioperine,"Turmeric Curcumin with BioPerine 1500mg - Natural Joint & Healthy Inflammatory Support with 95% Standardized Curcuminoids for Potency & Absorption - Non-GMO, Gluten Free Capsules with Black Pepper.",3,0.3119259
1 per day bariatric multivitamin capsules without iron,"SmartyPants Prenatal Formula Daily Gummy Multivitamin: Vitamin C, D3, & Zinc for Immunity, Gluten Free, Folate, Omega 3 Fish Oil (DHA/EPA), 120 Count (30 Day Supply)",2,0.5639901
dhea high potency,"SmartyPants Prenatal Formula Daily Gummy Multivitamin: Vitamin C, D3, & Zinc for Immunity, Gluten Free, Folate, Omega 3 Fish Oil (DHA/EPA), 120 Count (30 Day Supply)",2,0.13032445
gixtri,"SmartyPants Prenatal Formula Daily Gummy Multivitamin: Vitamin C, D3, & Zinc for Immunity, Gluten Free, Folate, Omega 3 Fish Oil (DHA/EPA), 120 Count (30 Day Supply)",0,-0.0025357371
gummy vitamins without iron,"SmartyPants Prenatal Formula Daily Gummy Multivitamin: Vitamin C, D3, & Zinc for Immunity, Gluten Free, Folate, Omega 3 Fish Oil (DHA/EPA), 120 Count (30 Day Supply)",3,0.42713153
land without ghosts,"SmartyPants Prenatal Formula Daily Gummy Multivitamin: Vitamin C, D3, & Zinc for Immunity, Gluten Free, Folate, Omega 3 Fish Oil (DHA/EPA), 120 Count (30 Day Supply)",0,0.06703726
olly prenatal gummies,"SmartyPants Prenatal Formula Daily Gummy Multivitamin: Vitamin C, D3, & Zinc for Immunity, Gluten Free, Folate, Omega 3 Fish Oil (DHA/EPA), 120 Count (30 Day Supply)",3,0.52420413
prenatal gummy vitamins,"SmartyPants Prenatal Formula Daily Gummy Multivitamin: Vitamin C, D3, & Zinc for Immunity, Gluten Free, Folate, Omega 3 Fish Oil (DHA/EPA), 120 Count (30 Day Supply)",3,0.6841986
top rated down jackets for men,"SmartyPants Prenatal Formula Daily Gummy Multivitamin: Vitamin C, D3, & Zinc for Immunity, Gluten Free, Folate, Omega 3 Fish Oil (DHA/EPA), 120 Count (30 Day Supply)",0,0.21267347
vitamin without vitamin k,"SmartyPants Prenatal Formula Daily Gummy Multivitamin: Vitamin C, D3, & Zinc for Immunity, Gluten Free, Folate, Omega 3 Fish Oil (DHA/EPA), 120 Count (30 Day Supply)",2,0.37841183
women vitamins without iron,"SmartyPants Prenatal Formula Daily Gummy Multivitamin: Vitamin C, D3, & Zinc for Immunity, Gluten Free, Folate, Omega 3 Fish Oil (DHA/EPA), 120 Count (30 Day Supply)",3,0.39149258
0rgans only not piano for sale,"Shark NV360 Navigator Lift-Away Deluxe Upright Vacuum with Large Dust Cup Capacity, HEPA Filter, Swivel Steering, Upholstery Tool & Crevice Tool, Blue",0,0.14357172
powerful no wire steam cleaner for car,"Shark NV360 Navigator Lift-Away Deluxe Upright Vacuum with Large Dust Cup Capacity, HEPA Filter, Swivel Steering, Upholstery Tool & Crevice Tool, Blue",3,0.4910069
shark navigator pet pro vacuum,"Shark NV360 Navigator Lift-Away Deluxe Upright Vacuum with Large Dust Cup Capacity, HEPA Filter, Swivel Steering, Upholstery Tool & Crevice Tool, Blue",3,0.6420092
shark vacuum cleaners,"Shark NV360 Navigator Lift-Away Deluxe Upright Vacuum with Large Dust Cup Capacity, HEPA Filter, Swivel Steering, Upholstery Tool & Crevice Tool, Blue",3,0.7166406
us made robot vacuum,"Shark NV360 Navigator Lift-Away Deluxe Upright Vacuum with Large Dust Cup Capacity, HEPA Filter, Swivel Steering, Upholstery Tool & Crevice Tool, Blue",0,0.47823536
0rgans only not piano for sale,"Shark NV356E S2 Navigator Lift-Away Professional Upright Vacuum with Pet Power Brush and Crevice Tool, White/Silver",0,0.1990452
shark navigator pet pro vacuum,"Shark NV356E S2 Navigator Lift-Away Professional Upright Vacuum with Pet Power Brush and Crevice Tool, White/Silver",3,0.736802
shark vacuum cleaners,"Shark NV356E S2 Navigator Lift-Away Professional Upright Vacuum with Pet Power Brush and Crevice Tool, White/Silver",3,0.7092688
vitamin code womens,"Prenatal Multivitamin for Women from Whole Foods with Biotin, Iron & Folate not Folic Acid, Probiotics for Immune Support - Vitamin Code Raw by Garden of Life - Pregnancy Must Haves - 180 Capsules",3,0.6015799
"100% organic, pure without any mix","Annie's Organic Bunny Fruit Snacks, Variety Pack, Gluten Free, Vegan, 24 ct",3,0.45834988
annie chun noodle bowl,"Annie's Organic Bunny Fruit Snacks, Variety Pack, Gluten Free, Vegan, 24 ct",2,0.4702241
snacks,"Annie's Organic Bunny Fruit Snacks, Variety Pack, Gluten Free, Vegan, 24 ct",3,0.2870606
jesus without cross,Sunset Graphics & Decals Just A Girl Who Loves Jesus Decal Vinyl Car Sticker | Cars Trucks Vans Walls Laptop | White | 5.5 inches | SGD000234,0,0.17847207
born to die just not today,Paused My Game Graphic Novelty Sarcastic Funny T Shirt XL Black,2,0.29420456
fish are friends not food,Paused My Game Graphic Novelty Sarcastic Funny T Shirt XL Black,0,0.3303594
golden doodles merchandise funny,Paused My Game Graphic Novelty Sarcastic Funny T Shirt XL Black,0,0.5048206
i was not the blossom,Paused My Game Graphic Novelty Sarcastic Funny T Shirt XL Black,0,0.23957206
watch the game not your phone tshirt,Paused My Game Graphic Novelty Sarcastic Funny T Shirt XL Black,2,0.34225586
world of warcraft tshirt,Paused My Game Graphic Novelty Sarcastic Funny T Shirt XL Black,2,0.43702626
"'vaccinated, because i'm not an idiot' t shirt",When This Virus is Over Graphic Novelty Sarcastic Funny T Shirt L Black,2,0.24488038
(if you’re not in it for love) i’m outta here!,When This Virus is Over Graphic Novelty Sarcastic Funny T Shirt L Black,0,0.44769168
-it's not love i'm drunk tshirt,When This Virus is Over Graphic Novelty Sarcastic Funny T Shirt L Black,2,0.56509745
.i'm a dreamer but i not the only one dragonfly,When This Virus is Over Graphic Novelty Sarcastic Funny T Shirt L Black,2,0.3783003
13.5 reasons why not to be a liberal,When This Virus is Over Graphic Novelty Sarcastic Funny T Shirt L Black,0,0.34468192
I want a long jacket that comes to mid leg in a dark colour and very warm,When This Virus is Over Graphic Novelty Sarcastic Funny T Shirt L Black,0,0.5142101
I would choose a jacket that is warm but versatile with a hood. Perhaps a jacket that could be worn for multiple seasons.,When This Virus is Over Graphic Novelty Sarcastic Funny T Shirt L Black,0,0.35920507
I would want a my replacement to be a Camo print jacket. Since i never had a Camo print jacket me picking this out as a replacement works. ,When This Virus is Over Graphic Novelty Sarcastic Funny T Shirt L Black,0,0.3528232
born to die just not today,When This Virus is Over Graphic Novelty Sarcastic Funny T Shirt L Black,2,0.24804191
i want a warm jacket with a hood and that is waterproof and black or dark coloured like navy,When This Virus is Over Graphic Novelty Sarcastic Funny T Shirt L Black,0,0.46431595
if im too much maybe youre not enough,When This Virus is Over Graphic Novelty Sarcastic Funny T Shirt L Black,0,0.44791418
people not puzzles shirt,When This Virus is Over Graphic Novelty Sarcastic Funny T Shirt L Black,0,0.12990412
there is no success without job,When This Virus is Over Graphic Novelty Sarcastic Funny T Shirt L Black,0,0.23605159
I want to get fancier one than the laptop I had. I think I want one of the ones with a touchscreen that folds in different ways,MAXTREE Women A Wise Woman Once Said Graphic Cute T Shirts Funny Tees Dark Grey Medium,0,0.46024317
born to die just not today,MAXTREE Women A Wise Woman Once Said Graphic Cute T Shirts Funny Tees Dark Grey Medium,0,0.18577346
here for a good time not a long,MAXTREE Women A Wise Woman Once Said Graphic Cute T Shirts Funny Tees Dark Grey Medium,3,0.36058325
I want to get fancier one than the laptop I had. I think I want one of the ones with a touchscreen that folds in different ways,Nlife Women Thou Shall Not Try Me Letter Print Long Sleeve Crew Neck T-Shirt Top,0,0.21083571
born to die just not today,Nlife Women Thou Shall Not Try Me Letter Print Long Sleeve Crew Neck T-Shirt Top,0,0.45844227
crusader without violence,Nlife Women Thou Shall Not Try Me Letter Print Long Sleeve Crew Neck T-Shirt Top,0,0.40929073
eat veggies not friends,Nlife Women Thou Shall Not Try Me Letter Print Long Sleeve Crew Neck T-Shirt Top,0,0.50416404
here for a good time not a long,Nlife Women Thou Shall Not Try Me Letter Print Long Sleeve Crew Neck T-Shirt Top,2,0.07377967
i was not the blossom,Nlife Women Thou Shall Not Try Me Letter Print Long Sleeve Crew Neck T-Shirt Top,0,0.49356562
texas home t shirt women,Nlife Women Thou Shall Not Try Me Letter Print Long Sleeve Crew Neck T-Shirt Top,2,0.38280547
the all american rejects shirt,Nlife Women Thou Shall Not Try Me Letter Print Long Sleeve Crew Neck T-Shirt Top,2,0.5023495
the north is not enough t,Nlife Women Thou Shall Not Try Me Letter Print Long Sleeve Crew Neck T-Shirt Top,2,0.43450466
you can adopt without debt,Nlife Women Thou Shall Not Try Me Letter Print Long Sleeve Crew Neck T-Shirt Top,0,0.24117605
"'vaccinated, because i'm not an idiot' t shirt",Feelin Good Tees People Should Seriously Sarcastic Funny T Shirt XL Black,2,0.31601787
-it's not love i'm drunk tshirt,Feelin Good Tees People Should Seriously Sarcastic Funny T Shirt XL Black,2,0.46740794
absolutely not woke shirt,Feelin Good Tees People Should Seriously Sarcastic Funny T Shirt XL Black,0,0.12784737
born to die just not today,Feelin Good Tees People Should Seriously Sarcastic Funny T Shirt XL Black,0,0.20724726
fish are friends not food,Feelin Good Tees People Should Seriously Sarcastic Funny T Shirt XL Black,0,0.22440223
i was not the blossom,Feelin Good Tees People Should Seriously Sarcastic Funny T Shirt XL Black,0,0.13927567
listen without prejudice shirt,Feelin Good Tees People Should Seriously Sarcastic Funny T Shirt XL Black,2,0.2588107
the north is not enough t,Feelin Good Tees People Should Seriously Sarcastic Funny T Shirt XL Black,2,0.30349094
the one for whom food is not enough gorman,Feelin Good Tees People Should Seriously Sarcastic Funny T Shirt XL Black,0,0.32842314
watch the game not your phone tshirt,Feelin Good Tees People Should Seriously Sarcastic Funny T Shirt XL Black,2,0.16303875
you can adopt without debt,Feelin Good Tees People Should Seriously Sarcastic Funny T Shirt XL Black,2,0.23195001
I want a long jacket that comes to mid leg in a dark colour and very warm,Only Responsible Graphic Novelty Sarcastic Funny T Shirt L Black,0,0.53975725
I want to get fancier one than the laptop I had. I think I want one of the ones with a touchscreen that folds in different ways,Only Responsible Graphic Novelty Sarcastic Funny T Shirt L Black,0,0.43652743
Its just a light weight everyday jacket that washes easy. It was inexpensive and so comfy,Only Responsible Graphic Novelty Sarcastic Funny T Shirt L Black,0,0.35536158
crusader without violence,Only Responsible Graphic Novelty Sarcastic Funny T Shirt L Black,0,0.24969251
dark humor is like food not everyone gets it,Only Responsible Graphic Novelty Sarcastic Funny T Shirt L Black,0,0.6230391
listen without prejudice shirt,Only Responsible Graphic Novelty Sarcastic Funny T Shirt L Black,3,0.27851343
some things just fill your heart without trying,Only Responsible Graphic Novelty Sarcastic Funny T Shirt L Black,0,0.35683247
you cannot start without me,Only Responsible Graphic Novelty Sarcastic Funny T Shirt L Black,0,0.24019617
say when t shirt,Grunt Style Life Knocks You Down Men's T-Shirt (Large) Black,2,0.21314397
I want to get fancier one than the laptop I had. I think I want one of the ones with a touchscreen that folds in different ways,Feelin Good Tees Hi I Don't Care Thanks Sarcasm Sarcastic Graphic Very Funny T Shirts XL Black,0,0.40528846
absolutely not woke shirt,Feelin Good Tees Hi I Don't Care Thanks Sarcasm Sarcastic Graphic Very Funny T Shirts XL Black,3,0.23942909
born to die just not today,Feelin Good Tees Hi I Don't Care Thanks Sarcasm Sarcastic Graphic Very Funny T Shirts XL Black,3,0.2382819
dark humor is like food not everyone gets it,Feelin Good Tees Hi I Don't Care Thanks Sarcasm Sarcastic Graphic Very Funny T Shirts XL Black,2,0.5546044
people not puzzles shirt,Feelin Good Tees Hi I Don't Care Thanks Sarcasm Sarcastic Graphic Very Funny T Shirts XL Black,2,0.20007983
I am going to buy a laptop with large memory capacity and a well known brand.,Enough Social Interaction Graphic Novelty T Shirt 5XL Black,0,0.44223055
Its just a light weight everyday jacket that washes easy. It was inexpensive and so comfy,Enough Social Interaction Graphic Novelty T Shirt 5XL Black,0,0.35892868
chiefs tshirt teens,Enough Social Interaction Graphic Novelty T Shirt 5XL Black,0,0.35292527
daddy shark shirt back,Enough Social Interaction Graphic Novelty T Shirt 5XL Black,2,0.3121426
dark humor is like food not everyone gets it,Enough Social Interaction Graphic Novelty T Shirt 5XL Black,0,0.42225492
if im too much maybe youre not enough,Enough Social Interaction Graphic Novelty T Shirt 5XL Black,0,0.2858386
people not puzzles shirt,Enough Social Interaction Graphic Novelty T Shirt 5XL Black,2,0.11011599
some things just fill your heart without trying,Enough Social Interaction Graphic Novelty T Shirt 5XL Black,0,0.29649252
the one for whom food is not enough gorman,Enough Social Interaction Graphic Novelty T Shirt 5XL Black,0,0.26233697
.i'm a dreamer but i not the only one dragonfly,"I Smell Hippies | Funny Ronald Reagan Conservative Merica USA Unisex T-Shirt-Adult,XL Black",0,0.30698916
drink water not coke shirt,"I Smell Hippies | Funny Ronald Reagan Conservative Merica USA Unisex T-Shirt-Adult,XL Black",2,0.14430992
ellington was not a street,"I Smell Hippies | Funny Ronald Reagan Conservative Merica USA Unisex T-Shirt-Adult,XL Black",0,0.10412683
"'vaccinated, because i'm not an idiot' t shirt",Outstanding Humor Graphic Novelty Sarcastic Funny T Shirt XL Black,2,0.2824971
-a house is not a home without a dog shirt,Outstanding Humor Graphic Novelty Sarcastic Funny T Shirt XL Black,2,0.22051212
-it's not love i'm drunk tshirt,Outstanding Humor Graphic Novelty Sarcastic Funny T Shirt XL Black,2,0.44455886
0o days without sarcasm shirt,Outstanding Humor Graphic Novelty Sarcastic Funny T Shirt XL Black,2,0.21102923
I would want a my replacement to be a Camo print jacket. Since i never had a Camo print jacket me picking this out as a replacement works. ,Outstanding Humor Graphic Novelty Sarcastic Funny T Shirt XL Black,0,0.33223277
do not read the next sentence,Outstanding Humor Graphic Novelty Sarcastic Funny T Shirt XL Black,2,0.11756565
do not worry about anything,Outstanding Humor Graphic Novelty Sarcastic Funny T Shirt XL Black,3,0.07706997
golden doodles merchandise funny,Outstanding Humor Graphic Novelty Sarcastic Funny T Shirt XL Black,3,0.66592526
i am looking for an olive green fur coat that has a cheetah print on it. it is a long jacket with buttons. ,Outstanding Humor Graphic Novelty Sarcastic Funny T Shirt XL Black,0,0.3800702
i may not have a phd,Outstanding Humor Graphic Novelty Sarcastic Funny T Shirt XL Black,0,0.21152996
listen without prejudice shirt,Outstanding Humor Graphic Novelty Sarcastic Funny T Shirt XL Black,0,0.23171222
some things just fill your heart without trying,Outstanding Humor Graphic Novelty Sarcastic Funny T Shirt XL Black,0,0.28719103
something they will not forget,Outstanding Humor Graphic Novelty Sarcastic Funny T Shirt XL Black,0,0.22069624
talk to plants not cops,Outstanding Humor Graphic Novelty Sarcastic Funny T Shirt XL Black,0,0.03483506
the north is not enough t,Outstanding Humor Graphic Novelty Sarcastic Funny T Shirt XL Black,2,0.3293686
wkrp in cincinnati t shirt,Outstanding Humor Graphic Novelty Sarcastic Funny T Shirt XL Black,2,0.26405576
you cannot start without me,Outstanding Humor Graphic Novelty Sarcastic Funny T Shirt XL Black,0,0.18833032
''i am here for a good time not a log time'' sticker,Someone Awesome Comes Along Graphic Novelty Sarcastic Funny T Shirt L Black,0,0.36438155
talk to plants not cops,Someone Awesome Comes Along Graphic Novelty Sarcastic Funny T Shirt L Black,0,0.042009763
super hero 8 year old book,Epic Zero: Tales of a Not-So-Super 6th Grader Books 1-3 (Epic Zero Collection Book 1),3,0.5715685
50 ways to soothe yourself without food,Never Binge Again(tm): How Thousands of People Have Stopped Overeating and Binge Eating - and Stuck to the Diet of Their Choice! (By Reprogramming Themselves to Think Differently About Food.),3,0.54318404
free kindle books kids 3-5,Wiggly the Worm: Fun Short Stories for Kids (Early Bird Reader Book 1),3,0.53555286
forget me not willow winters,The Keys to my Diary: Fern -- A Florida Keys rom-com beach read romance novel,2,0.20006484
coupons for daughter,"Diapers Size 1 (8-14 lbs) Newborn, 198 Count - Pampers Swaddlers Disposable Baby Diapers, ONE MONTH SUPPLY (Packaging May Vary)",0,0.38014027
honest diapers,"Diapers Size 1 (8-14 lbs) Newborn, 198 Count - Pampers Swaddlers Disposable Baby Diapers, ONE MONTH SUPPLY (Packaging May Vary)",2,0.20614062
hsa eligible products only baby,"Diapers Size 1 (8-14 lbs) Newborn, 198 Count - Pampers Swaddlers Disposable Baby Diapers, ONE MONTH SUPPLY (Packaging May Vary)",3,0.45260578
pampers diapers,"Diapers Size 1 (8-14 lbs) Newborn, 198 Count - Pampers Swaddlers Disposable Baby Diapers, ONE MONTH SUPPLY (Packaging May Vary)",3,0.47530925
raw rolling papers organix,RAW Pre Rolled Cones Classic 1 1/4: 100 Pack - Classic Rolling Papers with Filter Tips | All Natural Slow Burning RAW Cone | Includes Green Blazer Tube,2,0.4095851
1tb ssd,"SAMSUNG 970 EVO Plus SSD 1TB, M.2 NVMe Interface Internal Solid State Hard Drive with V-NAND Technology for Gaming, Graphic Design, MZ-V7S1T0B/AM",3,0.25797668
intel i5 cpu laptop solid state hardrive,"SAMSUNG 970 EVO Plus SSD 1TB, M.2 NVMe Interface Internal Solid State Hard Drive with V-NAND Technology for Gaming, Graphic Design, MZ-V7S1T0B/AM",3,0.68740153
samsung 860 evo 1tb ssd,"SAMSUNG 970 EVO Plus SSD 1TB, M.2 NVMe Interface Internal Solid State Hard Drive with V-NAND Technology for Gaming, Graphic Design, MZ-V7S1T0B/AM",2,0.77270603
1tb ssd,"Samsung 860 QVO 1TB Solid State Drive (MZ-76Q1T0) V-NAND, SATA 6Gb/s, Quality and Value Optimized SSD",3,0.3327906
1tb ssd,"SAMSUNG 860 QVO 1TB Solid State Drive (MZ-76Q1T0B/AM) V-NAND, SATA 6Gb/s, Quality and Value Optimized SSD",3,0.34078398
2tb ssd,"Samsung 860 QVO 1TB Solid State Drive (MZ-76Q1T0) V-NAND, SATA 6Gb/s, Quality and Value Optimized SSD",2,0.3138135
2tb ssd,"SAMSUNG 860 QVO 1TB Solid State Drive (MZ-76Q1T0B/AM) V-NAND, SATA 6Gb/s, Quality and Value Optimized SSD",2,0.31851014
intel i5 cpu laptop solid state hardrive,"Samsung 860 QVO 1TB Solid State Drive (MZ-76Q1T0) V-NAND, SATA 6Gb/s, Quality and Value Optimized SSD",3,0.6916866
intel i5 cpu laptop solid state hardrive,"SAMSUNG 860 QVO 1TB Solid State Drive (MZ-76Q1T0B/AM) V-NAND, SATA 6Gb/s, Quality and Value Optimized SSD",3,0.6843674
samsung 860 evo 1tb ssd,"Samsung 860 QVO 1TB Solid State Drive (MZ-76Q1T0) V-NAND, SATA 6Gb/s, Quality and Value Optimized SSD",3,0.77855724
samsung 860 evo 1tb ssd,"SAMSUNG 860 QVO 1TB Solid State Drive (MZ-76Q1T0B/AM) V-NAND, SATA 6Gb/s, Quality and Value Optimized SSD",3,0.78242147
samsung ssd 860 pro 512gb,"Samsung 860 QVO 1TB Solid State Drive (MZ-76Q1T0) V-NAND, SATA 6Gb/s, Quality and Value Optimized SSD",2,0.8259078
samsung ssd 860 pro 512gb,"SAMSUNG 860 QVO 1TB Solid State Drive (MZ-76Q1T0B/AM) V-NAND, SATA 6Gb/s, Quality and Value Optimized SSD",2,0.82660383
ssd hard drive,"Samsung 860 QVO 1TB Solid State Drive (MZ-76Q1T0) V-NAND, SATA 6Gb/s, Quality and Value Optimized SSD",3,0.5370502
ssd hard drive,"SAMSUNG 860 QVO 1TB Solid State Drive (MZ-76Q1T0B/AM) V-NAND, SATA 6Gb/s, Quality and Value Optimized SSD",3,0.53214204
car seats for car,"Graco 4Ever DLX 4 in 1 Car Seat | Infant to Toddler Car Seat, with 10 Years of Use, Kendrick",3,0.4914158
xbox 1tb ssd external harddrive,"Seagate Portable 1TB External Hard Drive HDD – USB 3.0 for PC, Mac, PlayStation, & Xbox, 1-Year Rescue Service (STGX1000400) , Black",3,0.72357327
hunger games,Twilight,0,0.40853846
twilight,Twilight,3,1.0
clearance items under 5 dollars,"Ziploc Food Storage Meal Prep Containers Reusable for Kitchen Organization, Smart Snap Technology, Dishwasher Safe, Divided Rectangle, 2 Count",3,0.21166211
ed219rbk,"everydrop by Whirlpool Ice and Water Refrigerator Filter 1, EDR1RXD1, Single-Pack , Purple",3,0.21109146
edr3rxd1 whirlpool water filter,"everydrop by Whirlpool Ice and Water Refrigerator Filter 1, EDR1RXD1, Single-Pack , Purple",2,0.54652303
filter 1 compatible cartridges,"everydrop by Whirlpool Ice and Water Refrigerator Filter 1, EDR1RXD1, Single-Pack , Purple",3,0.40561545
general electric refrigerator ice maker box,"everydrop by Whirlpool Ice and Water Refrigerator Filter 1, EDR1RXD1, Single-Pack , Purple",1,0.66786784
purneat refrigerator water filter,"everydrop by Whirlpool Ice and Water Refrigerator Filter 1, EDR1RXD1, Single-Pack , Purple",2,0.59363186
refrigerator water filter,"everydrop by Whirlpool Ice and Water Refrigerator Filter 1, EDR1RXD1, Single-Pack , Purple",3,0.5829967
refrigerator water filters,"everydrop by Whirlpool Ice and Water Refrigerator Filter 1, EDR1RXD1, Single-Pack , Purple",3,0.57948536
water filter refrigerator whirlpool,"everydrop by Whirlpool Ice and Water Refrigerator Filter 1, EDR1RXD1, Single-Pack , Purple",3,0.60493815
wayer color pads,"everydrop by Whirlpool Ice and Water Refrigerator Filter 1, EDR1RXD1, Single-Pack , Purple",0,0.1665282
whirlpool water filter 2,"everydrop by Whirlpool Ice and Water Refrigerator Filter 1, EDR1RXD1, Single-Pack , Purple",2,0.4631171
1 cent that does not have shipping payment,Vaseline Lip Balm for Instantly Soft Smooth Lips Crème Brûlée Lip Balm Locks In Moisture to Improve Hydration 0.25 oz,0,0.10589042
1 cent that does not have shipping payment,ヴァセリン ペトロリュームジェリー リップ(クリームブリュレ) (並行輸入品),0,0.21923187
1 dollar item free shipping,Vaseline Lip Balm for Instantly Soft Smooth Lips Crème Brûlée Lip Balm Locks In Moisture to Improve Hydration 0.25 oz,2,0.40579563
1 dollar item free shipping,ヴァセリン ペトロリュームジェリー リップ(クリームブリュレ) (並行輸入品),2,0.21196361
clearance items under 5 dollars,Vaseline Lip Balm for Instantly Soft Smooth Lips Crème Brûlée Lip Balm Locks In Moisture to Improve Hydration 0.25 oz,3,0.15190977
clearance items under 5 dollars,ヴァセリン ペトロリュームジェリー リップ(クリームブリュレ) (並行輸入品),3,0.14559309
mini lip balm,Vaseline Lip Balm for Instantly Soft Smooth Lips Crème Brûlée Lip Balm Locks In Moisture to Improve Hydration 0.25 oz,3,0.68803334
mini lip balm,ヴァセリン ペトロリュームジェリー リップ(クリームブリュレ) (並行輸入品),3,0.41658324
stuff under 1 dollar,Vaseline Lip Balm for Instantly Soft Smooth Lips Crème Brûlée Lip Balm Locks In Moisture to Improve Hydration 0.25 oz,3,0.1747998
stuff under 1 dollar,ヴァセリン ペトロリュームジェリー リップ(クリームブリュレ) (並行輸入品),3,0.23261254
things for 1 dollar,Vaseline Lip Balm for Instantly Soft Smooth Lips Crème Brûlée Lip Balm Locks In Moisture to Improve Hydration 0.25 oz,0,0.23495859
things for 1 dollar,ヴァセリン ペトロリュームジェリー リップ(クリームブリュレ) (並行輸入品),0,0.2468977
under 5,Vaseline Lip Balm for Instantly Soft Smooth Lips Crème Brûlée Lip Balm Locks In Moisture to Improve Hydration 0.25 oz,3,0.08832446
under 5,ヴァセリン ペトロリュームジェリー リップ(クリームブリュレ) (並行輸入品),3,0.22672084
vaseline,Vaseline Lip Balm for Instantly Soft Smooth Lips Crème Brûlée Lip Balm Locks In Moisture to Improve Hydration 0.25 oz,3,0.32530802
vaseline,ヴァセリン ペトロリュームジェリー リップ(クリームブリュレ) (並行輸入品),3,0.37324238
1 contacts not more than three dollars,"Glade Solid Air Freshener, Deodorizer for Home and Bathroom, Lavender & Peach Blossom, 6 Oz, Pack of 1",0,0.14524955
1 dollar item free shipping,"Glade Solid Air Freshener, Deodorizer for Home and Bathroom, Lavender & Peach Blossom, 6 Oz, Pack of 1",2,0.4201932
stuff under 1 dollar,"Glade Solid Air Freshener, Deodorizer for Home and Bathroom, Lavender & Peach Blossom, 6 Oz, Pack of 1",3,0.261954
things for 1 dollar,"Glade Solid Air Freshener, Deodorizer for Home and Bathroom, Lavender & Peach Blossom, 6 Oz, Pack of 1",2,0.30804282
1 dollar item free shipping,Amazon eGift Card - Amazon For All Occasions,2,0.41715038
buy gift card,Amazon eGift Card - Amazon For All Occasions,3,0.3918016
cvs gift card,Amazon eGift Card - Amazon For All Occasions,3,0.42283657
electronics available on payments,Amazon eGift Card - Amazon For All Occasions,0,0.38583362
gift card balance how to check,Amazon eGift Card - Amazon For All Occasions,0,0.3778849
i tunes email gift card,Amazon eGift Card - Amazon For All Occasions,2,0.526497
itunes gift card,Amazon eGift Card - Amazon For All Occasions,0,0.5068053
outback gift cards,Amazon eGift Card - Amazon For All Occasions,2,0.30803263
redeem gift card,Amazon eGift Card - Amazon For All Occasions,3,0.3936065
things for 1 dollar,Amazon eGift Card - Amazon For All Occasions,0,0.3553487
xonar u5,Amazon eGift Card - Amazon For All Occasions,0,0.38389856
1tb ssd,Samsung SSD 860 EVO 1TB 2.5 Inch SATA III Internal SSD (MZ-76E1T0B/AM),3,0.3963259
bt-705,Samsung SSD 860 EVO 1TB 2.5 Inch SATA III Internal SSD (MZ-76E1T0B/AM),0,0.38311398
fully compliant,Samsung SSD 860 EVO 1TB 2.5 Inch SATA III Internal SSD (MZ-76E1T0B/AM),0,0.14501968
mac pro ssd m2 1tb,Samsung SSD 860 EVO 1TB 2.5 Inch SATA III Internal SSD (MZ-76E1T0B/AM),2,0.63430077
note 10 plus deal,Samsung SSD 860 EVO 1TB 2.5 Inch SATA III Internal SSD (MZ-76E1T0B/AM),0,0.2447443
portal tv,Samsung SSD 860 EVO 1TB 2.5 Inch SATA III Internal SSD (MZ-76E1T0B/AM),0,0.3938408
samsung 860 evo 1tb ssd,Samsung SSD 860 EVO 1TB 2.5 Inch SATA III Internal SSD (MZ-76E1T0B/AM),3,0.8715215
sp 41,Samsung SSD 860 EVO 1TB 2.5 Inch SATA III Internal SSD (MZ-76E1T0B/AM),0,0.2848932
ssd hard drive internal,Samsung SSD 860 EVO 1TB 2.5 Inch SATA III Internal SSD (MZ-76E1T0B/AM),3,0.4475726
0sxk ofrece fidget toys not expensive,"Super Z Outlet Liquid Motion Bubbler for Sensory Play, Fidget Toy, Children Activity, Desk Top, Assorted Colors (1 Piece)",3,0.5497746
0sxk ofrece fidget toys not expensive,"28 Pack Sensory Toys Set, Relieves Stress and Anxiety Fidget Toy for Children Adults, Special Toys Assortment for Birthday Party Favors, Classroom Rewards Prizes, Carnival, Piñata Goodie Bag Fillers",3,0.47222042
dark humor is like food not everyone gets it,"28 Pack Sensory Toys Set, Relieves Stress and Anxiety Fidget Toy for Children Adults, Special Toys Assortment for Birthday Party Favors, Classroom Rewards Prizes, Carnival, Piñata Goodie Bag Fillers",0,0.23034307
people not puzzles shirt,"28 Pack Sensory Toys Set, Relieves Stress and Anxiety Fidget Toy for Children Adults, Special Toys Assortment for Birthday Party Favors, Classroom Rewards Prizes, Carnival, Piñata Goodie Bag Fillers",0,-0.046312332
reward toys for classroom,"28 Pack Sensory Toys Set, Relieves Stress and Anxiety Fidget Toy for Children Adults, Special Toys Assortment for Birthday Party Favors, Classroom Rewards Prizes, Carnival, Piñata Goodie Bag Fillers",3,0.67389894
ladybug memory game fat brain,"BunMo Pop Tubes Sensory Toys, Fine Motor Skills Stocking Stuffers Toddler Toys, Fidget Toys for Sensory Kids and Stocking Stuffers for Kids Learning Toys",0,0.36749488
ladybug memory game fat brain,BunMo ポップチューブ,0,0.3787006
0sxk ofrece fidget toys not expensive,"24 Pack Bundle Sensory Fidget Toys Set-Liquid Motion Timer/Grape Ball/Mochi Squishy/Stretchy String/Flippy Chain/Easter Egg/Marble Mesh/Squeeze Bean/Cube for Autistic Kids, ADHD, Anti-Stress Toys",3,0.43054557
fidget pack without pop it,"24 Pack Bundle Sensory Fidget Toys Set-Liquid Motion Timer/Grape Ball/Mochi Squishy/Stretchy String/Flippy Chain/Easter Egg/Marble Mesh/Squeeze Bean/Cube for Autistic Kids, ADHD, Anti-Stress Toys",3,0.18135674
fidget pack without pop it,"Max Fun 36 Pack Sensory Fidget Toys Pack Bulk, Stress Balls Anxiety Relief Tools Toys for Kids Adult Children, Figetget Toys Set Bundle Autistic ADHD Fidgets Box, Infinity Cube Squeeze Ball",3,0.18381746
0sxk ofrece fidget toys not expensive,"Yeetec 6 Pack 24 Links Wacky Tracks Snap and Click Fidget Toys, Finger Sensory Toys, Snake Puzzles for Stress Relief, Party Bag Fillers, Party Favours, Random Color",3,0.40810856
snap and click fidget toys,"Yeetec 6 Pack 24 Links Wacky Tracks Snap and Click Fidget Toys, Finger Sensory Toys, Snake Puzzles for Stress Relief, Party Bag Fillers, Party Favours, Random Color",3,0.5792485
$1 first addition charizard not fake,"Golden Groundhog TCG Deck Box Bundled with 100 Assorted Pokemon Cards (1 GX, EX, or V (170 HP or Higher) Ultra Rare, 2 Rares, 2 Holographics, 90 Common/Uncommons, and 5 Energy Cards)",3,0.34159565
$1 first addition charizard not fake,Golden Groundhog TCG Deck Box Bundled with 50 Assorted Pokemon Cards (All Rare Bundle Featuring an EX or GX and Holo Rare in Every Bundle),1,0.21491002
pokemon collectable cards,Golden Groundhog TCG Deck Box Bundled with 50 Assorted Pokemon Cards (All Rare Bundle Featuring an EX or GX and Holo Rare in Every Bundle),3,0.46481746
$1 first addition charizard not fake,"Golden Groundhog TCG Deck Box Bundled with 40 Assorted Pokemon Cards (GX Guaranteed with 2 Booster Packs, 2 Holo Rares, 7 Reverse Foils, 10 Rare Cards and 20 Cards Bonus Pin)",2,0.24051417
old pokemon cards,"Golden Groundhog TCG Deck Box Bundled with 40 Assorted Pokemon Cards (GX Guaranteed with 2 Booster Packs, 2 Holo Rares, 7 Reverse Foils, 10 Rare Cards and 20 Cards Bonus Pin)",3,0.4907806
$1 first addition charizard not fake,Charizard GX Box Premium Collection,3,0.43960175
$1 first addition charizard not fake,Machop - 52/102 - Common - Unlimited Edition - Base Set,2,0.6746357
$1 first addition charizard not fake,Pokemon Card Game Sun & Moon Reinforcement Expansion Pack Sky Legend Box Japanese,2,0.31424236
$1 first addition charizard not fake,ポケモンカードゲーム サン&ムーン 強化拡張パック「 スカイレジェンド」 BOX,2,0.34149253
$1 first addition charizard not fake,Pokemon TCG: Sun & Moon Trainer Kit Alolan Sandslash & Alolan Ninetales,1,0.2305106
$1 first addition charizard not fake,Golden Groundhog TCG Deck Box Bundled with 5 Assorted Pokemon Card Lot (Guaranteed 5 Assorted GX Ultra Rares and 1 Assorted Figure),2,0.27026683
$1 first addition charizard not fake,"QIFAENY Card Binder Compatible with Pokemon Card GX, Trading Card Storage Album Card Holder, Album Compatible with Pokemon Card TAG GX EX, Trading Card Sets, 30 Page Hold up to 240 Cards (Charizard)",0,0.26649195
$1 first addition charizard not fake,(1pack) Pokemon Card Game Sun & Moon High Class Pack Tag All Stars TAG Team GX Japanese (11 Cards Included),0,0.27657688
$1 first addition charizard not fake,"DORARA Pokemon Cards Holder Binder, Pokemon Cards GX EX Trainer Albums, Collectible Card Albums, 30 Page - Can Hold up to 240 Cards, (Charizard)",1,0.2804529
$1 first addition charizard not fake,"Album Pokemon, Álbum de Cartas Pokémon, Álbum Titular de Tarjetas Pokémon Carpeta Carpeta Libro 30 páginas 240 Tarjetas Capacidad (Charizard)",1,0.2974794
$1 first addition charizard not fake,"Pokemon Limited Edition TCG: Random Cards from Every Series, 100 Cards in Each Lot",2,0.36914524
$1 first addition charizard not fake,Pokemon TCG/Marshadow & MachampTag Team GX (RR) / Tag All Stars (SM12a-067) / Japanese Single Card,3,0.28693014
$1 first addition charizard not fake,Golden Groundhog TCG Deck Box Bundled with 100 Pokemon Cards Plus 20 Energy (Bonus 2 Legendary and/or Ultra Rare Beast Ultra Rare Cards Includes Assorted Coin),2,0.3360968
gx pokemon cards pack,Golden Groundhog TCG Deck Box Bundled with 100 Pokemon Cards Plus 20 Energy (Bonus 2 Legendary and/or Ultra Rare Beast Ultra Rare Cards Includes Assorted Coin),3,0.5959816
jumbo pokemon cards gx,Golden Groundhog TCG Deck Box Bundled with 100 Pokemon Cards Plus 20 Energy (Bonus 2 Legendary and/or Ultra Rare Beast Ultra Rare Cards Includes Assorted Coin),2,0.6198642
$1 first addition charizard not fake,"Totem Theme Mini Binder Deck Box & Card Sleeves Bundle Compatible with Pokemon Card - 1 Ultra Rare Pika V or GX, 5 Pika Cards, 3 Sword and Shield Booster Packs, 10 Rares, 10 Foil Holo Cards Included",1,0.3268726
cosmic eclipse pikachu,"Totem Theme Mini Binder Deck Box & Card Sleeves Bundle Compatible with Pokemon Card - 1 Ultra Rare Pika V or GX, 5 Pika Cards, 3 Sword and Shield Booster Packs, 10 Rares, 10 Foil Holo Cards Included",2,0.3114577
pikashu card,"Totem Theme Mini Binder Deck Box & Card Sleeves Bundle Compatible with Pokemon Card - 1 Ultra Rare Pika V or GX, 5 Pika Cards, 3 Sword and Shield Booster Packs, 10 Rares, 10 Foil Holo Cards Included",3,0.18854836
$1 first addition charizard not fake,"50+ Official Pokemon Cards Binder Collection Booster Box with 5 Foils in Any Combination and at Least 1 Rarity, GX, EX, FA, Tag Team, Or Secret Rare, with Cards Like Charizard and Detective Pikachu",3,0.29022348
old pokemon cards,"50+ Official Pokemon Cards Binder Collection Booster Box with 5 Foils in Any Combination and at Least 1 Rarity, GX, EX, FA, Tag Team, Or Secret Rare, with Cards Like Charizard and Detective Pikachu",3,0.45882124
$1 first addition charizard not fake,"Pokemon TCG: Legends of Alola Solgaleo-GX Tin | Collectible Trading Card Set | 4 Booster Packs, 1 Ultra Rare Foil Promo Card Featuring Solgaleo-GX, Online Code Card | Battle and Build Your Pokedex",2,0.25300947
$1 first addition charizard not fake,"Golden Groundhog TCG Deck Box Bundled with 100 Assorted Pokemon Cards (1 GX, Rares, Holos, and 45 Bonus Energy Cards)",3,0.3575582
$1 first addition charizard not fake,Pokemon - Gyarados (34/108) - XY Evolutions - Reverse Holo,0,0.2515638
$1 first addition charizard not fake,Pokémon 1st/2nd Generation from 1999! Pack of 50 Cards Guaranteed Holographics and first editions!! No more then 6 energy cards in each lot unless requesting more! Product ID: 792759981470,0,0.38520527
old pokemon cards,Pokémon 1st/2nd Generation from 1999! Pack of 50 Cards Guaranteed Holographics and first editions!! No more then 6 energy cards in each lot unless requesting more! Product ID: 792759981470,3,0.4071312
$1 first addition charizard not fake,Pokemon - Poliwhirl (24/108) - XY Evolutions,2,0.3224662
$1 first addition charizard not fake,Pokemon - Ancient Mew Promos,0,0.28996596
old pokemon cards,Pokemon - Ancient Mew Promos,3,0.73958194
$1 first addition charizard not fake,100 Assorted Pokemon Trading Cards,2,0.37403488
$1 first addition charizard not fake,"Pokemon TCG: Random Cards from Every Series, 100 Cards in Each Lot",2,0.3507973
$1 first addition charizard not fake,"Pokémon Assorted Cards, 50 Pieces",2,0.17608827
0zo not bit,"Pokémon Assorted Cards, 50 Pieces",0,0.05335991
old pokemon cards,"Pokémon Assorted Cards, 50 Pieces",3,0.5086733
pokemon card pack,"Pokémon Assorted Cards, 50 Pieces",3,0.5641557
pokemon cards,"Pokémon Assorted Cards, 50 Pieces",3,0.52690816
pokemon collectable cards,"Pokémon Assorted Cards, 50 Pieces",3,0.52706206
pokemon crads,"Pokémon Assorted Cards, 50 Pieces",3,0.46130657
pokimon toys,"Pokémon Assorted Cards, 50 Pieces",0,0.19794014
$1 first addition charizard not fake,Pokemon TCG: 3 Booster Packs – 30 Cards Total| Value Pack Includes 3 Blister Packs of Random Cards | 100% Authentic Branded Pokemon Expansion Packs | Random Chance at Rares & Holofoils,2,0.36675468
lucario pokemon legendary,Pokemon TCG: 3 Booster Packs – 30 Cards Total| Value Pack Includes 3 Blister Packs of Random Cards | 100% Authentic Branded Pokemon Expansion Packs | Random Chance at Rares & Holofoils,2,0.38270003
old pokemon cards,Pokemon TCG: 3 Booster Packs – 30 Cards Total| Value Pack Includes 3 Blister Packs of Random Cards | 100% Authentic Branded Pokemon Expansion Packs | Random Chance at Rares & Holofoils,3,0.42975652
pokemon card pack,Pokemon TCG: 3 Booster Packs – 30 Cards Total| Value Pack Includes 3 Blister Packs of Random Cards | 100% Authentic Branded Pokemon Expansion Packs | Random Chance at Rares & Holofoils,3,0.45908448
pokemon cards,Pokemon TCG: 3 Booster Packs – 30 Cards Total| Value Pack Includes 3 Blister Packs of Random Cards | 100% Authentic Branded Pokemon Expansion Packs | Random Chance at Rares & Holofoils,3,0.3679099
pokemon crads,Pokemon TCG: 3 Booster Packs – 30 Cards Total| Value Pack Includes 3 Blister Packs of Random Cards | 100% Authentic Branded Pokemon Expansion Packs | Random Chance at Rares & Holofoils,3,0.36199737
$1 first addition charizard not fake,Pokemon - Cubone (50) - Jungle,3,0.15698266
$1 first addition charizard not fake,Pokemon - Exeggcute (52) - Jungle,3,0.21359445
$1 first addition charizard not fake,"Learning Resources Base Ten Blocks Smart Pack, Early Childhood Math Skills, Ages 5+, Multicolor",0,0.42227256
$1 first addition charizard not fake,Pokemon TCG - 5 Card EX / GX / Mega EX Lot.,2,0.22538586
arceas pokemon card,Pokemon TCG - 5 Card EX / GX / Mega EX Lot.,2,0.7033591
gx pokemon cards pack,Pokemon TCG - 5 Card EX / GX / Mega EX Lot.,3,0.6911966
$1 first addition charizard not fake,Pokemon - Pikachu (87) - Base Set 2,2,0.3949792
pokemon cards,Pokemon - Pikachu (87) - Base Set 2,3,0.7066242
$1 first addition charizard not fake,Pokemon - Mega-Charizard-EX (101/108) - XY Evolutions - Holo,2,0.31037778
$1 first addition charizard not fake,Pokemon - Nidoking (45/108) - XY Evolutions - Holo,0,0.26918304
$1 first addition charizard not fake,Pokemon - Mewtwo (51/108) - XY Evolutions,1,0.3052461
old pokemon cards,Pokemon - Mewtwo (51/108) - XY Evolutions,3,0.5290655
pokemon card mewtwo,Pokemon - Mewtwo (51/108) - XY Evolutions,3,0.8330146
$1 first addition charizard not fake,Pokemon - Charmander (9/108) - XY Evolutions,0,0.3528145
$1 first addition charizard not fake,Pokemon - Charizard (11/108) - XY Evolutions - Holo,1,0.31364343
$1 first addition charizard not fake,Pokemon - Dugtrio (56/108) - XY Evolutions,2,0.29841557
$1 first addition charizard not fake,Pokemon - Zapdos (42/108) - XY Evolutions - Reverse Holo,0,0.2552021
$1 first addition charizard not fake,Pokemon Mewtwo & Pikachu XY Evolutions TCG Card Game Decks - 60 Cards Each,0,0.18565512
pikashu card,Pokemon Mewtwo & Pikachu XY Evolutions TCG Card Game Decks - 60 Cards Each,3,0.23661372
pokemon card mewtwo,Pokemon Mewtwo & Pikachu XY Evolutions TCG Card Game Decks - 60 Cards Each,3,0.59750164
pokemon collectable cards,Pokemon Mewtwo & Pikachu XY Evolutions TCG Card Game Decks - 60 Cards Each,3,0.5514679
$1 first addition charizard not fake,Pokemon - Charizard (11/108) - XY Evolutions - Reverse Holo,3,0.30105704
old pokemon cards,Pokemon - Charizard (11/108) - XY Evolutions - Reverse Holo,3,0.5769261
tru-spec men's tru security friendly belt,"Timberland Men's 35mm Classic Jean Belt, Dark Brown, 36",3,0.47797036
1 dollar item free shipping,"Gildan Men's G2000 Ultra Cotton Adult T-shirt, Charcoal, XX-Large",2,0.31399798
$5 items,"BIC Comfort 3 Hybrid Men's Disposable Razor, 3 Blades, 6 Cartridges and 1 Handle, Black, For a Close and Comfortable Shave",3,0.16038933
multivitamins for men,"Rainbow Light Men’s One Multivitamin – High Potency with Vitamin C, D & Zinc for Immune Support, Non-GMO, Vegetarian – 150 Tablets (5 Month Supply)",3,0.2566
multivitamins without vitamin k,"Rainbow Light Men’s One Multivitamin – High Potency with Vitamin C, D & Zinc for Immune Support, Non-GMO, Vegetarian – 150 Tablets (5 Month Supply)",3,0.4787757
poly vi sol multivitamin infant without iron,"Rainbow Light Men’s One Multivitamin – High Potency with Vitamin C, D & Zinc for Immune Support, Non-GMO, Vegetarian – 150 Tablets (5 Month Supply)",3,0.45000643
vitamin without vitamin k,"Rainbow Light Men’s One Multivitamin – High Potency with Vitamin C, D & Zinc for Immune Support, Non-GMO, Vegetarian – 150 Tablets (5 Month Supply)",3,0.4545068
''i am here for a good time not a log time'' sticker,"Vinkor Flameless Candles Battery Operated Candles 4"" 5"" 6"" 7"" 8"" 9"" Set of 9 Ivory Real Wax Pillar LED Candles with 10-Key Remote and Cycling 24 Hours Timer",0,0.30122647
candles,"Vinkor Flameless Candles Battery Operated Candles 4"" 5"" 6"" 7"" 8"" 9"" Set of 9 Ivory Real Wax Pillar LED Candles with 10-Key Remote and Cycling 24 Hours Timer",3,0.2635508
flameless candles luminicious,"Vinkor Flameless Candles Battery Operated Candles 4"" 5"" 6"" 7"" 8"" 9"" Set of 9 Ivory Real Wax Pillar LED Candles with 10-Key Remote and Cycling 24 Hours Timer",2,0.55546564
- if ever there is a tomorrow when we're not together,"300 Glow Sticks Bulk Party Supplies - Glow in The Dark Fun Party Favors Pack with Connectors, Neon 8 inch Glowsticks Bracelets and Necklaces",0,0.14554326
glow in the dark party supplies,"300 Glow Sticks Bulk Party Supplies - Glow in The Dark Fun Party Favors Pack with Connectors, Neon 8 inch Glowsticks Bracelets and Necklaces",3,0.44950795
glowstick,"300 Glow Sticks Bulk Party Supplies - Glow in The Dark Fun Party Favors Pack with Connectors, Neon 8 inch Glowsticks Bracelets and Necklaces",3,0.2855379
board games,"UNO Family Card Game, with 112 Cards in a Sturdy Storage Tin, Travel-Friendly, Makes a Great Gift for 7 Year Olds and Up [Amazon Exclusive]",2,0.18767637
boqrd games,"UNO Family Card Game, with 112 Cards in a Sturdy Storage Tin, Travel-Friendly, Makes a Great Gift for 7 Year Olds and Up [Amazon Exclusive]",3,0.13583058
cardboard characters kids,"UNO Family Card Game, with 112 Cards in a Sturdy Storage Tin, Travel-Friendly, Makes a Great Gift for 7 Year Olds and Up [Amazon Exclusive]",3,0.12619406
childrens games 6 and up,"UNO Family Card Game, with 112 Cards in a Sturdy Storage Tin, Travel-Friendly, Makes a Great Gift for 7 Year Olds and Up [Amazon Exclusive]",3,0.3412791
dragon maid figures,"UNO Family Card Game, with 112 Cards in a Sturdy Storage Tin, Travel-Friendly, Makes a Great Gift for 7 Year Olds and Up [Amazon Exclusive]",0,0.19965489
enderman dragon soft toy,"UNO Family Card Game, with 112 Cards in a Sturdy Storage Tin, Travel-Friendly, Makes a Great Gift for 7 Year Olds and Up [Amazon Exclusive]",3,0.30822986
no u card game,"UNO Family Card Game, with 112 Cards in a Sturdy Storage Tin, Travel-Friendly, Makes a Great Gift for 7 Year Olds and Up [Amazon Exclusive]",3,0.12384429
people not puzzles shirt,"UNO Family Card Game, with 112 Cards in a Sturdy Storage Tin, Travel-Friendly, Makes a Great Gift for 7 Year Olds and Up [Amazon Exclusive]",0,-0.004402356
playing the game without a coach,"UNO Family Card Game, with 112 Cards in a Sturdy Storage Tin, Travel-Friendly, Makes a Great Gift for 7 Year Olds and Up [Amazon Exclusive]",0,0.14497358
pokemon collectable cards,"UNO Family Card Game, with 112 Cards in a Sturdy Storage Tin, Travel-Friendly, Makes a Great Gift for 7 Year Olds and Up [Amazon Exclusive]",2,0.3119793
reverse card,"UNO Family Card Game, with 112 Cards in a Sturdy Storage Tin, Travel-Friendly, Makes a Great Gift for 7 Year Olds and Up [Amazon Exclusive]",0,-0.06850025
spongebob squarepants super sponge game,"UNO Family Card Game, with 112 Cards in a Sturdy Storage Tin, Travel-Friendly, Makes a Great Gift for 7 Year Olds and Up [Amazon Exclusive]",0,0.47274563
pygeum and saw palmetto now,"Super Strength Saw Palmetto, 180 Capsules Prostate Health Supplement ,Extract & Berry Powder Complex,Support to Help Maintain Normal Urination Frequency & Natural DHT Blocker To Help Prevent Hair Loss",2,0.32168332
saw palmetto,"Super Strength Saw Palmetto, 180 Capsules Prostate Health Supplement ,Extract & Berry Powder Complex,Support to Help Maintain Normal Urination Frequency & Natural DHT Blocker To Help Prevent Hair Loss",3,0.24998772
fun toys,"Satkago Squishys Toys Mini Mochi Squishys Toy, 25 Pcs Mini Squishys Toys Cute Stress Reliever Toys Funny Fidget Toys Birthday Gift Party Favors for Kids",3,0.42405772
boppy nursing pillow without cover,"Boppy Nursing Pillow – Bare Naked | Breastfeeding and Bottle Feeding, Propping Baby, Tummy Time, Sitting Support | Pillow Only",3,0.7925427
boppy pillow with cover,"Boppy Nursing Pillow – Bare Naked | Breastfeeding and Bottle Feeding, Propping Baby, Tummy Time, Sitting Support | Pillow Only",3,0.3762154
essence waterproof mascara,Maybelline New York メイベリンメイクラッシュセンセーショナルウォッシャブルマスカラ、ブラッケストブラックボリュームアップマスカラ、0.32液量オンス,2,0.31861869
essence waterproof mascara,"Maybelline Lash Sensational Washable Mascara, Blackest Black, 0.32 fl; Oz; (Packaging May Vary)",2,0.5619304
heroine make long and curl mascara,Maybelline New York メイベリンメイクラッシュセンセーショナルウォッシャブルマスカラ、ブラッケストブラックボリュームアップマスカラ、0.32液量オンス,2,0.3090405
heroine make long and curl mascara,"Maybelline Lash Sensational Washable Mascara, Blackest Black, 0.32 fl; Oz; (Packaging May Vary)",2,0.53953516
bear face mask,"Alaska Bear Natural Silk Sleep Mask, Blindfold, Super Smooth Eye Mask Unisex (Black)",0,0.3259232
eye covers,"Alaska Bear Natural Silk Sleep Mask, Blindfold, Super Smooth Eye Mask Unisex (Black)",3,0.27474976
leather face tie,"Alaska Bear Natural Silk Sleep Mask, Blindfold, Super Smooth Eye Mask Unisex (Black)",0,0.35369945
mask,"Alaska Bear Natural Silk Sleep Mask, Blindfold, Super Smooth Eye Mask Unisex (Black)",3,0.14234143
sleep mask,"Alaska Bear Natural Silk Sleep Mask, Blindfold, Super Smooth Eye Mask Unisex (Black)",3,0.4415813
sleep masks,"Alaska Bear Natural Silk Sleep Mask, Blindfold, Super Smooth Eye Mask Unisex (Black)",3,0.43793148
"I want a laptop that is light weight, but can handle all of my daily needs.",VIPERTEK VTS-989-1 Billion Heavy Duty Stun Gun - Rechargeable with LED Flashlight,0,0.38665807
billy club,VIPERTEK VTS-989-1 Billion Heavy Duty Stun Gun - Rechargeable with LED Flashlight,2,0.17552838
defense weapons for women,VIPERTEK VTS-989-1 Billion Heavy Duty Stun Gun - Rechargeable with LED Flashlight,3,0.34407026
keychain taser,VIPERTEK VTS-989-1 Billion Heavy Duty Stun Gun - Rechargeable with LED Flashlight,2,0.43907243
omega knife black,VIPERTEK VTS-989-1 Billion Heavy Duty Stun Gun - Rechargeable with LED Flashlight,3,0.3201581
self defense weapons,VIPERTEK VTS-989-1 Billion Heavy Duty Stun Gun - Rechargeable with LED Flashlight,3,0.32758254
stun gun,VIPERTEK VTS-989-1 Billion Heavy Duty Stun Gun - Rechargeable with LED Flashlight,3,0.4646323
watch the game not your phone tshirt,VIPERTEK VTS-989-1 Billion Heavy Duty Stun Gun - Rechargeable with LED Flashlight,0,0.17444696
100 headset without micrphone,"BENGOO G9000 Stereo Gaming Headset for PS4 PC Xbox One PS5 Controller, Noise Cancelling Over Ear Headphones with Mic, LED Light, Bass Surround, Soft Memory Earmuffs for Laptop Mac Nintendo NES Games",0,0.18550816
all left for dead video games for xbox 360,"BENGOO G9000 Stereo Gaming Headset for PS4 PC Xbox One PS5 Controller, Noise Cancelling Over Ear Headphones with Mic, LED Light, Bass Surround, Soft Memory Earmuffs for Laptop Mac Nintendo NES Games",3,0.5464689
battle royale pc gaming headset,"BENGOO G9000 Stereo Gaming Headset for PS4 PC Xbox One PS5 Controller, Noise Cancelling Over Ear Headphones with Mic, LED Light, Bass Surround, Soft Memory Earmuffs for Laptop Mac Nintendo NES Games",2,0.7556852
birthday cards for grandson 11 yr old,"BENGOO G9000 Stereo Gaming Headset for PS4 PC Xbox One PS5 Controller, Noise Cancelling Over Ear Headphones with Mic, LED Light, Bass Surround, Soft Memory Earmuffs for Laptop Mac Nintendo NES Games",0,0.20751375
code alpha mini monster,"BENGOO G9000 Stereo Gaming Headset for PS4 PC Xbox One PS5 Controller, Noise Cancelling Over Ear Headphones with Mic, LED Light, Bass Surround, Soft Memory Earmuffs for Laptop Mac Nintendo NES Games",0,0.3085055
engineering toys for boys,"BENGOO G9000 Stereo Gaming Headset for PS4 PC Xbox One PS5 Controller, Noise Cancelling Over Ear Headphones with Mic, LED Light, Bass Surround, Soft Memory Earmuffs for Laptop Mac Nintendo NES Games",0,0.30135155
halo wars 2,"BENGOO G9000 Stereo Gaming Headset for PS4 PC Xbox One PS5 Controller, Noise Cancelling Over Ear Headphones with Mic, LED Light, Bass Surround, Soft Memory Earmuffs for Laptop Mac Nintendo NES Games",0,0.42648655
headphones with microphone,"BENGOO G9000 Stereo Gaming Headset for PS4 PC Xbox One PS5 Controller, Noise Cancelling Over Ear Headphones with Mic, LED Light, Bass Surround, Soft Memory Earmuffs for Laptop Mac Nintendo NES Games",3,0.22653097
madden 18 ps4,"BENGOO G9000 Stereo Gaming Headset for PS4 PC Xbox One PS5 Controller, Noise Cancelling Over Ear Headphones with Mic, LED Light, Bass Surround, Soft Memory Earmuffs for Laptop Mac Nintendo NES Games",1,0.3279651
nba vita gamea,"BENGOO G9000 Stereo Gaming Headset for PS4 PC Xbox One PS5 Controller, Noise Cancelling Over Ear Headphones with Mic, LED Light, Bass Surround, Soft Memory Earmuffs for Laptop Mac Nintendo NES Games",0,0.4530878
nintendo+switch+games+dead cells,"BENGOO G9000 Stereo Gaming Headset for PS4 PC Xbox One PS5 Controller, Noise Cancelling Over Ear Headphones with Mic, LED Light, Bass Surround, Soft Memory Earmuffs for Laptop Mac Nintendo NES Games",1,0.6397728
p3 controller charger,"BENGOO G9000 Stereo Gaming Headset for PS4 PC Xbox One PS5 Controller, Noise Cancelling Over Ear Headphones with Mic, LED Light, Bass Surround, Soft Memory Earmuffs for Laptop Mac Nintendo NES Games",0,0.2064737
roblox gift card not digital,"BENGOO G9000 Stereo Gaming Headset for PS4 PC Xbox One PS5 Controller, Noise Cancelling Over Ear Headphones with Mic, LED Light, Bass Surround, Soft Memory Earmuffs for Laptop Mac Nintendo NES Games",0,0.18993114
the last of us statue,"BENGOO G9000 Stereo Gaming Headset for PS4 PC Xbox One PS5 Controller, Noise Cancelling Over Ear Headphones with Mic, LED Light, Bass Surround, Soft Memory Earmuffs for Laptop Mac Nintendo NES Games",3,-0.0318666
watch the game not your phone tshirt,"BENGOO G9000 Stereo Gaming Headset for PS4 PC Xbox One PS5 Controller, Noise Cancelling Over Ear Headphones with Mic, LED Light, Bass Surround, Soft Memory Earmuffs for Laptop Mac Nintendo NES Games",0,0.34370667
world of warcraft gift card,"BENGOO G9000 Stereo Gaming Headset for PS4 PC Xbox One PS5 Controller, Noise Cancelling Over Ear Headphones with Mic, LED Light, Bass Surround, Soft Memory Earmuffs for Laptop Mac Nintendo NES Games",0,0.5075351
xbox headset with mic purple,"BENGOO G9000 Stereo Gaming Headset for PS4 PC Xbox One PS5 Controller, Noise Cancelling Over Ear Headphones with Mic, LED Light, Bass Surround, Soft Memory Earmuffs for Laptop Mac Nintendo NES Games",2,0.7044407
xbox one controller wireless ps3,"BENGOO G9000 Stereo Gaming Headset for PS4 PC Xbox One PS5 Controller, Noise Cancelling Over Ear Headphones with Mic, LED Light, Bass Surround, Soft Memory Earmuffs for Laptop Mac Nintendo NES Games",0,0.68414354
zoom headset pc,"BENGOO G9000 Stereo Gaming Headset for PS4 PC Xbox One PS5 Controller, Noise Cancelling Over Ear Headphones with Mic, LED Light, Bass Surround, Soft Memory Earmuffs for Laptop Mac Nintendo NES Games",3,0.6194083
anti aging face serum,TruSkin ビタミンCフェイシャルセラム 1オンス(約30ml),0,0.43673286
anti aging face serum,"TruSkin Vitamin C Serum for Face, Anti Aging Serum with Hyaluronic Acid, Vitamin E, Organic Aloe Vera and Jojoba Oil, Hydrating & Brightening Serum for Dark Spots, Fine Lines and Wrinkles, 1 fl oz",0,0.6786036
b-perky,TruSkin ビタミンCフェイシャルセラム 1オンス(約30ml),3,0.37860203
b-perky,"TruSkin Vitamin C Serum for Face, Anti Aging Serum with Hyaluronic Acid, Vitamin E, Organic Aloe Vera and Jojoba Oil, Hydrating & Brightening Serum for Dark Spots, Fine Lines and Wrinkles, 1 fl oz",3,0.20107082
best selling primer face,TruSkin ビタミンCフェイシャルセラム 1オンス(約30ml),2,0.3815786
best selling primer face,"TruSkin Vitamin C Serum for Face, Anti Aging Serum with Hyaluronic Acid, Vitamin E, Organic Aloe Vera and Jojoba Oil, Hydrating & Brightening Serum for Dark Spots, Fine Lines and Wrinkles, 1 fl oz",2,0.32714152
brown spot remover for skin,TruSkin ビタミンCフェイシャルセラム 1オンス(約30ml),2,0.31706667
brown spot remover for skin,"TruSkin Vitamin C Serum for Face, Anti Aging Serum with Hyaluronic Acid, Vitamin E, Organic Aloe Vera and Jojoba Oil, Hydrating & Brightening Serum for Dark Spots, Fine Lines and Wrinkles, 1 fl oz",2,0.53348005
c-50 blemish night treatment,TruSkin ビタミンCフェイシャルセラム 1オンス(約30ml),2,0.33914268
c-50 blemish night treatment,"TruSkin Vitamin C Serum for Face, Anti Aging Serum with Hyaluronic Acid, Vitamin E, Organic Aloe Vera and Jojoba Oil, Hydrating & Brightening Serum for Dark Spots, Fine Lines and Wrinkles, 1 fl oz",2,0.24589808
clarisonic deep pore facial cleansing brush head replacement,TruSkin ビタミンCフェイシャルセラム 1オンス(約30ml),1,0.33593524
clarisonic deep pore facial cleansing brush head replacement,"TruSkin Vitamin C Serum for Face, Anti Aging Serum with Hyaluronic Acid, Vitamin E, Organic Aloe Vera and Jojoba Oil, Hydrating & Brightening Serum for Dark Spots, Fine Lines and Wrinkles, 1 fl oz",1,0.58561325
dr brandt do not age,TruSkin ビタミンCフェイシャルセラム 1オンス(約30ml),3,0.23869209
dr brandt do not age,"TruSkin Vitamin C Serum for Face, Anti Aging Serum with Hyaluronic Acid, Vitamin E, Organic Aloe Vera and Jojoba Oil, Hydrating & Brightening Serum for Dark Spots, Fine Lines and Wrinkles, 1 fl oz",3,0.13132486
face oil for women,TruSkin ビタミンCフェイシャルセラム 1オンス(約30ml),3,0.37834746
face oil for women,"TruSkin Vitamin C Serum for Face, Anti Aging Serum with Hyaluronic Acid, Vitamin E, Organic Aloe Vera and Jojoba Oil, Hydrating & Brightening Serum for Dark Spots, Fine Lines and Wrinkles, 1 fl oz",3,0.38927466
facial,TruSkin ビタミンCフェイシャルセラム 1オンス(約30ml),3,0.3475917
facial,"TruSkin Vitamin C Serum for Face, Anti Aging Serum with Hyaluronic Acid, Vitamin E, Organic Aloe Vera and Jojoba Oil, Hydrating & Brightening Serum for Dark Spots, Fine Lines and Wrinkles, 1 fl oz",3,0.13809614
hydroquinone,TruSkin ビタミンCフェイシャルセラム 1オンス(約30ml),2,0.447249
hydroquinone,"TruSkin Vitamin C Serum for Face, Anti Aging Serum with Hyaluronic Acid, Vitamin E, Organic Aloe Vera and Jojoba Oil, Hydrating & Brightening Serum for Dark Spots, Fine Lines and Wrinkles, 1 fl oz",2,0.34574166
hyperpigmentation treatment,TruSkin ビタミンCフェイシャルセラム 1オンス(約30ml),0,0.4779616
hyperpigmentation treatment,"TruSkin Vitamin C Serum for Face, Anti Aging Serum with Hyaluronic Acid, Vitamin E, Organic Aloe Vera and Jojoba Oil, Hydrating & Brightening Serum for Dark Spots, Fine Lines and Wrinkles, 1 fl oz",0,0.36913806
juvenatur antiarrugas,TruSkin ビタミンCフェイシャルセラム 1オンス(約30ml),2,0.50599986
juvenatur antiarrugas,"TruSkin Vitamin C Serum for Face, Anti Aging Serum with Hyaluronic Acid, Vitamin E, Organic Aloe Vera and Jojoba Oil, Hydrating & Brightening Serum for Dark Spots, Fine Lines and Wrinkles, 1 fl oz",2,0.21893029
oz naturals vitamin c serum for face,TruSkin ビタミンCフェイシャルセラム 1オンス(約30ml),2,0.4577447
oz naturals vitamin c serum for face,"TruSkin Vitamin C Serum for Face, Anti Aging Serum with Hyaluronic Acid, Vitamin E, Organic Aloe Vera and Jojoba Oil, Hydrating & Brightening Serum for Dark Spots, Fine Lines and Wrinkles, 1 fl oz",2,0.8172978
perricone no makeup,TruSkin ビタミンCフェイシャルセラム 1オンス(約30ml),0,0.23194978
perricone no makeup,"TruSkin Vitamin C Serum for Face, Anti Aging Serum with Hyaluronic Acid, Vitamin E, Organic Aloe Vera and Jojoba Oil, Hydrating & Brightening Serum for Dark Spots, Fine Lines and Wrinkles, 1 fl oz",0,0.08890174
skin lightening cream,TruSkin ビタミンCフェイシャルセラム 1オンス(約30ml),2,0.40901345
skin lightening cream,"TruSkin Vitamin C Serum for Face, Anti Aging Serum with Hyaluronic Acid, Vitamin E, Organic Aloe Vera and Jojoba Oil, Hydrating & Brightening Serum for Dark Spots, Fine Lines and Wrinkles, 1 fl oz",2,0.44410193
sunny thoughts for not so sunny days,TruSkin ビタミンCフェイシャルセラム 1オンス(約30ml),0,0.3713605
sunny thoughts for not so sunny days,"TruSkin Vitamin C Serum for Face, Anti Aging Serum with Hyaluronic Acid, Vitamin E, Organic Aloe Vera and Jojoba Oil, Hydrating & Brightening Serum for Dark Spots, Fine Lines and Wrinkles, 1 fl oz",0,0.28922018
very little sleeping beauty,TruSkin ビタミンCフェイシャルセラム 1オンス(約30ml),0,0.19183211
very little sleeping beauty,"TruSkin Vitamin C Serum for Face, Anti Aging Serum with Hyaluronic Acid, Vitamin E, Organic Aloe Vera and Jojoba Oil, Hydrating & Brightening Serum for Dark Spots, Fine Lines and Wrinkles, 1 fl oz",0,0.15774542
vitamin c serum,TruSkin ビタミンCフェイシャルセラム 1オンス(約30ml),3,0.4590113
vitamin c serum,"TruSkin Vitamin C Serum for Face, Anti Aging Serum with Hyaluronic Acid, Vitamin E, Organic Aloe Vera and Jojoba Oil, Hydrating & Brightening Serum for Dark Spots, Fine Lines and Wrinkles, 1 fl oz",3,0.68440056
kaydora reborn dolls,"Kaydora Reborn Baby Doll, 22 inch Weighted Baby Lifelike Reborn Doll Girl, Lucy",3,0.7087322
reborn baby doll 22 inch clothes,"Kaydora Reborn Baby Doll, 22 inch Weighted Baby Lifelike Reborn Doll Girl, Lucy",3,0.83913994
dinosaurs not the momma toy,"Learning Pad / Kids Phone with 6 Toddler Learning Games. Touch and Learn Toddler Tablet for Numbers, ABC and Words Learning. Educational Learning Toys for Boys and Girls - 3 Year Old",0,0.18952371
dior show volume mascara,"L'Oreal Paris Voluminous Makeup Lash Paradise Mascara, Voluptuous Volume, Intense Length, Feathery Soft Full Lashes, No Flaking, No Smudging, No Clumping, Blackest Black, 1 Count",2,0.45112544
heroine make long and curl mascara,"L'Oreal Paris Voluminous Makeup Lash Paradise Mascara, Voluptuous Volume, Intense Length, Feathery Soft Full Lashes, No Flaking, No Smudging, No Clumping, Blackest Black, 1 Count",2,0.5727353
kaydora reborn dolls,"Reborn Baby Dolls 22"" Cute Realistic Soft Silicone Vinyl Dolls Newborn Baby Sleeping Dolls with Closed Eyes",2,0.5433594
green stuffed dinosaur,Melissa & Doug Cuddle Dinosaur,3,0.6003151
plush animal toys noise,"Play22 Plush Talking Stuffed Animals Jungle Set - Plush Toys Set with Carrier for Kids Babies & Toddlers - 6 Piece Set Baby Stuffed Animals Includes Stuffed Elephant, Tiger, Lion, Zebra, Monkey",3,0.58689374
burrito stuffed animal,Cutetitos - Mystery Stuffed Animals - Collectible Plush - Series 3,3,0.50350064
pet surprise,Cutetitos - Mystery Stuffed Animals - Collectible Plush - Series 3,2,0.548404
stuufed cow,"Plush Creations Plush Farm Animals for Toddlers with Plush Barn House Carrier. Animal Farm Set Includes 4 Talking Soft Cuddly Plush Stuffed Animals, A Plush Cow Plush Horse Plush Lamb Plush Rooster",2,0.1938422
plush animal toys noise,"Jungle Animals Talking Plush Baby Toy – 5 Piece Small Stuffed Animals Set Including Jungle House Carrier and Stuffed Monkey, Lion, Tiger & Elephant – These Mini Toys are Ideal for Boys and Girls",3,0.5656017
"I really want one with a unique print, not floral or tartan but something different and colourful, really needs to be comfortable and hasn't got a hood","Aurora Plush Bundle of 2, 12"" Thing 1 & Thing 2, Multicolor",0,0.31007648
hazel curtains,"Bedtime Originals Twinkle Toes Pink Elephant Plush, Hazel",0,0.48832515
8 month old towels,"GUND Baby Animated Flappy The Elephant Stuffed Animal Plush, Gray, 12""",0,0.34987372
adventure time costume baby,"GUND Baby Animated Flappy The Elephant Stuffed Animal Plush, Gray, 12""",0,0.4818099
elephants,"GUND Baby Animated Flappy The Elephant Stuffed Animal Plush, Gray, 12""",3,0.42979115
elmo stuffed animal for toddlers,"GUND Baby Animated Flappy The Elephant Stuffed Animal Plush, Gray, 12""",2,0.60391796
musical toddler toys,"GUND Baby Animated Flappy The Elephant Stuffed Animal Plush, Gray, 12""",2,0.48845467
stuffed animal worlds cutest dog boo,"GUND Baby Animated Flappy The Elephant Stuffed Animal Plush, Gray, 12""",3,0.4831348
stuffed animal cupcake,"Bedtime Originals Plush Toy, Cupcake Monkey , 8 Inch (Pack of 1)",0,0.7197941
elmo stuffed animal for toddlers,Gund Sesame Street Abby with Flowers Stuffed Animal,2,0.6604508
elmo stuffed animal for toddlers,Playskool Sesame Street Singing ABC’s Elmo,3,0.5394763
mens sweatpants open bottom with pockets,"Hanes Men's EcoSmart Open Leg Pant with Pockets, black, L",3,0.71755576
light grey cosplay arm sleeves,"Nautica Men's Classic Fit Short Sleeve Solid Soft Cotton Polo Shirt, Lavendula, Large",0,0.6354655
adidas joggers for men,"adidas Men's Standard Tiro 19 Pants, Black/White, Medium",2,0.53762704
adidas sweats slim,"adidas Men's Standard Tiro 19 Pants, Black/White, Medium",3,0.52277553
men's sports pants warm-up pants with zipper pockets,"adidas Men's Standard Tiro 19 Pants, Black/White, Medium",3,0.76070356
vans hoodie for women,"adidas Men's Standard Tiro 19 Pants, Black/White, Medium",0,0.304029
bermuda shorts for women,"Lee Women's Regular Fit Chino Bermuda Short, Safari, 10",3,0.5650362
'32 qt storage bins without lids',"Lifewit Bolsa de Almacenamiento de Ropa de Gran Capacidad con Asa Reforzada y Tela Actualizada para Edredones, Mantas, Organizador de Transpirable con Cremallera Robusta, Gris",2,0.25112098
'32 qt storage bins without lids',"Lifewit Large Capacity Clothes Storage Bag Organizer with Reinforced Handle Thick Fabric for Comforters, Blankets, Bedding, Foldable with Sturdy Zipper, Clear Window, 3 Pack, 90L, Grey",2,0.31895205
1 big plastic bin with lid not clear,"Lifewit Bolsa de Almacenamiento de Ropa de Gran Capacidad con Asa Reforzada y Tela Actualizada para Edredones, Mantas, Organizador de Transpirable con Cremallera Robusta, Gris",0,0.21540636
1 big plastic bin with lid not clear,"Lifewit Large Capacity Clothes Storage Bag Organizer with Reinforced Handle Thick Fabric for Comforters, Blankets, Bedding, Foldable with Sturdy Zipper, Clear Window, 3 Pack, 90L, Grey",0,0.41939327
airbnb essentials,"Lifewit Bolsa de Almacenamiento de Ropa de Gran Capacidad con Asa Reforzada y Tela Actualizada para Edredones, Mantas, Organizador de Transpirable con Cremallera Robusta, Gris",0,0.5407871
airbnb essentials,"Lifewit Large Capacity Clothes Storage Bag Organizer with Reinforced Handle Thick Fabric for Comforters, Blankets, Bedding, Foldable with Sturdy Zipper, Clear Window, 3 Pack, 90L, Grey",0,0.35246408
bedroom closet storage rigid stackable containers,"Lifewit Bolsa de Almacenamiento de Ropa de Gran Capacidad con Asa Reforzada y Tela Actualizada para Edredones, Mantas, Organizador de Transpirable con Cremallera Robusta, Gris",3,0.2456257
bedroom closet storage rigid stackable containers,"Lifewit Large Capacity Clothes Storage Bag Organizer with Reinforced Handle Thick Fabric for Comforters, Blankets, Bedding, Foldable with Sturdy Zipper, Clear Window, 3 Pack, 90L, Grey",3,0.5990363
clothes bins,"Lifewit Bolsa de Almacenamiento de Ropa de Gran Capacidad con Asa Reforzada y Tela Actualizada para Edredones, Mantas, Organizador de Transpirable con Cremallera Robusta, Gris",3,0.33767557
clothes bins,"Lifewit Large Capacity Clothes Storage Bag Organizer with Reinforced Handle Thick Fabric for Comforters, Blankets, Bedding, Foldable with Sturdy Zipper, Clear Window, 3 Pack, 90L, Grey",3,0.4383964
clothes organizer for closet,"Lifewit Bolsa de Almacenamiento de Ropa de Gran Capacidad con Asa Reforzada y Tela Actualizada para Edredones, Mantas, Organizador de Transpirable con Cremallera Robusta, Gris",3,0.2590076
clothes organizer for closet,"Lifewit Large Capacity Clothes Storage Bag Organizer with Reinforced Handle Thick Fabric for Comforters, Blankets, Bedding, Foldable with Sturdy Zipper, Clear Window, 3 Pack, 90L, Grey",3,0.5467117
fabric storage,"Lifewit Bolsa de Almacenamiento de Ropa de Gran Capacidad con Asa Reforzada y Tela Actualizada para Edredones, Mantas, Organizador de Transpirable con Cremallera Robusta, Gris",3,0.42749226
fabric storage,"Lifewit Large Capacity Clothes Storage Bag Organizer with Reinforced Handle Thick Fabric for Comforters, Blankets, Bedding, Foldable with Sturdy Zipper, Clear Window, 3 Pack, 90L, Grey",3,0.410126
small blanket bag,"Lifewit Bolsa de Almacenamiento de Ropa de Gran Capacidad con Asa Reforzada y Tela Actualizada para Edredones, Mantas, Organizador de Transpirable con Cremallera Robusta, Gris",3,0.18685803
small blanket bag,"Lifewit Large Capacity Clothes Storage Bag Organizer with Reinforced Handle Thick Fabric for Comforters, Blankets, Bedding, Foldable with Sturdy Zipper, Clear Window, 3 Pack, 90L, Grey",3,0.32127047
storage bags,"Lifewit Bolsa de Almacenamiento de Ropa de Gran Capacidad con Asa Reforzada y Tela Actualizada para Edredones, Mantas, Organizador de Transpirable con Cremallera Robusta, Gris",3,0.34654108
storage bags,"Lifewit Large Capacity Clothes Storage Bag Organizer with Reinforced Handle Thick Fabric for Comforters, Blankets, Bedding, Foldable with Sturdy Zipper, Clear Window, 3 Pack, 90L, Grey",3,0.3796156
storage containers with lids,"Lifewit Bolsa de Almacenamiento de Ropa de Gran Capacidad con Asa Reforzada y Tela Actualizada para Edredones, Mantas, Organizador de Transpirable con Cremallera Robusta, Gris",2,0.3556418
storage containers with lids,"Lifewit Large Capacity Clothes Storage Bag Organizer with Reinforced Handle Thick Fabric for Comforters, Blankets, Bedding, Foldable with Sturdy Zipper, Clear Window, 3 Pack, 90L, Grey",2,0.38525406
tote drawers for storage,"Lifewit Bolsa de Almacenamiento de Ropa de Gran Capacidad con Asa Reforzada y Tela Actualizada para Edredones, Mantas, Organizador de Transpirable con Cremallera Robusta, Gris",2,0.28900605
tote drawers for storage,"Lifewit Large Capacity Clothes Storage Bag Organizer with Reinforced Handle Thick Fabric for Comforters, Blankets, Bedding, Foldable with Sturdy Zipper, Clear Window, 3 Pack, 90L, Grey",2,0.4039712
leggings,"Hanes Women's Stretch Jersey Legging, Black, Large",3,0.49370834
tan jeans women high waisted,"Hanes Women's Stretch Jersey Legging, Black, Large",0,0.73830336
lsu sweat pants for men,"Russell Athletic Men's Dri-Power Open Bottom Sweatpants with Pockets, Black Heather, X-Large",3,0.8046374
home made dust collector,"Conair Battery Operated Fabric Defuzzer/Shaver, White, Regular",0,0.42752177
portable lint remover,"Conair Battery Operated Fabric Defuzzer/Shaver, White, Regular",3,0.47658265
big and tall golf shorts,Dockers Men's Classic-Fit Perfect-Short - 36W - Sea Cliff (Cotton),3,0.2758665
mens sweatpants open bottom with pockets,"Champion Men's Authentic Open Bottom Jersey Pant, Large - Granite Heather",3,0.52356166
black blanket,"World's Best Blanket Throw, 50 x 60 inch, Black",3,0.48782787
candles,"Glade Candle Jar, Air Freshener, Blooming Peony & Cherry, 3.4 Oz",3,0.4324534
candles,"Glade Candle Jar, Air Freshener, 2in1, Jubilant Rose & Lavender & Peach Blossom, 3.4 Oz, 2 Count",3,0.41090885
$10 credit not given on purchase on prime day,Gagster Upgraded Spider Prank Box - Fake Spider & Wooden Box Gag Gift for Kids - Joke Gift Box Packaging Adds to The Suspense - Unique Prank Toy - Always Startling,0,0.19333029
$10 credit not given on purchase on prime day,Personalized Engraved Leather Wallet for Boyfriend Husband from Wife Girlfriend - Christmas Anniversary Valentines Day Birthday Wedding - I Love You - Men Custom Bifold Wallets with Romantic Message,0,0.28341067
$10 credit not given on purchase on prime day,"Hide & Drink, Leather Mini Classic Shoulder Bag, Wallet Storage, Phone Holder, Travel & Commute Accessories, Durable, Vintage Style, Handmade Includes 101 Year Warranty :: Bourbon Brown",0,0.34252423
$10 credit not given on purchase on prime day,"Fire 7 tablet, 7"" display, 16 GB, latest model (2019 release), Plum",0,0.43510795
kindle e-reader,"Fire 7 tablet, 7"" display, 16 GB, latest model (2019 release), Plum",2,0.4254422
sales,"Fire 7 tablet, 7"" display, 16 GB, latest model (2019 release), Plum",1,0.18421441
$10 credit not given on purchase on prime day,$200 Visa Gift Card (plus $6.95 Purchase Fee),0,0.4644296
$44red ' phone without having to pay production,$200 Visa Gift Card (plus $6.95 Purchase Fee),0,0.38391313
amazon rewards points,$200 Visa Gift Card (plus $6.95 Purchase Fee),0,0.34844494
electronics available on payments,$200 Visa Gift Card (plus $6.95 Purchase Fee),0,0.2329634
gift cards,$200 Visa Gift Card (plus $6.95 Purchase Fee),3,0.26896417
gift crads,$200 Visa Gift Card (plus $6.95 Purchase Fee),3,0.24030542
gifts for men,$200 Visa Gift Card (plus $6.95 Purchase Fee),3,0.14216624
item not delivered but shows delivered,$200 Visa Gift Card (plus $6.95 Purchase Fee),3,0.080550395
itunes gift card,$200 Visa Gift Card (plus $6.95 Purchase Fee),0,0.38350183
visa card,$200 Visa Gift Card (plus $6.95 Purchase Fee),3,0.42058504
visa gift card 200,$200 Visa Gift Card (plus $6.95 Purchase Fee),3,0.8111743
$10 credit not given on purchase on prime day,Kindle Paperwhite – Now Waterproof with 2x the Storage – Ad-Supported,0,0.22401366
"I want a laptop that is light weight, but can handle all of my daily needs.",Kindle Paperwhite – Now Waterproof with 2x the Storage – Ad-Supported,0,0.5321076
kindle,Kindle Paperwhite – Now Waterproof with 2x the Storage – Ad-Supported,3,0.41067183
kindle e-reader,Kindle Paperwhite – Now Waterproof with 2x the Storage – Ad-Supported,3,0.41391784
kindle fire,Kindle Paperwhite – Now Waterproof with 2x the Storage – Ad-Supported,3,0.3154472
kindle not ad supported,Kindle Paperwhite – Now Waterproof with 2x the Storage – Ad-Supported,0,0.2201565
kindle paperwhite sleeve,Kindle Paperwhite – Now Waterproof with 2x the Storage – Ad-Supported,0,0.49154207
"need a small neat affordable netbook or small laptop to do emails and internet ,nothing fancy.",Kindle Paperwhite – Now Waterproof with 2x the Storage – Ad-Supported,0,0.4357311
$10 credit not given on purchase on prime day,"Marbrasse Mesh Desk Organizer, Multi-Functional Pen Holder, Pen Organizer for desk, Desktop Stationary Organizer, Storage Rack for School Home Office Art Supplies (Mesh Pen Holder)",0,0.14091322
$10 credit not given on purchase on prime day,"Signature Design by Ashley Chime 12"" Medium Firm Memory Foam Mattress - CertiPUR-US Certified, Queen",0,0.30452123
14 inch mattress queen,"Signature Design by Ashley Chime 12"" Medium Firm Memory Foam Mattress - CertiPUR-US Certified, Queen",2,0.66733813
ashley queen firm mattress,"Signature Design by Ashley Chime 12"" Medium Firm Memory Foam Mattress - CertiPUR-US Certified, Queen",3,0.7452753
extra memory foam,"Signature Design by Ashley Chime 12"" Medium Firm Memory Foam Mattress - CertiPUR-US Certified, Queen",3,0.36093915
jeromes furniture store,"Signature Design by Ashley Chime 12"" Medium Firm Memory Foam Mattress - CertiPUR-US Certified, Queen",2,0.36532038
mattress and box spring set,"Signature Design by Ashley Chime 12"" Medium Firm Memory Foam Mattress - CertiPUR-US Certified, Queen",3,0.45103186
mattress with frame,"Signature Design by Ashley Chime 12"" Medium Firm Memory Foam Mattress - CertiPUR-US Certified, Queen",3,0.41068727
mattress without springs,"Signature Design by Ashley Chime 12"" Medium Firm Memory Foam Mattress - CertiPUR-US Certified, Queen",3,0.2746203
matttress,"Signature Design by Ashley Chime 12"" Medium Firm Memory Foam Mattress - CertiPUR-US Certified, Queen",3,0.19613154
queen mattress,"Signature Design by Ashley Chime 12"" Medium Firm Memory Foam Mattress - CertiPUR-US Certified, Queen",3,0.61053395
vibe mattress,"Signature Design by Ashley Chime 12"" Medium Firm Memory Foam Mattress - CertiPUR-US Certified, Queen",3,0.486782
wood design fabric,"Signature Design by Ashley Chime 12"" Medium Firm Memory Foam Mattress - CertiPUR-US Certified, Queen",0,0.17788875
$10 credit not given on purchase on prime day,Amazon.com Gift Card in a Gold Reveal,3,0.31288272
gift cards for amazon birthday,Amazon.com Gift Card in a Gold Reveal,3,0.6638974
$10 credit not given on purchase on prime day,"Care Touch Lens Cleaning Wipes - 210 Pre-Moistened and Individually Wrapped Lens Cleaning Wipes - Great for Eyeglasses, Tablets, Camera Lenses, Screens, Keyboards and Delicate Surfaces",0,0.088488966
$100 things that are not electronics,"Care Touch Lens Cleaning Wipes - 210 Pre-Moistened and Individually Wrapped Lens Cleaning Wipes - Great for Eyeglasses, Tablets, Camera Lenses, Screens, Keyboards and Delicate Surfaces",0,0.19086237
disinfecting wipes,"Care Touch Lens Cleaning Wipes - 210 Pre-Moistened and Individually Wrapped Lens Cleaning Wipes - Great for Eyeglasses, Tablets, Camera Lenses, Screens, Keyboards and Delicate Surfaces",3,0.5806709
fsa eligible items only,"Care Touch Lens Cleaning Wipes - 210 Pre-Moistened and Individually Wrapped Lens Cleaning Wipes - Great for Eyeglasses, Tablets, Camera Lenses, Screens, Keyboards and Delicate Surfaces",3,0.12049747
i see without my eyes book,"Care Touch Lens Cleaning Wipes - 210 Pre-Moistened and Individually Wrapped Lens Cleaning Wipes - Great for Eyeglasses, Tablets, Camera Lenses, Screens, Keyboards and Delicate Surfaces",0,0.17546247
lens wipes,"Care Touch Lens Cleaning Wipes - 210 Pre-Moistened and Individually Wrapped Lens Cleaning Wipes - Great for Eyeglasses, Tablets, Camera Lenses, Screens, Keyboards and Delicate Surfaces",3,0.57844317
screen cleaning wipes,"Care Touch Lens Cleaning Wipes - 210 Pre-Moistened and Individually Wrapped Lens Cleaning Wipes - Great for Eyeglasses, Tablets, Camera Lenses, Screens, Keyboards and Delicate Surfaces",3,0.651316
$10 credit not given on purchase on prime day,MSR90 USB Swipe Magnetic Credit Card Reader 3 Tracks Mini Smart Card Reader MSR605 MSR606 Deftun,0,0.3211639
msr writer reader,MSR90 USB Swipe Magnetic Credit Card Reader 3 Tracks Mini Smart Card Reader MSR605 MSR606 Deftun,3,0.25087112
$10 credit not given on purchase on prime day,"Pokémon Kid's Quartz Watch with Plastic Strap, Black, 16 (Model: POK3018)",0,0.31693035
mario pillow,"Pokémon Kid's Quartz Watch with Plastic Strap, Black, 16 (Model: POK3018)",0,0.2345571
pokimon toys,"Pokémon Kid's Quartz Watch with Plastic Strap, Black, 16 (Model: POK3018)",1,0.29372424
pokémon tshirts for boys,"Pokémon Kid's Quartz Watch with Plastic Strap, Black, 16 (Model: POK3018)",0,0.5573493
toy story watch,"Pokémon Kid's Quartz Watch with Plastic Strap, Black, 16 (Model: POK3018)",2,0.4110492
$10 credit not given on purchase on prime day,"Scotch Thermal Laminator, 2 Roller System for a Professional Finish, Use for Home, Office or School, Suitable for use with Photos (TL901X)",0,0.10432083
$10 credit not given on purchase on prime day,OUR MOMENTS Couples: 100 Thought Provoking Conversation Starters for Great Relationships - Fun Conversation Cards Game for Couples,0,0.2611192
- if ever there is a tomorrow when we're not together,OUR MOMENTS Couples: 100 Thought Provoking Conversation Starters for Great Relationships - Fun Conversation Cards Game for Couples,0,0.17306554
A Lenovo like mine its a little notebook it's fab. It would be black in colour ,OUR MOMENTS Couples: 100 Thought Provoking Conversation Starters for Great Relationships - Fun Conversation Cards Game for Couples,0,0.27752736
I want to buy a laptop that is touchscreen and has a long battery time. I also want it to be sleek and lightweight.,OUR MOMENTS Couples: 100 Thought Provoking Conversation Starters for Great Relationships - Fun Conversation Cards Game for Couples,0,0.46877077
buzzed card game,OUR MOMENTS Couples: 100 Thought Provoking Conversation Starters for Great Relationships - Fun Conversation Cards Game for Couples,0,0.42350656
games for a couple,OUR MOMENTS Couples: 100 Thought Provoking Conversation Starters for Great Relationships - Fun Conversation Cards Game for Couples,3,0.390854
great gifts for couples,OUR MOMENTS Couples: 100 Thought Provoking Conversation Starters for Great Relationships - Fun Conversation Cards Game for Couples,0,0.5420011
no u card game,OUR MOMENTS Couples: 100 Thought Provoking Conversation Starters for Great Relationships - Fun Conversation Cards Game for Couples,2,0.05998666
sexy valentines day gifts for him,OUR MOMENTS Couples: 100 Thought Provoking Conversation Starters for Great Relationships - Fun Conversation Cards Game for Couples,3,0.57489944
sunny thoughts for not so sunny days,OUR MOMENTS Couples: 100 Thought Provoking Conversation Starters for Great Relationships - Fun Conversation Cards Game for Couples,0,0.25723073
tupi or not tupi,OUR MOMENTS Couples: 100 Thought Provoking Conversation Starters for Great Relationships - Fun Conversation Cards Game for Couples,0,0.012982205
loltoys,"L.O.L Surprise! 560296 L.O.L Sparkle Series con Acabado Brillante y 7 sorpresas, Multi",3,0.44727755
loltoys,"L.O.L. Surprise Dolls Sparkle Series A, Multicolor",3,0.22225232
lol boy dolls,L.O.L. Surprise! Boys Series Doll with 7 Surprises,3,0.729998
lol boy dolls,Lol Surprise Winter Disco Glitter Globe Series,2,0.43823788
lol boy dolls,L.O.L. Surprise! Serie Glitter Globe Doll Winter Disco - Bola de Discoteca con muñeca con Pelo con Purpurina,2,0.53543437
lol boy dolls,L.O.L. Surprise! Glitter Globe Doll Winter Disco Series with Glitter Hair,2,0.47928575
loltoys,Lol Surprise Winter Disco Glitter Globe Series,3,0.2408098
loltoys,L.O.L. Surprise! Serie Glitter Globe Doll Winter Disco - Bola de Discoteca con muñeca con Pelo con Purpurina,3,0.22042945
loltoys,L.O.L. Surprise! Glitter Globe Doll Winter Disco Series with Glitter Hair,3,0.14191477
lol winter disco,L.O.L. Surprise! Fluffy Pets Winter Disco Series with Removable Fur,3,0.68997335
pet surprise,L.O.L. Surprise! Fluffy Pets Winter Disco Series with Removable Fur,3,0.485466
l.o.l lady diva,L.O.L. サプライズ! lolサプライズ ブラックライト 8つのアイテム付き 【並行輸入】,2,0.48775634
l.o.l lady diva,"LOL Surprise Muñecas de Moda Coleccionables , Con 8 Sorpresas, Modas y Accesorios , Incluye Revelado de Luz Negra , Muñeca Brillo de Luces",2,0.47123042
l.o.l lady diva,L.O.L. Surprise! Lights Glitter Doll with 8 Surprises Including Black Light Surprises,2,0.37040728
lol boy dolls,L.O.L. サプライズ! lolサプライズ ブラックライト 8つのアイテム付き 【並行輸入】,2,0.34441978
lol boy dolls,"LOL Surprise Muñecas de Moda Coleccionables , Con 8 Sorpresas, Modas y Accesorios , Incluye Revelado de Luz Negra , Muñeca Brillo de Luces",2,0.4208818
lol boy dolls,L.O.L. Surprise! Lights Glitter Doll with 8 Surprises Including Black Light Surprises,2,0.5584108
lol surprise dolls series 2,L.O.L. サプライズ! lolサプライズ ブラックライト 8つのアイテム付き 【並行輸入】,2,0.45559213
lol surprise dolls series 2,"LOL Surprise Muñecas de Moda Coleccionables , Con 8 Sorpresas, Modas y Accesorios , Incluye Revelado de Luz Negra , Muñeca Brillo de Luces",2,0.5358933
lol surprise dolls series 2,L.O.L. Surprise! Lights Glitter Doll with 8 Surprises Including Black Light Surprises,2,0.68308514
omg lol surprise dolls,L.O.L. サプライズ! lolサプライズ ブラックライト 8つのアイテム付き 【並行輸入】,3,0.43000335
omg lol surprise dolls,"LOL Surprise Muñecas de Moda Coleccionables , Con 8 Sorpresas, Modas y Accesorios , Incluye Revelado de Luz Negra , Muñeca Brillo de Luces",3,0.5394528
omg lol surprise dolls,L.O.L. Surprise! Lights Glitter Doll with 8 Surprises Including Black Light Surprises,3,0.73037297
pet surprise,L.O.L. サプライズ! lolサプライズ ブラックライト 8つのアイテム付き 【並行輸入】,2,0.34159058
pet surprise,"LOL Surprise Muñecas de Moda Coleccionables , Con 8 Sorpresas, Modas y Accesorios , Incluye Revelado de Luz Negra , Muñeca Brillo de Luces",2,0.43346313
pet surprise,L.O.L. Surprise! Lights Glitter Doll with 8 Surprises Including Black Light Surprises,2,0.36065745
lol all star bbs,"LOL Surprise Deluxe Present Surprise with Limited Edition Doll, and Pet, Teal - Adorable Fashion Doll and Colorful Doll Accessories in Giftable Packaging - Birthday Present for Girls Age 4-15 Years",2,0.15598686
lol all star bbs,"LOL Surprise Muñeca Sprinkles de Edición Limitada y Mascota , Con Moda, Sorpresas Efervescentes y Accesorios , Regalo Sorpresa de Lujo",2,0.4662477
lol snowlicious,"LOL Surprise Deluxe Present Surprise with Limited Edition Doll, and Pet, Teal - Adorable Fashion Doll and Colorful Doll Accessories in Giftable Packaging - Birthday Present for Girls Age 4-15 Years",3,0.27325642
lol snowlicious,"LOL Surprise Muñeca Sprinkles de Edición Limitada y Mascota , Con Moda, Sorpresas Efervescentes y Accesorios , Regalo Sorpresa de Lujo",3,0.38426775
omg lol surprise dolls,"LOL Surprise Deluxe Present Surprise with Limited Edition Doll, and Pet, Teal - Adorable Fashion Doll and Colorful Doll Accessories in Giftable Packaging - Birthday Present for Girls Age 4-15 Years",3,0.6269868
omg lol surprise dolls,"LOL Surprise Muñeca Sprinkles de Edición Limitada y Mascota , Con Moda, Sorpresas Efervescentes y Accesorios , Regalo Sorpresa de Lujo",3,0.59768045
lol snowlicious,"L.O.L. Surprise! Makeover Series 3-Pack - Random 5 Surprises of 1 Lil Pet, Lil Sis, or Lil Brother Doll with Color Change Water Surprise; Magic Mirror; Secret Message; Fashion Accessory| Age 6+",3,0.21549356
pet surprise,"LOL Surprise MGA55711 Pets, Mascotas, Sorpresa, Rosa",3,0.78634846
pet surprise,L.O.L. Surprise Fuzzy Pets with Washable Fuzz & Water Surprises,3,0.6791245
pet surprise,L.O.L. Surprise! Pets Series 3-1,3,0.7330521
lol all star bbs,L.O.L. Surprise Confetti Pop- Series 3-1,2,0.41769725
lol snowlicious,L.O.L. Surprise Confetti Pop- Series 3-1,3,0.45477834
loltoys,LOLサプライズ L.O.L. サプライズ！ バブリー サプライズ ピンク ドール ＆ ペット プレゼント 誕生日 ギフト 子供 おもちゃ lolサプライズ,3,0.32480115
loltoys,"MgaEntertainment- Bubbly Surprise Pink L.O.L Maletín, Color Rosa, Talla Única (MGA Entertainment 558378)",3,0.3580943
loltoys,L.O.L. Surprise! Bubbly Surprise (Pink) with Exclusive Doll & Pet,3,0.20499672
pet surprise,LOLサプライズ L.O.L. サプライズ！ バブリー サプライズ ピンク ドール ＆ ペット プレゼント 誕生日 ギフト 子供 おもちゃ lolサプライズ,3,0.33057585
pet surprise,"MgaEntertainment- Bubbly Surprise Pink L.O.L Maletín, Color Rosa, Talla Única (MGA Entertainment 558378)",3,0.5439965
pet surprise,L.O.L. Surprise! Bubbly Surprise (Pink) with Exclusive Doll & Pet,3,0.5695073
lol surprise dolls series 2,"L.O.L. Surprise Under Wraps Muñeca - Ojo espia 2A, Modelo surtido",2,0.652717
lol surprise dolls series 2,L.O.L. Surprise! Under Wraps Doll- Series Eye Spy 2A,2,0.8257394
loltoys,"L.O.L. Surprise! Pets Series 4 (2 Pack), Standard",3,0.19481836
pet surprise,L.O.L. Surprise! Fuzzy Pets with Washable Fuzz Series 2,3,0.68035567
lol snowlicious,L.O.L. Surprise! Glam Glitter Series Doll with 7 Surprises,3,0.3789963
.2mm magnetic lashes without eyeliner,"8D Magnetic Lashes with Eyeliner Kit, 12 Pairs Light Weight Magnetic Lashes Kit with 3 Tubes of Magnetic Eyeliner with Scissors Tweezers & Mirror Case, 5 Accents + 5 Full + 2 Fluffy Lashes.",2,0.41957197
.2mm magnetic lashes without eyeliner,"Magnetic Eyelash Applicator Tool Kit, Magnetic False Eyelashes Without Eyeliner, No Glue Magnetic Eyelash Clip With 2 Pairs Soft Magnetic False Eyelashes, Natural Looking Easily Apply Eyelashes Set",3,0.7589081
magnetic eyelash kit without eyeliner,"Magnetic Eyelash Applicator Tool Kit, Magnetic False Eyelashes Without Eyeliner, No Glue Magnetic Eyelash Clip With 2 Pairs Soft Magnetic False Eyelashes, Natural Looking Easily Apply Eyelashes Set",3,0.75588846
magnetic eyelash kit without eyeliner,"Luxillia by Amazon (Brown + Black) Magnetic Eyelashes with Eyeliner Kit, Most Natural Look Eye Lashes Pack, Accents + Full Lash, Best Eyelash Tweezers, Reusable, Without Glue, 8D and 3D, Liquid Liner",3,0.50724053
.2mm magnetic lashes without eyeliner,"Upgraded Magnetic Eyelashes Without Eyeliner, With Applicator Tool, Dual Magnets, Natural Look, Fake Lashes Kit, Reusable Eye Lash, No Liner Needed",3,0.77210647
magnetic eyelash kit without eyeliner,"Upgraded Magnetic Eyelashes Without Eyeliner, With Applicator Tool, Dual Magnets, Natural Look, Fake Lashes Kit, Reusable Eye Lash, No Liner Needed",3,0.7966067
magnetic eyelashes,"Upgraded Magnetic Eyelashes Without Eyeliner, With Applicator Tool, Dual Magnets, Natural Look, Fake Lashes Kit, Reusable Eye Lash, No Liner Needed",3,0.46594536
.2mm magnetic lashes without eyeliner,"Magnetic Eyelashes, Magnetic Eyeliner and Lashes Kit with 2 Tubes Of Eyeliner, 3 Styles Magnetic Lashes, Reusable Silk False Magnetic Eyelashes, No Glue Needed, Easier To Use",2,0.54239273
.2mm magnetic lashes without eyeliner,"Davocy Magnetic Eyelashes Applicator Tool Kit, Magnetic Eyelashes without Eyeliner, Glue-free Magnetic Eyelash Clip & Eyelashes Set with 2 Pairs Soft Magnetic False Eyelashes with Manual, Natural,Gold",3,0.75296164
magnetic eyelash kit without eyeliner,"Davocy Magnetic Eyelashes Applicator Tool Kit, Magnetic Eyelashes without Eyeliner, Glue-free Magnetic Eyelash Clip & Eyelashes Set with 2 Pairs Soft Magnetic False Eyelashes with Manual, Natural,Gold",3,0.7357585
.2mm magnetic lashes without eyeliner,"Luxillia by Amazon 8D Magnetic Eyelashes with Eyeliner Kit (7 Set 2 Liner) Free Applicator and Brush - Most Natural Look Lashes Set, 3x Stronger Eyelash Magnets, Reusable False Lash, Waterproof Liquid Eye Liner",2,0.42475224
magnetic eyelashes,"Bisutang [Upgraded] Magnetic Eyelashes and Eyeliner, 6-Pairs Reusable Magnetic Lashes and 2 Tubes of Magnetic Eyeliner with Storage Case, Glue-free Natural Look Eye Lashes with Scissors Tweezers",3,0.47575796
.2mm magnetic lashes without eyeliner,"Bisutang Magnetic Eyelashes with Eyeliner, 12-Pair Reusable Magnetic Lashes with 2 Tubes of Magnetic Eyeliner, Glue-free Natural Look Eye Lashes Kit with Scissors Tweezers & Mirror Case",2,0.47280592
magnetic eyelashes,"Bisutang Magnetic Eyelashes with Eyeliner, 12-Pair Reusable Magnetic Lashes with 2 Tubes of Magnetic Eyeliner, Glue-free Natural Look Eye Lashes Kit with Scissors Tweezers & Mirror Case",3,0.47360504
black panther party favors,"BONNYCO Invisible Ink Pen and Notebook, Pack of 16 Party Favors for Kids Birthday | Spy Pen Party Supplies, Pinata Stuffers, Prizes for Kids | Magic Pen Birthday Party Favors, Prizes for Students",2,0.27117598
black panther party favors,"BONNYCO Bolígrafo Tinta Invisible y Libreta Pack x 16 Cumpleaños Niños Colegio, Detalles Cumpleaños Infantiles o Relleno Piñata | Regalos para Niños en Comunión y Boda",2,0.2732471
teen gifts for girls,"50pcs Vinyl Aesthetic Stickers for Water Bottles Laptop, Cute VSCO Hydroflask Stickers for Skateboard Notebooks Journals Luggage, Great Gift for Teen Girls (Multi-50pcs)",3,0.5195662
$150 laptop not previews,"(Renewed) Samsung Chromebook XE303C12-A01 11.6-inch, Exynos 5250, 2GB RAM, 16GB SSD, Silver",0,0.43828857
1 item received second item not in package,"(Renewed) Samsung Chromebook XE303C12-A01 11.6-inch, Exynos 5250, 2GB RAM, 16GB SSD, Silver",0,0.133717
"I would choose a laptop that has a lot of memory storage, a long battery life, a decent screen size and in a nice colour. ","(Renewed) Samsung Chromebook XE303C12-A01 11.6-inch, Exynos 5250, 2GB RAM, 16GB SSD, Silver",0,0.55342245
chrome notebook,"(Renewed) Samsung Chromebook XE303C12-A01 11.6-inch, Exynos 5250, 2GB RAM, 16GB SSD, Silver",2,0.48799735
computer,"(Renewed) Samsung Chromebook XE303C12-A01 11.6-inch, Exynos 5250, 2GB RAM, 16GB SSD, Silver",3,0.23744845
here for a good time not a long,"(Renewed) Samsung Chromebook XE303C12-A01 11.6-inch, Exynos 5250, 2GB RAM, 16GB SSD, Silver",0,0.08522386
laptop chromebook,"(Renewed) Samsung Chromebook XE303C12-A01 11.6-inch, Exynos 5250, 2GB RAM, 16GB SSD, Silver",3,0.6256236
laptop less than 150,"(Renewed) Samsung Chromebook XE303C12-A01 11.6-inch, Exynos 5250, 2GB RAM, 16GB SSD, Silver",0,0.30559123
laptop not chromebook,"(Renewed) Samsung Chromebook XE303C12-A01 11.6-inch, Exynos 5250, 2GB RAM, 16GB SSD, Silver",0,0.21273282
laptop samsung,"(Renewed) Samsung Chromebook XE303C12-A01 11.6-inch, Exynos 5250, 2GB RAM, 16GB SSD, Silver",3,0.54131764
laptops on sale,"(Renewed) Samsung Chromebook XE303C12-A01 11.6-inch, Exynos 5250, 2GB RAM, 16GB SSD, Silver",3,0.41248775
mini laptop,"(Renewed) Samsung Chromebook XE303C12-A01 11.6-inch, Exynos 5250, 2GB RAM, 16GB SSD, Silver",2,0.34690735
boys scratch art,ZMLM Scratch Paper Art Notebooks - Rainbow Scratch Off Art Set for Kids Activity Color Book Pad Black Magic Art Craft Supplies Kits for Girls Boys Birthday Party Favor Game Christmas Toys Gift,3,0.24312702
best friends girl,"Knock Knock Why You're My Bestie Fill in the Love Book Fill-in-the-Blank Gift Journal, 4.5 x 3.25-Inches",2,0.52057904
presents for best friends,"Knock Knock Why You're My Bestie Fill in the Love Book Fill-in-the-Blank Gift Journal, 4.5 x 3.25-Inches",3,0.5621856
red notebook wide ruled,"Mead Spiral Notebooks, 1 Subject, College Ruled Paper, 70 Sheets, Colored Note Books, Lined Paper, Home School Supplies for College Students & K-12, 10 1/2"" x 8”, Assorted Colors, 6 Pack (73065)",2,0.21898685
smash book,"STMT DIY Journaling Set - Personalize & Decorate Your Planner/Organizer/Diary/Journal with Stickers, Gems, Glitter Frames & Clips, Bookmarks, Tassel Keychain - Great Gift Idea for Women and Teen Girls",2,0.1342668
teen gifts for girls,"STMT DIY Journaling Set - Personalize & Decorate Your Planner/Organizer/Diary/Journal with Stickers, Gems, Glitter Frames & Clips, Bookmarks, Tassel Keychain - Great Gift Idea for Women and Teen Girls",3,0.62011635
grimoire journal,"Celestial Journal (Diary, Notebook)",2,0.6663214
tarot journal,"Celestial Journal (Diary, Notebook)",2,0.5719485
fashion designer kits for girls,"Fashion Angels Fashion Design Sketch Portfolio (11451), Sketch Book for Beginners, Fashion Sketch Pad with Stencils and Stickers For Kids 6 and Up",3,0.54911315
fashion show clothes for kids,"Fashion Angels Fashion Design Sketch Portfolio (11451), Sketch Book for Beginners, Fashion Sketch Pad with Stencils and Stickers For Kids 6 and Up",0,0.6969339
the way to happiness in booklet,"Soar Journal (Notebook, Diary) (Black Rock)",0,0.10604122
$100 things that are not electronics,"ILC RGB LED Light Bulb, Color Changing Light Bulb, 40W Equivalent, 450LM, 2700K Warm White 5W E26 Screw Base RGBW, Flood Light Bulb- 12 Color Choices - Timing Infrared Remote Control (4 Pack)",0,0.3236794
color changing light bulb,"ILC RGB LED Light Bulb, Color Changing Light Bulb, 40W Equivalent, 450LM, 2700K Warm White 5W E26 Screw Base RGBW, Flood Light Bulb- 12 Color Choices - Timing Infrared Remote Control (4 Pack)",3,0.49298957
color switching led lights,"ILC RGB LED Light Bulb, Color Changing Light Bulb, 40W Equivalent, 450LM, 2700K Warm White 5W E26 Screw Base RGBW, Flood Light Bulb- 12 Color Choices - Timing Infrared Remote Control (4 Pack)",3,0.56318367
$100 things that are not electronics,"FindKey Key Finder, Wireless Key RF Locator Item Anti-Lost Tag Alarm Reminder Tracker Remote Finder,1 RF Transmitter 4 Receivers,Phone Pets Keychain Wallet Luggage Pet Cat Dog Tracking Tracker",3,0.1727023
$100 things that are not electronics,"[2-Pack] PULEN for Samsung Galaxy Tab A 10.1 Screen Protector,HD Clear Anti-Scratch No Bubble 9H Hardness Tempered Glass",0,0.47255915
$100 things that are not electronics,"AirPods Case,SATLITOG Protective Silicone Cover Compatible with Apple AirPods 2 and 1(Red)",0,0.39121145
$100 things that are not electronics,"UNBREAKcable Universal Waterproof Pouch, IPX8 Waterproof Dry Bag Underwater Case for iPhone 12 Pro Max/11/Xs Max/XR/X/8 Plus Galaxy Pixel up to 7"", for Beach Kayaking Travel or Bath-2 Pack, Clear",0,0.27970073
$100 things that are not electronics,UNBREAKcable Funda Impermeable Universal - Bolsa para móvil estanca a Prueba de Agua IPX8 para iPhone XS MAX/XR/XS/X / 8 / 8plus / 7 Samsung Galaxy S10Plus / S10 Huawei P30 Pro / P30-2 Paquete,0,0.41058603
$100 things that are not electronics,"[2Pack] Tensea Compatible with Galaxy Watch Active Case 40mm, Soft TPU Bumper Full Around Screen Protector Cover for Samsung Galaxy Watch Active 40mm, 2 Packs (Clear)",3,0.33427566
$100 things that are not electronics,Cable Zip Ties Nylon Self Locking Wire Ties 4 inch 200 Pieces Black,0,0.40021083
$100 things that are not electronics,"TMY Projector 7500 Lumens with 100 Inch Projector Screen, 1080P Full HD Supported Video Projector, Mini Movie Projector Compatible with TV Stick HDMI VGA USB TF AV, for Home Cinema & Outdoor Movies.",0,0.39386666
daiwan projector,"TMY Projector 7500 Lumens with 100 Inch Projector Screen, 1080P Full HD Supported Video Projector, Mini Movie Projector Compatible with TV Stick HDMI VGA USB TF AV, for Home Cinema & Outdoor Movies.",2,0.1601259
projector inside phone,"TMY Projector 7500 Lumens with 100 Inch Projector Screen, 1080P Full HD Supported Video Projector, Mini Movie Projector Compatible with TV Stick HDMI VGA USB TF AV, for Home Cinema & Outdoor Movies.",2,0.25489533
samsung projector,"TMY Projector 7500 Lumens with 100 Inch Projector Screen, 1080P Full HD Supported Video Projector, Mini Movie Projector Compatible with TV Stick HDMI VGA USB TF AV, for Home Cinema & Outdoor Movies.",2,0.2840349
$100 things that are not electronics,Kaladior Hard Case for COMISO Waterproof Bluetooth Speakers Outdoor Wireless Portable Speaker (Teal),0,0.16330492
$100 things that are not electronics,"Potaroma Electric Flopping Fish 10.5"", Moving Cat Kicker Fish Toy, Floppy Fish Toy for Small Dogs Wiggle Fish Catnip Toys, Motion Kitten Toy Plush Interactive Cat Toys for Exercise, Mice Animal Toys",3,0.06185019
battery cat toys for indoor cats,"Potaroma Electric Flopping Fish 10.5"", Moving Cat Kicker Fish Toy, Floppy Fish Toy for Small Dogs Wiggle Fish Catnip Toys, Motion Kitten Toy Plush Interactive Cat Toys for Exercise, Mice Animal Toys",3,0.59977865
cat stimulation toys,"Potaroma Electric Flopping Fish 10.5"", Moving Cat Kicker Fish Toy, Floppy Fish Toy for Small Dogs Wiggle Fish Catnip Toys, Motion Kitten Toy Plush Interactive Cat Toys for Exercise, Mice Animal Toys",3,0.5530044
cat toys for indoor cats best sellers,"Potaroma Electric Flopping Fish 10.5"", Moving Cat Kicker Fish Toy, Floppy Fish Toy for Small Dogs Wiggle Fish Catnip Toys, Motion Kitten Toy Plush Interactive Cat Toys for Exercise, Mice Animal Toys",3,0.5923891
$100 things that are not electronics,"Meross Smart Plug Mini, 15A & Reliable Wi-Fi, Support Apple HomeKit, Siri, Alexa, Echo, Google Assistant, Nest Hub and SmartThings, App Control, Timer, No Hub Needed, 4 Pack",0,0.30347416
$100 things that are not electronics,"Wireless Earbuds, Bluetooth 5.0 IPX7 Waterproof Headphones with Digital Intelligence LED Display Charging Case, HD Stereo Built-in Mic in-Ear Sports Earphones 50 Hrs Playtime for Running Gym Office",0,0.26679608
$100 things that are not electronics,"SYLVANIA ECO LED A19 Light Bulb, 60W Equivalent Efficient 9W, 7 Year, 750 Lumens, Medium Base, Frosted, 2700K, Soft White - 24 pack (40986)",0,0.49677366
$100 things that are not electronics,"Avantree HT280 Wireless Headphones for TV Watching with 2.4G RF Transmitter Charging Dock, Digital Optical System, High Volume Headset Ideal for Seniors, 100ft Range, No Audio Delay, Plug and Play",0,0.3141036
earphones for tv listening wireless,"Avantree HT280 Wireless Headphones for TV Watching with 2.4G RF Transmitter Charging Dock, Digital Optical System, High Volume Headset Ideal for Seniors, 100ft Range, No Audio Delay, Plug and Play",3,0.6787833
wireless tv speakers for seniors,"Avantree HT280 Wireless Headphones for TV Watching with 2.4G RF Transmitter Charging Dock, Digital Optical System, High Volume Headset Ideal for Seniors, 100ft Range, No Audio Delay, Plug and Play",2,0.70220846
$100 things that are not electronics,2 Pack Headphone Earphones Earbuds 3.5mm Wired Headphone Noise Isolating Earphones with Built-in Microphon Volume Control Compatible with iPhone 6 Plus SE 5S 4 Pod Pad Samsung Android MP3,0,0.27778333
$100 things that are not electronics,"AirPods Case, Full Protective Silicone AirPods Accessories Cover Compatible with Apple AirPods 1&2 Wireless and Wired Charging Case(Front LED Visible),Sea",3,0.31164023
$100 things that are not electronics,MaxMoxie Ultrasonic Pest Repeller Humane Mice Control Newest Electronic Insect Repellent Easiest Way to Reject Rodent Bed Bug Mosquito Rat Home Animal 2 Pack,0,0.13433674
$100 things that are not electronics,"Car Phone Holder Mount, Beam Electronics Phone Car Air Vent Mount Holder Cradle Compatible for iPhone 12 11 Pro Max XS XS XR X 8+ 7+ SE 6s 6+ 5s 4 Samsung Galaxy S4-S10 LG Nexus Nokia",3,0.2926206
car holder,"Car Phone Holder Mount, Beam Electronics Phone Car Air Vent Mount Holder Cradle Compatible for iPhone 12 11 Pro Max XS XS XR X 8+ 7+ SE 6s 6+ 5s 4 Samsung Galaxy S4-S10 LG Nexus Nokia",3,0.4587132
car phone holder,"Car Phone Holder Mount, Beam Electronics Phone Car Air Vent Mount Holder Cradle Compatible for iPhone 12 11 Pro Max XS XS XR X 8+ 7+ SE 6s 6+ 5s 4 Samsung Galaxy S4-S10 LG Nexus Nokia",3,0.57527876
cell phone car mount,"Car Phone Holder Mount, Beam Electronics Phone Car Air Vent Mount Holder Cradle Compatible for iPhone 12 11 Pro Max XS XS XR X 8+ 7+ SE 6s 6+ 5s 4 Samsung Galaxy S4-S10 LG Nexus Nokia",3,0.6249943
cheap phones,"Car Phone Holder Mount, Beam Electronics Phone Car Air Vent Mount Holder Cradle Compatible for iPhone 12 11 Pro Max XS XS XR X 8+ 7+ SE 6s 6+ 5s 4 Samsung Galaxy S4-S10 LG Nexus Nokia",1,0.19158542
cup phone holder for car for galaxy,"Car Phone Holder Mount, Beam Electronics Phone Car Air Vent Mount Holder Cradle Compatible for iPhone 12 11 Pro Max XS XS XR X 8+ 7+ SE 6s 6+ 5s 4 Samsung Galaxy S4-S10 LG Nexus Nokia",2,0.7807646
dash phone mount bag,"Car Phone Holder Mount, Beam Electronics Phone Car Air Vent Mount Holder Cradle Compatible for iPhone 12 11 Pro Max XS XS XR X 8+ 7+ SE 6s 6+ 5s 4 Samsung Galaxy S4-S10 LG Nexus Nokia",2,0.44535345
iphone car holder,"Car Phone Holder Mount, Beam Electronics Phone Car Air Vent Mount Holder Cradle Compatible for iPhone 12 11 Pro Max XS XS XR X 8+ 7+ SE 6s 6+ 5s 4 Samsung Galaxy S4-S10 LG Nexus Nokia",3,0.7844218
iphone car mount,"Car Phone Holder Mount, Beam Electronics Phone Car Air Vent Mount Holder Cradle Compatible for iPhone 12 11 Pro Max XS XS XR X 8+ 7+ SE 6s 6+ 5s 4 Samsung Galaxy S4-S10 LG Nexus Nokia",3,0.7706424
magicmount vent,"Car Phone Holder Mount, Beam Electronics Phone Car Air Vent Mount Holder Cradle Compatible for iPhone 12 11 Pro Max XS XS XR X 8+ 7+ SE 6s 6+ 5s 4 Samsung Galaxy S4-S10 LG Nexus Nokia",3,0.18074995
phone mount,"Car Phone Holder Mount, Beam Electronics Phone Car Air Vent Mount Holder Cradle Compatible for iPhone 12 11 Pro Max XS XS XR X 8+ 7+ SE 6s 6+ 5s 4 Samsung Galaxy S4-S10 LG Nexus Nokia",3,0.33919317
se seat clamp,"Car Phone Holder Mount, Beam Electronics Phone Car Air Vent Mount Holder Cradle Compatible for iPhone 12 11 Pro Max XS XS XR X 8+ 7+ SE 6s 6+ 5s 4 Samsung Galaxy S4-S10 LG Nexus Nokia",0,0.24903162
universal car cup holder mount,"Car Phone Holder Mount, Beam Electronics Phone Car Air Vent Mount Holder Cradle Compatible for iPhone 12 11 Pro Max XS XS XR X 8+ 7+ SE 6s 6+ 5s 4 Samsung Galaxy S4-S10 LG Nexus Nokia",0,0.56713897
$100 things that are not electronics,"Key Finder, Esky 80dB RF Item Locator with 100ft Working Range, Wireless Wallet Tracker with 1 Transmitter and 6 Receivers for Finding Key, Remote, Pet and Wallet, Batteries Included-Black",0,0.46312004
key finder,"Key Finder, Esky 80dB RF Item Locator with 100ft Working Range, Wireless Wallet Tracker with 1 Transmitter and 6 Receivers for Finding Key, Remote, Pet and Wallet, Batteries Included-Black",3,0.2697808
$100 things that are not electronics,"VTech Spin and Learn Color Flashlight, Yellow",0,0.20471154
$100 things that are not electronics,"LightDims Original Strength - Light Dimming LED Covers and Light Dimming Sheets for Routers, Electronics and Appliances and More. Dims 50-80% of Light, in Minimal Packaging.",0,0.5445088
$100 things that are not electronics,"Apple iPad Air 2, 16 GB, Gold, (Renewed)",3,0.4692333
$100 things that are not electronics,Rechargeable Emergency LED Bulb JackonLux Multi-Function Battery Backup Emergency Light for Power Outage Camping Outdoor Activity Hurricane 9W 850LM 60W Equivalent Daylight 5000K E26 120 Volt 2 Pack,0,0.33254963
safelumin emergency light bulb,Rechargeable Emergency LED Bulb JackonLux Multi-Function Battery Backup Emergency Light for Power Outage Camping Outdoor Activity Hurricane 9W 850LM 60W Equivalent Daylight 5000K E26 120 Volt 2 Pack,3,0.60762095
$100 things that are not electronics,"Amazon Basics - Pilas alcalinas AAA de 1,5 voltios, gama Performance, paquete de 100 (el aspecto puede variar)",0,0.4592643
$100 things that are not electronics,"Amazon Basics 100 Pack AAA High-Performance Alkaline Batteries, 10-Year Shelf Life, Easy to Open Value Pack",0,0.56538224
vape pen battery,"Amazon Basics - Pilas alcalinas AAA de 1,5 voltios, gama Performance, paquete de 100 (el aspecto puede variar)",3,0.36476216
vape pen battery,"Amazon Basics 100 Pack AAA High-Performance Alkaline Batteries, 10-Year Shelf Life, Easy to Open Value Pack",3,0.26795766
$100 things that are not electronics,"PartySticks Light Up Rings LED Finger Lights - 100pk Bulk Glow Party Favors for Kids, Flashing Glow Rings, Wearable Glow Jewelry and Glow in the Dark Party Supplies for Boys and Girls",0,0.20992568
$100 things that are not electronics,"Rankie Micro HDMI to HDMI Cable, Supports Ethernet, 3D, Audio Return, 10 Feet, Black",0,0.3713979
$100 things that are not electronics,"Amazon Basics - Pilas alcalinas AA de 1,5 voltios, gama Performance, paquete de 100 (el aspecto puede variar)",0,0.45517957
$100 things that are not electronics,Amazonベーシック 乾電池 単3形 アルカリ 100個セット,0,0.45116594
$100 things that are not electronics,"Amazon Basics 100 Pack AA High-Performance Alkaline Batteries, 10-Year Shelf Life, Easy to Open Value Pack",0,0.5587015
$100 things that are not electronics,OneOdio Wired Over Ear Headphones Studio Monitor & Mixing DJ Stereo Headsets with 50mm Neodymium Drivers and 1/4 to 3.5mm Audio Jack for AMP Computer Recording Phone Piano Guitar Laptop - Black,0,0.19716415
bass amp headphones,OneOdio Wired Over Ear Headphones Studio Monitor & Mixing DJ Stereo Headsets with 50mm Neodymium Drivers and 1/4 to 3.5mm Audio Jack for AMP Computer Recording Phone Piano Guitar Laptop - Black,3,0.5478388
extra bass headphones,OneOdio Wired Over Ear Headphones Studio Monitor & Mixing DJ Stereo Headsets with 50mm Neodymium Drivers and 1/4 to 3.5mm Audio Jack for AMP Computer Recording Phone Piano Guitar Laptop - Black,2,0.49632543
headphone without microphone,OneOdio Wired Over Ear Headphones Studio Monitor & Mixing DJ Stereo Headsets with 50mm Neodymium Drivers and 1/4 to 3.5mm Audio Jack for AMP Computer Recording Phone Piano Guitar Laptop - Black,3,0.10921279
headphones not wireless,OneOdio Wired Over Ear Headphones Studio Monitor & Mixing DJ Stereo Headsets with 50mm Neodymium Drivers and 1/4 to 3.5mm Audio Jack for AMP Computer Recording Phone Piano Guitar Laptop - Black,3,0.11790037
headphones over ear wired,OneOdio Wired Over Ear Headphones Studio Monitor & Mixing DJ Stereo Headsets with 50mm Neodymium Drivers and 1/4 to 3.5mm Audio Jack for AMP Computer Recording Phone Piano Guitar Laptop - Black,2,0.38400245
headphones without microphone,OneOdio Wired Over Ear Headphones Studio Monitor & Mixing DJ Stereo Headsets with 50mm Neodymium Drivers and 1/4 to 3.5mm Audio Jack for AMP Computer Recording Phone Piano Guitar Laptop - Black,3,0.19091167
pc headphones without microphone,OneOdio Wired Over Ear Headphones Studio Monitor & Mixing DJ Stereo Headsets with 50mm Neodymium Drivers and 1/4 to 3.5mm Audio Jack for AMP Computer Recording Phone Piano Guitar Laptop - Black,3,0.3864549
pc headset without microphone,OneOdio Wired Over Ear Headphones Studio Monitor & Mixing DJ Stereo Headsets with 50mm Neodymium Drivers and 1/4 to 3.5mm Audio Jack for AMP Computer Recording Phone Piano Guitar Laptop - Black,3,0.33252817
wireless headphones without mic,OneOdio Wired Over Ear Headphones Studio Monitor & Mixing DJ Stereo Headsets with 50mm Neodymium Drivers and 1/4 to 3.5mm Audio Jack for AMP Computer Recording Phone Piano Guitar Laptop - Black,2,0.26360956
$100 things that are not electronics,"TREBLAB XR500 Bluetooth Headphones, Best Wireless Earbuds for Sports, Running Gym Workout. IPX7 Water Resistant, Sweatproof, Secure-Fit Headset. Noise Cancelling Earphones w/Mic",0,0.15845314
