text_a,text_b,gold,cosine
"Operating loss totalled EUR 12.7 mn , compared to a profit of EUR 17.7 mn in the first half of 2008 .","ADPnews - Feb 5 , 2010 - Finnish real estate investor Sponda Oyj HEL : SDA1V said today that it slipped to a net loss of EUR 81.5 million USD 11.8 m in 2009 from a profit of EUR 29.3 million in 2008 .",1,0.81394434
"The period 's sales dropped to EUR30 .6 m from EUR38 .3 m , according to the interim report , released today .","Nevertheless , its market share rose to 49.14 percent from 48.51 percent a year earlier .",0,0.4940744
Both Mr Walden and Mr Ignatius will be responsible also for the newspapers ' business result .,Elcoteq SE is Europe 's largest contract electronics maker and has set up a unit in Bangalore in association with Avista Advisory of Mumbai .,1,0.42884332
"Sales in Finland decreased by 10.5 % in January , while sales outside Finland dropped by 17 % .","The fixed-term contract of Mr. Jarmo Ukonaho , the current General Manager of Incap 's Indian operations , will finish by the end of the year .",0,0.42076275
"Lemminkainen Infra Oy 's subsidiary Lemminkainen Sverige AB will perform the construction work , which is expected to start in early 2011 and to be completed in the summer of 2013 .",The writing and publication of Lemmink+ñinen -¦ s history is a continuation of earlier collaboration between Antti Tuuri and the company .,1,0.5018823
"Cargotec 's sales totalled EUR 3.4 billion in 2008 and it employs approximately 11,000 people .","ADPnews - Jul 17 , 2009 - Finland-based steel maker Rautaruukki Oyj Ruukki HEL : RTRKS said today it slipped to a net loss of EUR 184 million USD 259.7 m for the first half of 2009 from a net profit of EUR 2",0,0.6678062
Net sales dropped by 6 % year-on-year to EUR 11.9 million .,The net sales of the whole fiscal year 2008 will be lower than in 2007 and operating profit is estimated to be negative .,1,0.8001593
"Lithuanian beer makers sold 256.88 million liters of beer in 2005 , a rise of 4.5 per cent from the year-earlier figure of 245.92 million liters .",The figure does not include food exports from Finland .,0,0.28292522
"Consolidated net sales increased 16 % to reach EUR74 .8 m , while operating profit amounted to EUR0 .9 m compared to a loss of EUR0 .7 m in the prior year period .",Operating profit rose to EUR 9.2 mn from EUR 6.8 mn in the corresponding period in 2007 .,1,0.88076407
Consolidated pretax profit decreased by 69.2 % to EUR 41.0 mn from EUR 133.1 mn in 2007 .,"In addition , Cramo and Peab have signed exclusive five-year rental agreements in Finland and have extended their existing rental agreements in the Swedish market for another five years .",0,0.3859877
Related links : Flexiblebaseloadoperation TheWartsila32generating set Gasconversions This is the shorter of two versions of this press release .,"industry in Asia +ó Pakistan , Malaysia , Taiwan and Philippines Today , Global Research & Data Services is going to publish several market analyses about the cement markets in Asia .",1,0.32665613
"SDM offers general rental equipment , aluminium scaffolding , power generator and hoists to customers in the construction sector .","In Q1 of 2009 , the company 's operating loss totalled EUR 0.3 mn , compared to a profit of EUR 3.6 mn in Q1 of 2008 .",0,0.21905404
"Finnish Metso Paper has been awarded a contract for the rebuild of Sabah Forest Industries ' ( SFI ) pulp mill in Sabah , Malaysia .","With CapMan as a partner , we will be able to further develop our business and continue to focus on providing quality restaurant services for our customers , '' says Christopher Wynne , CEO of Papa John 's Russia .",1,0.4327886
Marimekko is considering further measures in the matter .,"In December alone , the members of the Lithuanian Brewers ' Association sold a total of 20.3 million liters of beer , an increase of 1.9 percent from the sales of 19.92 million liters in December 2004 .",0,-0.08707444
"Advertising and circulation revenues grew by 3.4 % and by 0.4 % , respectively .","29 September , 2010 Finnish waste management and recycling company Lassila & Tikanoja expands its operations in Russia by introducing its recently completed recycling plant in the city of Dubna near Moscow .",1,0.22118294
"The Finnish government announced Wednesday that it sold a 32 percent stake in chemicals and fertilizer group Kemira Oyj for (  x20ac ) 655.6 million ( $ 890US million ) , sending the company 's share price up 6 percent .","Konecranes Oyj KCR1V FH fell 5.5 percent to 20.51 euros , the biggest fall since June .",0,0.7350103
Currently the quarterly applied surcharges differ significantly from the actual market prices .,The bridge will be 1.2 km long and is located between Anasmotet by the road E20 and the new traffic junction in Marieholm by the road E45 .,1,0.33861184
"Profit per share was EUR 1.03 , up from EUR 0.87 .",Another noticeable thing is that the search for Tata and Airtel brands was mostly related to ` broadband connections ' .,0,0.3177408
"In addition , Cramo and Peab have signed exclusive five-year rental agreements in Finland and have extended their existing rental agreements in the Swedish market for another five years .","The refining margin for the year was $ 13.39 - bbl , compared to $ 10.46 - bbl in the prior year .",1,0.47683507
`` Those uncertainties cloud the long-term outlook . '',TELE2 Affarsvarlden gave a `` buy '' recommendation on mobile operator Tele2 AB and a share price target of 142 crowns ( $ 23.54 - 15.19 euro ) .,0,0.1950813
Exports grew 16.5 percent to 19.1 million liters .,"( ADP News ) - Dec 11 , 2008 - Finnish construction and engineering company Outotec Oyj ( OMX : OTE1V ) said today it won a EUR 28 million ( USD 36.8 m ) order to expand the phosphate concentrator in Siilinjarvi of Norwegian minera",1,0.4305188
"Food sales totalled EUR 323.5 mn in October 2009 , representing a decrease of 5.5 % from October 2008 .","LCS 's services cover the whole life cycle of software and information systems , from process modelling and tailored software development , to hosting services , solution management , maintenance and support .",0,0.03839414
"The period 's sales dropped to EUR30 .6 m from EUR38 .3 m , according to the interim report , released today .",`` Those uncertainties cloud the long-term outlook . '',1,0.43423355
The robust growth was the result of the inclusion of clothing chain Lindex in the Group in December 2007 .,"Due to the rapid decrease in net sales , personnel reductions have been carried out on a wider scale than initially expected .",0,0.41133904
Her present position is the director of Stockmann 's international department stores .,"Following the registration , the number of issued and outstanding shares of Basware is 12,890,829 .",1,0.49839917
Financial terms were not disclosed .,Operating profit fell to EUR 15.1 mn from EUR 24.6 mn in 2006 .,0,0.28176302
"The company 's consolidated operating profit amounted to EUR 15.86 mn , up from EUR 4.14 mn year-on-year .",Finnish metal components supplier Componenta Oyj said its net profit went up to 3.5 mln euro $ 4.5 mln in 2006 from 2.2 mln euro $ 2.8 mln in 2005 .,1,0.78324354
"Operating profit excluding non-recurring items amounted to EUR 40.6 mn , down from EUR 57.3 mn year-on-year .",28 October 2010 - Finnish wood products technology supplier Raute Oyj HEL : RUTAV said today it swung to a net profit of EUR3m for the first nine months of 2010 versus a net loss of EUR5 .2 m for the same period a year earlier .,0,0.8038527
Finnish-Swedish TietoEnator is expanding its business quickly in Russia .,Net interest income increased by 4.5 % to EUR 31.4 mn from EUR 30.0 mn in 2004 .,1,0.45400918
The growth of net sales in the first half of 2008 has been 28 % compared with the first half of 2007 .,"The bond , with a maturity of five years , is part of the bank 's domestic bond program .",0,0.47290403
Ruukki Group calculates that it has lost EUR 4mn in the failed project .,"HELSINKI Thomson Financial - Shares in Cargotec fell sharply in early afternoon trade after the cargo handling group posted a surprise drop in April-June profits , which overshadowed the large number of new orders received during the three months .",1,0.7419468
"( ADP News ) - Oct 31 , 2008 - Finnish food company Raisio Oyj ( OMX : RAIVV ) said today that its net profit jumped to EUR 16.4 million ( USD 20.9 m ) for the first nine months of 2008 from EUR 1.1 million for the same period of 2",Swedbank 's shares have been hardest hit of the Swedish banks by the ongoing international financial crisis .,0,0.43863684
"Currently , the company uses eight similar reach stackers and four empty container handlers by Konecranes .",`` We are selling an information systems development business to the Finns .,1,0.26321873
Kaupthing Bank will publish its annual results for 2007 before markets open on Thursday 31 January .,Scanfil has also issued a profit warning .,0,0.27749076
The real estate company posted a net loss of +ó  x201a -¼ 59.3 million +ó  x201a -¼ 0.21 per share compared with a net profit of +ó  x201a -¼ 31 million +ó  x201a -¼ 0.11 per share for the corresponding quarter of 2007 .,Revenue in the quarter fell 8 percent to ( EURO ) 2.4 billion compared to a year earlier .,1,0.8390999
Net profit fell by almost half to +é 5.5 million from +é 9.4 million at the end of 2007 .,"Some 3.8 mln euro ( $ 5.2 mln ) of the base acquisition price will be paid in cash and the rest through a subscription offering of a total of 850,000 new Ixonos shares .",0,0.68889713
"In food trade , sales amounted to EUR320 .1 m , a decline of 1.1 % .","- Demand for fireplace products was lower than expected , especially in Germany .",1,0.6003392
"Finnish security and privacy software solutions developer Stonesoft Oyj said on January 7 , 2008 that the preliminary sales of its StoneGate products grew by 59 pct year-on-year to 3.6 mln euro ( $ 5.3 mln ) for the fourth quarter of 2007 .","Metsaliitto will sell 1.1 million B shares of Neomarkka , accounting for about 18.3 pct of Neomarkka 's equity and about 12.7 pct of the voting rights .",0,0.6901969
`` The trend in the sports and leisure markets was favorable in the first months of the year .,Finnish metal industry solutions supplier Outotec Oyj net profit rose to 50.4 mln euro ( $ 72.5 mln ) for the first nine months of 2007 from 20.1 mln euro ( $ 28.9 mln ) for the same period of 2006 .,1,0.5183093
Operating profit rose to EUR 4.7 mn from EUR 3.6 mn .,"Exports of goods fell by 59 % , and imports by 16.7 % .",0,0.63654625
They both will report to Oriola-KD 's chief executive officer Eero Hautaniemi .,"Aspocomp Group , headquartered in Helsinki , Finland , develops interconnection solutions for the electronics industry .",1,0.54065394
Valmet Automotive reports net sales of EUR 85mn and operating profit of EUR 8mn .,Operating profit for 2009 lower than outlook published earlier .,0,0.57297134
"Profit for the period was EUR 10.9 mn , down from EUR 14.3 mn in 2009 .",Net sales dropped by 6 % year-on-year to EUR 11.9 million .,1,0.74921733
The price will be specified at the completion date .,"Finnish energy company Fortum Oyj said on November 13 , 2007 it was granted an environmental permit to build a biofuel-fired combined heat and power CHP plant in Vartan harbor in eastern Stockholm .",0,0.23329876
"Jan. 6 -- Ford is struggling in the face of slowing truck and SUV sales and a surfeit of up-to-date , gotta-have cars .","Finnish plumbing and heating systems supplier Uponor 's net sales in continuing business operations decreased to EUR 249.1 mn in July-September 2008 , compared to EUR 262.1 mn in the third quarter of 2007 .",1,0.58773863
Finnish metal industry solutions supplier Outotec Oyj net profit rose to 50.4 mln euro ( $ 72.5 mln ) for the first nine months of 2007 from 20.1 mln euro ( $ 28.9 mln ) for the same period of 2006 .,Okmetic revised its 2010 financial outlook based on its order book .,0,0.46741733
Stora Enso 's third-quarter pre-tax profit doubled to EUR 197mn .,Operating profit increased by 145.1 % to EUR 8.3 mn from EUR 3.4 mn .,1,0.8326487
"The Marubeni Group focuses on creating `` value chain '' from upstream to downstream , encompassing a wide variety of business fields , including oil & gas , metals , mineral resources , foods , pulp & paper and chemicals , among others .","Operating profit decreased to nearly EUR 1.7 mn , however .",0,0.19905117
Kauko-Telko 's centralized administration will be dissolved and appropriate parts of it will be transferred to operating activities and Group administration by the end of the year .,The mill is concentrating on getting the supercalendered line running satisfactorily before restarting its older newsprint line .,1,0.47620004
Pharmaceutical market in Italy Global Research & Data Services published recently a market analysis about the pharmaceutical markets in Italy .,"Operating profit was EUR 139.7 mn , up 23 % from EUR 113.8 mn .",0,0.39514887
This new partnership agreement represents a significant milestone for both parties .,"Vaahto Pulp & Paper , of Finnish Vaahto Group , has been awarded an order to renovate Finnish-Swedish forest industry company Stora Enso 's paperboard machine at the Ingerois Board Mill in Finland .",1,0.19873357
"Equipment will be manufactured in Vaahto 's workshop in Hollola , Finland and is scheduled for shipments during the first quarter of 2009 .",Operating profit fell from EUR 7.9 mn in the second quarter of 2005 to EUR 5.1 mn in the second quarter of 2006 .,0,0.3831257
"( ADP News ) - Feb 11 , 2009 - Finnish wood products technology supplier Raute Oyj ( HEL : RUTAV ) said today its net profit decreased to EUR 4.7 million ( USD 6.1 m ) for 2008 from EUR 6.6 million for 2007 .",The Group 's order portfolio decreased from EUR 42.9 mn in 9-2007 to EUR 33.3 mn in 2-2008 .,1,0.8062711
Pretax loss totalled EUR 162.3 mn compared to a profit of EUR 253.5 mn in 2007 .,The pretax profit of the group 's life insurance business increased to EUR 36 million from EUR 27 million .,0,0.71741545
"Look out for vintage fabric cushion covers , '70s coffee pots , ceramic serving dishes , cocktail glasses , and stainless steel party dishes .",Investments in product development stood at 6.0 mln euro ( $ 8.8 mln ) .,1,0.30912036
"The facility will have a lettable area of some 19,000 sq m. The plot for the plant , located in the Ratasmaki business park , will be purchased from the City of Forssa .",Swedbank 's shares have been hardest hit of the Swedish banks by the ongoing international financial crisis .,0,0.2819046
"RFID ( Radio Frequency Identification ) is a method of so-called intelligent transport , whereby information can be read and saved remotely .",Nokia and Capcom announced that Resident Evil Degeneration will be released on N-Gage later this year .,1,0.27516848
"Panostaja , headquartered in Tampere , Finland , is an investment company focusing on small and medium-sized Finnish companies operating in the traditional industries .",Profit before taxes decreased to EUR 31.6 mn from EUR 50.0 mn the year before .,0,0.431435
- Operating profit rose by 26.9 % to EUR 105.8 ( 83.4 ) million .,"ADP News - Nov 6 , 2008 - Finnish retail software developer Aldata Solution Oyj OMX : ALD1V said today that it swung to a net profit of EUR 2.1 million USD 2.7 m for the first nine months of 2008 versus a net loss of EU",1,0.6976261
"This action follows personnel negotiations concerning Elcoteq SE , Finnish Branch , Elcoteq Finland Oy and Elcoteq Design Center Oy .","Re-use back into PET bottles has also steadily increased and the rate of use in strapping tape has picked up again after a dip in 2005 , Petcore said previously .",0,0.25647444
Mr K.R. Vasantha has been appointed Managing Director of Incap Contract Manufacturing Services Pvt. Ltd. .,"The total scope of the project is about 38,000 square metres and it is valued at a total of around EUR75m .",1,0.42174757
"The EU Commission said earlier it had fined ThyssenKrupp , United Technologies Corp 's Otis , Schindler AG and Kone Oyj a total of 992.3 mln eur for alleged cartel activity in the lift market going back twelve years .","Last week , the Finnish metals and technology group announced plans to sell more than 80 percent of its technology unit to further the company 's strategic goal of becoming the world 's largest stainless steel maker .",0,0.6720484
The EPS outlook was increased by 5.6 pct for 2007 and 7.0 pct for 2008 .,"Both operating profit and turnover for the six-month period increased , respectively , from EUR17 .6 m and EUR1149 .9 m , as compared to the corresponding period in 2007 .",1,0.8595339
"N +1 Group will pay EUR16 .5 m of the transaction price upon closing , and the remaining sum in 2012 .","Vaahto Pulp & Paper , of Finnish Vaahto Group , has been awarded an order to renovate Finnish-Swedish forest industry company Stora Enso 's paperboard machine at the Ingerois Board Mill in Finland .",0,0.4454474
"In the first quarter of 2010 , the mark-to-market result was a pretax profit of EUR 133 million versus a loss of EUR 32 million in the same period last year .",Net sales grew in the period to  x20ac 402 million $ 585US million from  x20ac 401 million in 2006 .,1,0.7047892
"Shares in Royal and Sun Alliance continued to slide back from a 12-month high of 172p last month , after a potential suitor ruled itself out of a takeover bid .",The company reiterates its outlook for 2009 .,0,0.27925104
Consolidated operating profit from continuing operations decreased by 62.3 % to EUR 51.2 mn from EUR 135.7 mn in 2007 .,Operating loss totaled EUR 0.3 mn compared to a profit of EUR 2.2 mn in the corresponding period in 2007 .,1,0.90190685
"Financial Statements include the consolidated financial statements of the Group , the Board of Directors ' Report , the Auditors ' Report and the Corporate Governance Statement .","Changes in the market situation and tougher price competition have substantially reduced demand for bread packaging manufactured at the Kauhava plant , according to the company .",0,0.28248608
"( ADP News ) - Nov 5 , 2008 - Finnish electronic measurement products and solutions maker Vaisala Oyj ( OMX : VAIAS ) said today that its net profit rose to EUR 18 million ( USD 23.1 m ) for the first nine months of 2008 from EUR 1",Finnish KCI Konecranes has been awarded an order for four hot metal ladle cranes by Indian steel producer Bhushan Steel & Strips to be delivered in 2007 .,1,0.6219516
"The transaction is subject to a final agreement between the parties , approvals of their decision-making bodies and approval by the Finnish Competition Authority .","The total delivery volume of paper businesses in 2010 was 1,155,000 tonnes , up from 1,132,000 tonnes in 2009 .",0,0.1948631
"The Point Village , designed by Scott Tallon Walker , will include a shopping center , office premises , a hotel and a cinema .",Profit after taxes totaled EUR 12.1 mn .,1,0.23038755
"The interim report for the first quarter is published on May 8 , 2009 .","In the building and home improvement trade , net sales totalled EUR 1,173 mn , down from EUR 1,566 mn a year earlier .",0,0.50240827
The writing and publication of Lemmink+ñinen -¦ s history is a continuation of earlier collaboration between Antti Tuuri and the company .,The company will release its 2010 results on 11 February 2011 .,1,0.4179633
"With this , the company will exit the contract manufacturing service segment .","Operating profit was EUR 9.8 mn , compared to a loss of EUR 12.7 mn in the corresponding period in 2009 .",0,0.35857835
The company may at any time have in its possession one tenth of all its shares at the maximum .,"In today s business , you have to pre-empt what consumers want , said Mohammed Zainalabedin , General Manager , Zain Bahrain .",1,0.19560778
Tiimari operates 194 stores in six countries -- including its core Finnish market -- and generated a turnover of 76.5 mln eur in 2005 .,Operating profit improved by 39.9 % to EUR 18.0 mn from EUR12 .8 mn .,0,0.5548322
Viking Line manages well with its current ferries .,"For the first nine months of 2010 , Talvivaara 's net loss narrowed to EUR 8.3 million from EUR 21.9 million for the same period of 2009 .",1,0.26605678
Operating profit rose to EUR 26.7 mn from EUR 14.9 mn in the corresponding period in 2006 .,L&T 's net profit for the whole 2010 dropped to EUR 36 million from EUR 45 million for 2009 .,0,0.6350651
"In the reporting period , net sales rose by 8 % year-on-year to EUR64 .3 m , due to the business acquisitions realized during the first half of 2008-09 , the effect of which was EUR10 .9 m in the review period .",Operating profit increased by 145.1 % to EUR 8.3 mn from EUR 3.4 mn .,1,0.8573288
"Finnish electronics contract manufacturer Scanfil reports net sales of EUR 58.9 mn in the second quarter of 2007 , down from EUR 62.4 mn a year earlier .","Harold W. Young is an independent broker working closely with several retailers including Ahold USA , Market Basket , CVS , BJ 's Wholesale Club , Hannaford and Cumberland Farms .",0,0.3270917
"The equipment Ixonos acquires with this deal includes mechanical engineering hardware ; an RF and antenna measurement laboratory ; facilities for the measurement of audio , cameras and displays ; as well as devices and robot units for the testing of mobile devices .","Through the Nordic Exchange , OMX offers access to approximately 80 percent of the Nordic and Baltic securities market .",1,0.21062456
"Profitability ( EBIT % ) was 13.6 % , compared to 14.3 % in Q2 2009 .",CS Cabot 's main consumers on the Czech and Slovak market are tires producers Barum Continental and Matador Continental .,0,0.3995406
Elcoteq has a global network of After Market Service sites which have a long experience in serving Consumer Electronics and Systems Solutions customers .,"Please inform IR Johanna Koskinen of your participation no later than 20 April at 10 a.m. A telephone conference for financial analysts and investors , conducted in English , will begin at 3:00 p.m. Finnish time ( EET ) .",1,0.29798186
"At 1411 CET , ArcelorMittal had lost 7.26 % to EUR 17.38 on Euronext Paris , coming at the lead of the blue-chip fallers .",The company 's board of directors would propose a dividend of EUR1 .00 per share for 2005 .,0,0.6636505
The company had net sales of EUR 19.8 mn and a pre-tax profit of EUR 1.8 mn in 2005 .,The front surfaces of these valve plates are directed towards each other .,1,0.100734174
"Finnish shipping company Finnlines ' pretax loss totalled EUR 6.5 mn in the third quarter of 2009 , compared to a profit of EUR 0.3 mn in the third quarter of 2008 .",The financial details of the transaction were not disclosed .,0,0.21972162
"Operating result for the 12-month period decreased from the profit of EUR0 .4 m while turnover decreased from EUR5 .6 m , as compared to 2004 .","External net sales from the printing business fell by 43.7 % , partly due to the termination of the printing contract between Ilkka-Yhtyma 's printing house I-print Oy and sector player HSS Media AB in December 2009 and the fall in printing prices .",1,0.80165315
"The airline estimated that the cancellation of its flights due to the closure of European airspace , and the process of recommencing traffic , have caused a the company a loss of EUR20m , including the costs of stranded passengers ' accommodation .","Earnings per share for January-June 2010 were EUR0 .30 , an increase of 20 % year-on-year EUR0 .25 .",0,0.35790947
"Finnish electronics contract manufacturer Scanfil reports net sales of EUR 58.9 mn in the second quarter of 2007 , down from EUR 62.4 mn a year earlier .",EPS dropped to EUR0 .2 from EUR0 .3 .,1,0.4889152
"In the third quarter , net sales increased by 12 % year-on-year to EUR 159.5 million , or by 6 % at comparable currency rates growth .",Operating profit for continuing operations fell to EUR 48.3 mn from EUR 72.4 mn in the first half of 2007 .,0,0.7056
Operating result including non-recurring items rose to EUR 146mn from a loss of EUR 267mn in 2009 .,"According to Finnish Metso Minerals , the value of the company 's orders has gone up to EUR 1.9 bn in 12 months .",1,0.7542839
To see a slide show of all the newest product releases from Fiskars .,Diluted earnings per share ( EPS ) rose to EUR 0.52 versus EUR 0.09 .,0,0.269048
"Motorola accounted for 11.5 percent of the South Korean handset market as of the end of April , Samsung held 55 percent and LG Electronics 19 percent , according to Korea-based ATLAS Research Group .","Published by Globes online , Israel business news - www.globes-online.com - on November 16 , 2009 -® Copyright of Globes Publisher Itonut 1983 Ltd. 2009",1,0.5241164
Finnish laboratory liquid handling and diagnostic test systems developer Biohit Oyj OMX Helsinki : BIOBV issued on Tuesday 3 June a profit warning for the financial year 2008 .,"Arvo Vuorenmaa , the Loviisa plant 's general manager said the application for the new licence was a `` standard '' procedure and that he was `` quite confident '' about approval being granted .",0,0.39877182
The first group of customers to be trained will be paint-shop owners and their assistants .,"POYRY PLCCompany Announcement 10 December 2010 at 4.10 p.m. Pursuant to Poyry PLC 's stock option program 2004 , 63 792 new shares of the company have been subscribed since 27 October 2010 with stock options 2004B .",1,0.36025167
"Markets had been expecting a poor performance , and the company 's stock was up 6 percent at  x20ac 23.89 US$ 33.84 in early afternoon trading in Helsinki .",No service pricing details were disclosed .,0,0.08875573
"Revenue for the quarter totaled 27.4 billion , down 2 percent from 28.1 billion in the fourth quarter in 2008 .","- Demand for fireplace products was lower than expected , especially in Germany .",1,0.56473553
"However , the brokers ' ratings on the stock differ .",EBIT margin was up from 1.4 % to 5.1 % .,0,0.30667347
"Tieto in Latvia is represented by IT services companies TietoEnator Alise and TietoEnator , which has operations in the industries of Financial Services Cards , Retail and Logistics and IT Outsourcing and Managed Services .",Peigs www.peigs.se will become part of Sardus Latta Maltider Light Meals unit .,1,0.40258962
"`` If you need malware removal tools , type the URL of your vendor of choice directly into the browser bar and use links on their website , '' wrote Trend Micro 's Rik Ferguson on Monday .","The Finnish national carrier said net loss in April through June was euro26 million , down from a net profit of euro13 million a year earlier .",0,0.39968973
"Operating profit , excluding non-recurring items , totalled EUR 2.2 mn , down from EUR 2.7 mn in the corresponding period in 2008 .",Device volume in the area decreased by 21 % to 2.7 mn units .,1,0.7443547
Cargotec will also move Hallberg-Ivarsson 's service and installation business under the same roof with its service center for Kalmar and MacGregor solutions in Gothenburg .,"Systeemitiimi 's sales and project resources will also be strengthened , director Paul Skogberg said .",0,0.6420598
"In Lithuania , operating profit rose to EUR 190,000 from EUR 70,000 in the corresponding period in 2005 .","Both operating profit and sales for the three-month period increased , respectively from EUR0 .3 m and EUR13 .1 m , as compared to the corresponding period in 2005 .",1,0.78755385
"Earlier today , Geberit 's Finnish rival Uponor OYJ cut its full-year sales growth forecast to 6 pct from 10 pct , blaming tough conditions in Germany and the US , as well as currency factors .",Biohit already services many current Genesis customers and the customer base is expected to expand as a result of this agreement .,0,0.30596596
"In total , more than 3000 surveillance cameras will be handled and managed according to a variety of needs , the company said .","The total donation amount is EUR 1,115,000 .",1,0.39554673
"TietoEnator was down 1.13 pct to 18.38 , extending recent lows after last week 's second-quarter report , dealers said .","At the end of the review period , Nordic Aluminium 's order book stood at EUR 8.77 mn compared to EUR 7.04 in 2005 .",0,0.7318788
Stora Enso Oyj said its second-quarter result would fall by half compared with the same period in 2007 .,"Qualcomm estimated a first-quarter profit between 46 and 50 cents a share , excluding certain items , below the analyst estimate of 61 cents a share .",1,0.73700404
"Swedish , Finnish and Danish listed companies are organized in three market cap segments , Nordic Large Cap , Mid Cap and Small Cap .","Operating result showed a loss of EUR 2.9 mn , while a year before , it showed a profit of EUR 0.6 mn .",0,0.4189543
"The company 's profit before taxes fell to EUR 21.1 mn in the third quarter of 2008 , compared to EUR 35.8 mn in the corresponding period in 2007 .","In the fourth quarter of 2008 , net sales decreased to EUR 121.4 mn from EUR 165.5 mn in the fourth quarter of 2007 .",1,0.8975861
The company confirmed its estimate for lower revenue for the whole 2009 than the year-ago EUR93 .9 m as given in the interim report on 5 August 2009 .,The order was worth EUR 8mn .,0,0.50311184
"Deliveries of Nokia 1112 , Nokia 2310 and Nokia 2610 are expected to start in the second quarter of 2006 .","One price category is for calls on the preferred operator 's network , and another for calls on other operators ' networks .",1,0.33041048
"Our customers come from the following countries : UK , USA , Spain , France , Italy , Germany , China , Sweden , Norway , Netherlands , Austria , Belgium , Switzerland , Czech Republic , Serbia , Finland , Canada , Russia , Ukraine , Portugal , Denmark , Ireland , South Korea , Estonia and Liechtenstein .","The total delivery volume of paper businesses in 2010 was 1,155,000 tonnes , up from 1,132,000 tonnes in 2009 .",0,0.3723849
Loss for the period totalled EUR 15.6 mn compared to a profit of EUR 6.3 mn in 2008 .,Finnair 's total traffic decreased by 8.7 % in terms of revenue passenger kilometres .,1,0.732328
Scanfil issued a profit warning on 10 April 2006 .,Ruukki 's order book at the end of 2010 was 30 % up year-on-year and 10 % up quarter-on-quarter .,0,0.69472706
"At first , Solteq 's services to companies operating in the St. Petersburg area will include maintenance and material management systems and data collection solutions .",The contract will take effect in 2009 for a five or ten year period .,1,0.30660653
In the meantime the CEO 's duties will be assumed by Outotec 's Deputy CEO Seppo Rantakari .,Pretax profit decreased by 37 % to EUR 193.1 mn from EUR 305.6 mn .,0,0.24341393
"Tallink Silja attributes the significant drop to problems with the booking system that was taken into operation in October , the sale of trailer ferry ` Sky Wind ' and the route between Stockholm and Riga , which has won passengers from the Helsinki-Stockholm route .","The Baltimore Police and Fire Pension , which has about $ 1.5 billion , lost about $ 3.5 million in Madoff Ponzi scheme .",1,0.60684335
Stichting Pensioenfonds ABP : 4 118 122 shares representing 5.19 % of the share capital and voting rights .,11 August 2010 - Finnish measuring equipment maker Vaisala Oyj HEL : VAIAS said today that its net loss widened to EUR4 .8 m in the first half of 2010 from EUR2 .3 m in the corresponding period a year earlier .,0,0.61228424
Net sales surged by 30 % to EUR 36 million .,"`` BasWare 's product sales grew strongly in the financial period , by 24 percent .",1,0.72840416
"Profit before taxes was EUR 5.4 mn , up from EUR 3.6 mn a year earlier .",Vaisala 's net profit for the third quarter of 2007 dropped to 3.0 mln euro ( $ 4.3 mln ) from 6.8 mln euro ( $ 9.8 mln ) for the same period of 2006 .,0,0.7912905
"Cablevision Systems Corp. CVC Their Madison Square Garden division owns and operates the New York Knickerbockers basketball team ; they also own the Madison Square Garden Arena , the New York Rangers hockey team , the New York Liberty women 's basketball team , and the Hartford Wolf Pack hockey team .",A 2001 agreement expired earlier this month .,1,0.2632264
"In 2008 , the steel industry accounted for 64 percent of the cargo volumes transported , whereas the energy industry accounted for 28 percent and other industries for 8 percent .","OUTOTEC OYJ PRESS RELEASE DECEMBER 4 , 2009 10.30 AM Outotec establishes a new subsidiary in Kolkata Outotec has established a subsidiary in India in order to better serve its Indian customers and to increase its business in the growing Indian market .",0,0.36616486
"Finnish Kemira Group 's CEO , Lasse Kurkilahti , says the Group 's structural reorganisation will continue for at least a year .","May 29 , 2010 ( CompaniesandMarkets.com delivered by Newstex ) -- This report provides key data and information on the meat , fish and poultry market in Finland .",1,0.52258176
"Changes in the market situation and tougher price competition have substantially reduced demand for bread packaging manufactured at the Kauhava plant , according to the company .",Operating profit improved by 27 % to EUR 579.8 mn from EUR 457.2 mn in 2006 .,0,0.51256764
Peigs www.peigs.se will become part of Sardus Latta Maltider Light Meals unit .,"The share capital of Alma Media Corporation business ID 1944757-4 is EUR 44,767,513.80 and it is divided into 74,612,523 shares .",1,0.3200677
"The offer price is $ 35 million , including cash of $ 10 million as net debt assumption of FACE , and $ 20 million worth of Cencorp shares to be issued to Savcor .",Finnish cutlery and hand tools maker Fiskars Oyj Abp ( HEL : FISAS ) said today its net profit rose to EUR 24.1 million ( USD 33.6 m ) in the third quarter of 2010 from EUR 17.9 million a year earlier .,0,0.6536461
The fair value of the company 's investment properties went down to EUR 2.768 billion at the end of 2009 from EUR 2.916 billion a year earlier .,Diluted earnings per share ( EPS ) declined to EUR 0.78 from EUR 1.76 .,1,0.77484226
The fair value of the company 's investment properties went down to EUR2 .769 bn at the end of September 2009 from EUR2 .878 bn a year earlier .,It therefore seems that Finnish shipping company Viking Line will get the subsidy it needs to order its new LNG-fuelled vessel .,0,0.41235316
"Tampere Science Parks is a Finnish company that owns , leases and builds office properties and it specialises in facilities for technology-oriented businesses .",The credit covers approximately 70 % of the ship 's price .,1,0.28605103
"According to Finnair Technical Services , the measure is above all due to the employment situation .","`` This is a significant milestone for Benefon , helping us to secure critical USP 's for our personal navigation product roadmap for 2007 and beyond , '' commented Simon Button , Chief Technology Officer at Benefon .",0,0.5327221
Group net sales in the third quarter of 2007 totaled EUR 142.3 mn and operating profit EUR 4.3 mn .,"Motorola Inc. of the United States came second with shipments of 217.4 million units for a 21.3 percent market share , followed by South Korea 's Samsung Electronics Co. with shipments of 118.0 million units for an 11.6 percent share .",1,0.695896
Finnish media company Talentum Oyj 's net profit decreased to 2.5 mln euro ( $ 4.0 mln ) for the first quarter of 2008 from 3.0 mln euro ( $ 4.7 mln ) for the same period of 2007 .,"The maximum obligated total trades per day is ISK 400,000,000 market value .",0,0.60121137
Niklas Skogster has been employed by the ABB Group in various positions concerning the development of operations .,"In addition , MIDs are always online and enable full Internet browsing .",1,0.30347082
"Publishing Sweden 's operating loss was EUR 1.1 mn in Q1 of 2009 , compared to a profit of EUR 0.6 mn a year ago .",Finnish Bore that is owned by the Rettig family has grown recently through the acquisition of smaller shipping companies .,0,0.5424263
"Finnish Bank of +àland reports operating profit of EUR 2.2 mn in the first quarter of 2010 , down from EUR 6.3 mn in the corresponding period in 2009 .",Orion 's net profit for the third quarter of 2007 decreased to 36.5 mln euro ( $ 52.1 mln ) from 40.3 mln euro ( $ 57.5 mln ) a year earlier .,1,0.8319693
"narrows to EUR2 .8 m 9-mo '09 29 October 2009 - Finnish software and hardware developer Elektrobit Oyj HEL : EBG1V , or EB , said today that its net loss narrowed to EUR2 .8 m for the first nine months of 2009 from EUR35 .6 m for the same period a year ago .",Finnish meat company Atria can no longer promise a sufficient amount of domestic beef to its customers .,0,0.51282895
"Finnish Sampo-Rosenlew manufactures approximately seven forest machines monthly , and about half of machines are exported .","The firm is headquartered in Vantaa , southern Finland and has 16 employees .",1,0.67151785
The move was triggered by weak demand for forestry equipment and the uncertain market situation .,The plan is estimated to generate some EUR 5 million ( USD 6.5 m ) in cost savings on an annual basis .,0,0.210646
"The restructuring creates a more efficient organization with increased operational focus and stable profitability , and leads to more efficient production , said Bo Annvik , head of Specialty Stainless .","For the last quarter of 2010 , Componenta 's net sales doubled to EUR131m from EUR76m for the same period a year earlier , while it moved to a zero pre-tax profit from a pre-tax loss of EUR7m .",1,0.4407441
"Finnish investment group Panostaja Oyj said its net profit went up to 8.6 mln euro $ 11.4 mln in fiscal 2005-06 , ended October 31 , 2006 , from 2.8 mln euro $ 3.7 mln in the same period of fiscal 2004-05 .",The company confirmed its estimate for lower revenue for the whole 2009 than the year-ago EUR93 .9 m as given in the interim report on 5 August 2009 .,0,0.68421125
"Finnish plumbing and heating systems supplier Uponor 's net sales from continuing operations decreased by 9.4 % in 2008 to EUR 949.2 mn from EUR 1,047.4 mn in 2007 .","However , the net sales declined to EUR 803.6 million from EUR 1.2 billion .",1,0.8346356
"Fiskars Brands report net sales of EUR 145.8 mn , up from EUR 138.4 mn .",Sales by Seppala diminished by 6 per cent .,0,0.5025214
Passenger volumes rose by 8.4 % in the accounting period .,"Both operating profit and net sales for the 12-month period increased , respectively from EUR4 .7 m and EUR26 .7 m , as compared to 2004 .",1,0.72806054
"Both operating profit and turnover for the nine-month period increased , respectively from EUR2 .4 m and EUR43 .8 m , as compared to the corresponding period a year ago .","At 1411 CET , ArcelorMittal had lost 7.26 % to EUR 17.38 on Euronext Paris , coming at the lead of the blue-chip fallers .",0,0.56271255
"Finnish Bank of +àland reports operating profit of EUR 2.2 mn in the first quarter of 2010 , down from EUR 6.3 mn in the corresponding period in 2009 .","Therefore , the company 's 2005 result will remain weaker than that of 2004 .",1,0.5670406
"CapMan Plc Press Release 31 March 2008 Jukka Ruuska , President of the OMX Nordic Exchanges and the Stockholm Stock Exchange , will transfer to CapMan effective no later than September 2008 .",The Elcoteq group recently announced that the last three months of the previous year brought to it a major loss of more than half a billion kroons ( EUR 32 mln ) for the fifth quarter running .,0,0.5625057
This corrensponds to 4.628 percent of Okmetic 's share capital and voting rights .,The total value of the contract is some EUR 8 million .,1,0.62362814
The divested stake represented about 2.7 m shares in Okmetic 's capital .,The stock rose for a second day on Wednesday bringing its two-day rise to GBX12 .0 or 2.0 % .,0,0.623965
Market share decreased on the route between Helsinki in Finland and Tallinn in Estonia by 0.1 percentage points to 24.8 % .,"Operating profit totaled EUR 9.4 mn , down from EUR 11.7 mn in 2004 .",1,0.74029195
Operating income rose to EUR 696.4 mn from EUR 600.3 mn in 2009 .,The share subscription period will expire on 30 September 2007 .,0,0.5113455
"However , the growth margin slowed down due to the financial crisis .","Operating loss of the Pulp & Paper Machinery unit was over EUR 3mn in September 2007 - August 2008 , compared to a profit of EUR 3.7 mn a year earlier .",1,0.64119816
"Profit for the period was EUR 5.9 mn , up from EUR 1.3 mn .","Following the demerger , the vice president of the group 's pharmaceutical trade in Finland , Jukka Niemi , will be appointed managing director of Oriola in addition to his current responsibilities .",0,0.3074662
"In 2009 , Fiskars ' cash flow from operating activities amounted to EUR121m , up from EUR97m in the previous year .","The total delivery volume of paper businesses in 2010 was 1,155,000 tonnes , up from 1,132,000 tonnes in 2009 .",1,0.84408706
This organization will assume the responsibility for operations in Russia .,"In Middle East & North Africa , Tecnotree has grown considerably in the recent years .",0,0.1549545
"However , the orders received during the period under review fell by 17 % quarter-on-quarter from the EUR 213 million recorded in the second quarter of 2010 .",Finnish waste management and cleaning group Lassila & Tikanoja Oyj ( L&T ) net profit went down to 32.2 mln euro ( $ 47.7 mln ) for 2007 from 35.3 mln euro ( $ 52.3 mln ) for 2006 .,1,0.78536195
The sales of the Tiimari segment fell by 4.0 % year-on-year to EUR3 .3 m in June 2010 .,"Finnish broadband data communication systems provider Teleste Oyj HEL : TLT1V said yesterday it returned to a net profit of EUR 2.7 million USD 3.8 m for the first nine months of 2010 versus a net loss of EUR 579,000 for the same period of 2009 .",0,0.74482036
"The restructuring creates a more efficient organization with increased operational focus and stable profitability , and leads to more efficient production , said Bo Annvik , head of Specialty Stainless .","Full-year net sales are expected to increase by approximately 10 % , the company said .",1,0.5133594
"The report profiles 158 companies including many key and niche players including major Nonwovens manufacturers such as Ahlstrom Corporation , Asahi Kasei Corporation , Buckeye Technologies , Inc. , EI .",Sales rose 10 pct to 566 mln eur on the back of strong volume and favourable currency effects .,0,0.29936814
An international conference call and audio webcast concerning the financial result January-March 2010 will begin at 14.00 EET .,A huge issue for us is the button placement .,1,0.25406468
EPS dropped to EUR0 .2 from EUR0 .3 .,LONDON MarketWatch -- Nokia nok said it 's won a five-year services contract to run Hutchison Essar 's network operations in nine locations in India .,0,0.23196724
"According to HKScan Finland , the plan is to increase J+ñrvi-Suomen Portti 's net sales to EUR 80mn to EUR 100mn .","For the first nine months of 2010 , Talvivaara 's net loss narrowed to EUR 8.3 million from EUR 21.9 million for the same period of 2009 .",1,0.46474224
"Includes company and brand share data by category , as well as distribution channel data .","Operating profit was EUR 0.6 mn , up from a loss of EUR 19mn a year earlier .",0,0.23118013
"Finnish shipping company Finnlines ' pretax loss totalled EUR 6.5 mn in the third quarter of 2009 , compared to a profit of EUR 0.3 mn in the third quarter of 2008 .","In January-June 2010 , diluted loss per share stood at EUR0 .3 versus EUR0 .1 in the first half of 2009 .",1,0.82773685
"Stockholm , 3 March 2011 About Cybercom The Cybercom Group is a high-tech consultancy that offers global sourcing for end-to-end solutions .",Scanfil has also issued a profit warning .,0,0.33409494
Operating profit excluding non-recurring items was EUR 7.8 million compared to EUR 11.2 million .,"Managing Director 's comments : `` Net sales for the first quarter were notably lower than a year before , especially in Finland , Russia and the Baltic countries .",1,0.6302019
Olvi has posted a strong set of figures for the first six months of this year .,"In the building and home improvement trade , sales decreased by 22.5 % to EUR 201.4 mn .",0,0.40191317
"Outotec said it won new orders worth 492.9 mln eur during the quarter , compared with 240.4 mln eur a year earlier .","Operating profit was EUR 24.5 mn , up from EUR 23.0 mn .",1,0.78332585
The acquisition is expected to take place by the end of August 2007 .,"The fair value of the property portfolio doubled as a result of the Kapiteeli acquisition and totalled EUR 2,686.2 1,259.7 million .",0,0.37116557
"( ADP News ) - Jan 22 , 2009 - Finnish mobile phones maker Nokia Oyj ( OMX : NOK1V ) said today its operating profit decreased to EUR 5 billion ( USD 6.5 bn ) for 2008 from EUR 8 billion for 2007 .","In the Baltic countries , sales fell by 40.2 % , and in Russia , by 23.2 % in terms of euros , and by 10.7 % in terms of local currency .",1,0.7538817
"CapMan 's first real estate fund , which had a total investment capacity of ( EURO ) 500 million and closed in June 2005 , invested in commercial properties in the Helsinki metropolitan area .",Operating profit improved by 39.9 % to EUR 18.0 mn from EUR12 .8 mn .,0,0.45414162
"EBIT excluding non-recurring items , totalled EUR 67.8 mn , up from EUR 38.1 mn .",Efore 's results for the last quarter showed an even faster improvement as the company managed to better source its components .,1,0.36424848
Operating profit fell to EUR 20.3 mn from EUR 74.2 mn in the second quarter of 2008 .,"SRV will also build an aqua park with wellness area , a restaurant and a multifunctional ice arena .",0,0.08797517
"`` This is a significant milestone for Benefon , helping us to secure critical USP 's for our personal navigation product roadmap for 2007 and beyond , '' commented Simon Button , Chief Technology Officer at Benefon .","Re-use back into PET bottles has also steadily increased and the rate of use in strapping tape has picked up again after a dip in 2005 , Petcore said previously .",1,0.53669095
"Indigo and Somoncom serve 377,000 subscribers and had a market share of approximately 27 % as of May 2007 .","Turun kaupunkin , Finland based company has awarded contract to Lemminkainen Talotekniikka Oy for electrical installation work .",0,0.2745765
"20 October 2010 - Finnish environmental management company Lassila & Tikanoja Oyj HEL : LAT1V , or L&T , said Monday it expects its operating profit , excluding non-recurring items , for the whole 2010 to be slightly lower than in 2009 .","In food trade , sales amounted to EUR320 .1 m , a decline of 1.1 % .",1,0.668424
"The building will house , for example , Respecta Oy 's Jyvaskyla premises , as well as other companies to be announced later , says Samuel Koivisto , Director of Technopolis operations in Jyvaskyla .","Operating margin , however , slipped to 14.4 % from 15.1 % , dragged down by a poor performance in enterprise solutions .",0,0.25896123
"ADPnews - Jul 17 , 2009 - Finland-based steel maker Rautaruukki Oyj Ruukki HEL : RTRKS said today it slipped to a net loss of EUR 184 million USD 259.7 m for the first half of 2009 from a net profit of EUR 2","In Finland , the city of Forssa has said it will not pay compensation to food industry companies HK Ruokatalo and Atria for the lye leak into tap water that occurred in March 2008 .",1,0.6794233
"Finnish textiles and clothing group Marimekko Oyj posted a net profit of 7.99 mln euro $ 10.4 mln for 2006 , compared to 8.4 mln euro $ 10.9 mln for 2005 .",Finnish elevators and escalators maker KONE Corporation said on Tuesday ( 18 March ) that it has received a major order from Sir Robert McAlpine to supply all elevators and escalators for the Watermark Place project in the City of London .,0,0.49761188
"CapMan has four investment areas ( CapMan Buyout , CapMan Technology , CapMan Life Science and CapMan Real Estate ) , and each of them has a dedicated team .","The sale of Savcor FACE to Cencorp will result in a profit or loss which can not yet be determined , owing to factors including the valuation of the consideration shares to be received and prevailing exchange rates .",1,0.29951173
Finnish metal components supplier Componenta Oyj said its net profit went up to 3.5 mln euro $ 4.5 mln in 2006 from 2.2 mln euro $ 2.8 mln in 2005 .,"Exports of goods fell by 59 % , and imports by 16.7 % .",0,0.60476685
The aim is an annual improvement in Ruukki Construction 's operating profit of more than EUR 3 million USD 4.1 m starting in 2009 .,Finlan 's listed food industry company HKScan Group controlled companies in the Baltics improved revenues by EUR 3.5 mn to EUR 160.4 mn in 2010 from EUR 156.9 mn in the year before .,1,0.8130328
"HELSINKI ( AFX ) - Nokian Tyres reported a fourth quarter pretax profit of 61.5 mln eur , up from 48.6 mln on the back of strong sales .","Finnish shipping company Finnlines ' pretax loss totalled EUR 6.5 mn in the third quarter of 2009 , compared to a profit of EUR 0.3 mn in the third quarter of 2008 .",0,0.8628409
"Viking Line 's cargo revenue increased by 5.4 % to EUR 21.46 mn , and cargo volume increased by 2.4 % to 70,116 cargo units .","Finnish energy company Fortum Oyj said on November 13 , 2007 it was granted an environmental permit to build a biofuel-fired combined heat and power CHP plant in Vartan harbor in eastern Stockholm .",1,0.37454373
Teleste was set up in 1954 and is divided into Broadband Cable Networks and Video Networks business areas .,"The last quarter was the best quarter of 2009 in net sales , and the operating margin rose to 12.2 % .",0,0.09005164
"Finnish power supply solutions and systems provider Efore Oyj said its net loss widened to 3.2 mln euro $ 4.2 mln for the first quarter of fiscal 2006-2007 ending October 31 , 2007 from 900,000 euro $ 1.2 mln for the same period of fiscal 2005-06 .","Profit before taxes decreased by 9 % to EUR 187.8 mn in the first nine months of 2008 , compared to EUR 207.1 mn a year earlier .",1,0.75498056
"Poyry 's contract includes engineering management , civil and detail engineering services , and time scheduling and procurement services .",Scanfil has also issued a profit warning .,0,0.4413811
The number of customers is one of the most important parameters in determining the price of electricity networks .,"These sections will be put into place to form the load-bearing steel structure of the bridge , '' says Sami Eronen , Senior Vice President , Infrastructure and Northern Europe , Ruukki Construction .",1,0.4564723
"Operating margin , however , slipped to 14.4 % from 15.1 % , dragged down by a poor performance in enterprise solutions .","Seller is the Finnish Elcoteq Group , the largest European electronics manufacturing services company .",0,0.44882378
"Basware Corporation stock exchange release August 31 , 2010 at 16:25 Basware signed a large deal with an international industrial group Basware will deliver Invoice Automation solution and Connectivity Services to an international industrial group .",SKF 6 April 2010 - Alandsbanken has given a `` buy '' recommendation on Swedish industrial company SKF AB ( STO : SKF B ) with a share price target of SEK150 .,1,0.71338344
`` We could be there .,"Finnish electronics contract manufacturer Scanfil reports net sales of EUR 241.2 mn in 2006 , down from EUR 321.6 mn in 2005 .",0,0.010725377
"The decision will have to be made whether the group agrees to the import of Estonian meat and meat products to Finland , the paper added .","Conference Call To participate via a conference call , please dial in 5-10 minutes before the beginning of the event : +44 0 20 7162 0025 Europe or +1 334-á323-á6201 USA .",1,0.42240912
"Thanks to the multiplying effect of wagon performance , transport will be much more efficient , '' says development manager Juha Malkia from VR Cargo .",Net sales dropped by 6 % year-on-year to EUR 11.9 million .,0,0.18691358
The group 's net sales in 2007 were EUR683 .6 m.,"With the new arrangement , customer responsibilities will become mainly regional .",1,0.2999732
"Cohen & Steers , Inc. : 5 534 530 shares representing 4.985 % of the share capital and voting rights .",Pretax loss totalled EUR 162.3 mn compared to a profit of EUR 253.5 mn in 2007 .,0,0.65975404
"ADP News - Apr 22 , 2009 - Finnish business information systems developer Solteq Oyj HEL : STQ1V said today its net loss widened to EUR 189,000 USD 245,000 for the first quarter of 2009 from EUR 10,000 for the same peri",down to EUR5 .9 m H1 '09 3 August 2009 - Finnish media group Ilkka-Yhtyma Oyj ( HEL : ILK2S ) said today its net profit fell 45 % on the year to EUR5 .9 m in the first half of 2009 .,1,0.8446555
"In the fourth quarter of 2008 , net sales decreased to EUR 121.4 mn from EUR 165.5 mn in the fourth quarter of 2007 .","The last quarter was the best quarter of 2009 in net sales , and the operating margin rose to 12.2 % .",0,0.5791787
Consolidated pretax profit decreased by 69.2 % to EUR 41.0 mn from EUR 133.1 mn in 2007 .,The company slipped to an operating loss of EUR 2.6 million from a profit of EUR 1.3 million .,1,0.8339646
"Equity ratio was 60.9 % compared to 54.2 % In the third quarter of 2007 , net sales of the Frozen Foods Business totaled EUR 11.0 , up by about 5 % from the third quarter of 2006 .",The Department Store Division 's sales fell by 8.6 % to EUR 140.2 mn .,0,0.72794294
"H+Ñkan Dahlstr+Âm , head of mobility services at TeliaSonera , has forecast that mobile data volume on the TeliaSonera network in Sweden will rise eight-fold to 200,000 TB by 2014 .",Operating profit rose to EUR 103.4 mn from EUR 23.2 in the corresponding period in 2006 .,1,0.6990831
"Raute posted a net profit of 1.8 mln euro $ 2.6 mln for the third quarter of 2007 , compared to a net loss of 299,000 euro $ 430,000 for the corresponding period of 2006 .","The first phase of the logistics complex envisages the completion of some 70,000 sq m of logistics premises and the gatehouse building in November 2008 .",0,0.6147247
"EBIT excluding non-recurring items , totalled EUR 67.8 mn , up from EUR 38.1 mn .","Previously , EB delivered a custom solution for LG Electronics and now is making it commercially available for other mobile terminal vendors as well as to wireless operators .",1,0.20493062
The bank sees a potential for Getinge share to rise .,"Finnish plumbing and heating systems supplier Uponor 's net sales in continuing business operations decreased to EUR 249.1 mn in July-September 2008 , compared to EUR 262.1 mn in the third quarter of 2007 .",0,0.22332174
The office space will rise above the remodeled Cannon Street underground station .,"Finnish Kemira Group 's CEO , Lasse Kurkilahti , says the Group 's structural reorganisation will continue for at least a year .",1,0.38535252
"In Middle East & North Africa , Tecnotree has grown considerably in the recent years .",The company has 120 employees and annual sales of approximately EUR16m .,0,0.593343
"( ADP News ) - Jan 22 , 2009 - Finnish mobile phones maker Nokia Oyj ( OMX : NOK1V ) said today its operating profit decreased to EUR 5 billion ( USD 6.5 bn ) for 2008 from EUR 8 billion for 2007 .",Comparable operating profit decreased to EUR 13.8 mn from EUR 17.1 mn in the corresponding period in 2005 .,1,0.77196145
Her work at NetApp included strategically repositioning the brand in the category and a major global relaunch .,Sanoma Magazines Finland 's net sales grew to EUR 140.1 mn from EUR 131.8 mn .,0,0.4010635
"Finnish silicon wafer technology company Okmetic Oyj OMX Helsinki : OKM1V reported on Thursday 30 October an operating profit of EUR7 .4 m for January-September 2008 , up from EUR6 .1 m in the corresponding period in 2007 .","Finnair PLC carried a record 8.8 million passengers in 2006 , an increase of 3.5 percent on the previous year , the Finnish national carrier reported Tuesday .",1,0.82769597
"`` The number of collection errors fell considerably , and operations speeded up .","Earlier today , Geberit 's Finnish rival Uponor OYJ cut its full-year sales growth forecast to 6 pct from 10 pct , blaming tough conditions in Germany and the US , as well as currency factors .",0,0.51737005
"Result before taxes decreased to nearly EUR 14.5 mn , compared to nearly EUR 20mn in the previous accounting period .",The company said that sales in the three months to the end of March slid to EUR86 .4 m US$ 113.4 m from EUR91 .2 m last year .,1,0.8095156
The deal will have no significant effect on the acquiring company 's equity ratio .,Operating profit fell to EUR 6.2 mn from EUR 8.5 mn in the third quarter of 2007 .,0,0.33564973
`` I am extremely delighted with this project and the continuation of cooperation with Viking Line .,The company 's market share is continued to increase further .,1,0.60280025
"Operating profit totaled EUR 3.8 mn , down from EUR 4.5 mn in the corresponding period in 2005 .","India 's trade with Russia currently stands at four billion dollars , growing 9.6 per cent in fiscal 2007 .",0,0.67166114
The transaction is expected to be completed next spring .,Basware Business Transactions Service enables the customer to receive and send invoices in an electronic format .,1,0.19220379
"The final price will be specified by 14 May 2010 , the acquiring company said .","For the current year , Raute expects its net sales to increase and the operating result -- to be positive .",0,0.433865
"Sales in Finland decreased by 2.0 % , and international sales decreased by 9.3 % in terms of euros , and by 15.1 % in terms of local currencies .","In a separate announcement to the Helsinki stock exchange , Atria revealed that the company 's third quarter profits declined from EUR13 .9 m in the third quarter of last year to EUR12 .7 m in this year 's Q3 .",1,0.79549026
HELSINKI AFX - KCI Konecranes said it has won an order for four hot metal ladle cranes from Indian steel producer Bhushan Steel and Strips Ltd. .,"The steelmaker said that the drop in profit was explained by the continuing economic uncertainty , mixed with the current drought in bank lending , resulting in a decline in demand for its products as customers find it increasingly difficult to fund operations .",0,0.33381736
"Citigroup , Inc ( NYSE : C ) has announced that its Global Transaction Services ( GTS ) business has been awarded a new mandate by Finland-based Pohjola Bank Group .","The refining margin for the year was $ 13.39 - bbl , compared to $ 10.46 - bbl in the prior year .",1,0.45482868
Turnover rose to EUR21m from EUR17m .,A survey conducted by Taloustutkimus for Sampo Life shows that companies are badly prepared to losing key staff members .,0,0.33631074
Finnlines will announce in week 17 of 2006 what measures it will take to tackle the situation .,Financial terms were not disclosed .,1,0.11780195
"Finnish Sampo-Rosenlew manufactures approximately seven forest machines monthly , and about half of machines are exported .",Relations with the City have been further damaged by comments from Mr Ashley criticising City investors and analysts as `` cry babies '' .,0,0.1903996
Operating profit decreased to EUR 11.2 mn from EUR 16.6 mn .,"Earlier today , Geberit 's Finnish rival Uponor OYJ cut its full-year sales growth forecast to 6 pct from 10 pct , blaming tough conditions in Germany and the US , as well as currency factors .",1,0.63281035
"Loss after financial items totalled EUR 9.7 mn , compared to a profit of EUR 1.3 mn in the corresponding period in 2008 .",The operating profit for Grain Trading increased to EUR 2.0 mn from EUR 1.4 mn in 2005 .,0,0.79575026
Operating profit increased to EUR 14.0 mn from EUR 4.9 mn in the corresponding period in 2005 .,"( ADP News ) - Oct 1 , 2008 - Finnish consulting and engineering company Poyry Oyj ( OMX : POY1V ) said today it was awarded a EUR 5.2 million ( USD 7.4 m ) extension to their existing consultancy engineering contract with Venezuel",1,0.58885324
The order also includes start-up and commissioning services .,EBIT excluding non-recurring items was estimated to increase from 2009 .,0,0.19790377
`` We know there are some of our own people out there . '',"According to Seikku , the retail sector in Finland is controlled by 3-4 large actors , while food manufacturers are still relatively small .",1,0.17655495
The number of customers is one of the most important parameters in determining the price of electricity networks .,The company is well positioned in Brazil and Uruguay .,0,0.47617638
The business to be divested generates consolidated net sales of EUR 60 million annually and currently has some 640 employees .,"The company said that the operations will be sold to a newly established company , CPS GmbH , where the present management of the plastics business is a co-owner .",1,0.37122402
Net sales in 2007 are expected to be 10 % up on 2006 .,The net sales decreased to EUR 49.8 million from EUR 59.9 million .,0,0.47038266
"Section : Regional News - The demand in Finnair 's Asian traffic , measured in passenger kilometers , was up 34.9 % in August compare to last year .","In Lithuania , operating profit rose to EUR 190,000 from EUR 70,000 in the corresponding period in 2005 .",1,0.7162902
Finnish office supplies and computer accessories dealer Beltton-Group Plc said its net profit rose to 1.3 mln euro ( $ 1.7 mln ) in 2006 from 1.13 mln euro ( $ 1.5 mln ) in 2005 .,"ADP News - Feb 13 , 2009 - Finnish retailer Kesko Oyj HEL : KESBV said today its total sales , excluding value added tax VAT , stood at EUR 661.3 million USD 853.1 m in January 2009 , down 15.2 % year-on-yea",0,0.87034565
The company reports a loss for the period of EUR 0.4 mn compared to a loss of EUR 1.9 mn in the corresponding period in 2005 .,Finnish Bank of +àland reports its operating profit rose to EUR 21.3 mn in the second quarter of 2009 from EUR 6.1 mn in the corresponding period in 2008 .,1,0.7183876
"Salcomp Oyj , the Finnish maker of mobile phone chargers , Monday posted a EUR1 .49 million loss in the second quarter compared with a 1.70 million profit in the same period the previous year .",The total amount of subscription prices was recorded in the fund for invested non-restricted equity .,0,0.35926336
"Sampo Bank 's market share of lending was 13.6 % , down from 14.4 % in the first quarter of 2008 .","Acando AB ( ACANB SS ) fell 8.9 percent to 13.35 kronor , the lowest close since Dec. 11 .",1,0.74171925
"That address also happens to house Italian megamart Eataly , meaning that `` Come on , kids , we 're going to the Toy Building ! ''",Prices and delivery volumes of broadband products decreased significantly in 2005 .,0,0.19193763
"Therefore , the company 's 2005 result will remain weaker than that of 2004 .",The total capital of funds managed by the bank decreased by 28 % to EUR 284mn by the end of September 2008 .,1,0.6583121
Both the net sales and operating profit were record high in the company 's history .,Operating profit for 2009 lower than outlook published earlier .,0,0.35019466
Subscription sales decreased slightly .,Sanoma News ' advertising sales decreased by 22 % during the year .,1,0.60241634
"Last year , 8.3 million passengers flew the airline , down 4 percent from 2007 .",No financial details were disclosed .,0,0.16399875
"Operating profit excluding non-recurring items amounted to EUR 40.6 mn , down from EUR 57.3 mn year-on-year .","Samsung currently occupies third place and lost ground during the quarter , dropping by 1.8 % to an 11.1 % share overall .",1,0.7547471
"The operating loss amounted to EUR 0.8 mn , compared to a profit of EUR 3.9 mn a year earlier .",The customers will have an access to integrated propeller and gear packages from one source .,0,0.1553648
Renesas Mobile Europe Ltd has approximately 470 employees in Oulu .,"Stockholm-based Nordea Bank ( STO : NDA ) said yesterday it had hired Casper von Koskull to lead its corporate merchant banking and capital markets unit , effective 1 September .",1,0.46819055
The company will propose a dividend of EUR0 .12 per share for 2008 .,Commission income fell to EUR 4.6 mn from EUR 5.1 mn in the corresponding period in 2007 .,0,0.6536088
"In January-November 2009 , the group 's sales totalled EUR 7,801.7 mn , which was a drop of 12.6 % from the same period of 2008 .",Earnings per share EPS in 2005 decreased to EUR0 .66 from EUR1 .15 in 2004 .,1,0.85699075
An EU law on the issue may be introduced around 2010 .,"The Finnish national carrier said net loss in April through June was euro26 million , down from a net profit of euro13 million a year earlier .",0,0.41887665
"Exports of goods fell by 59 % , and imports by 16.7 % .",Operating loss totaled EUR 25mn compared to a profit of EUR 63mn in the corresponding period in 2005 .,1,0.69779205
"Samsung currently occupies third place and lost ground during the quarter , dropping by 1.8 % to an 11.1 % share overall .",Valmet Automotive reports net sales of EUR 85mn and operating profit of EUR 8mn .,0,0.5151973
Net sales dropped by 6 % year-on-year to EUR 11.9 million .,SRV lowered its net sales estimate for the whole of 2008 due to uncertainties in housing sales .,1,0.7803668
"The company has a continuous need for alloys such as nickel , ferro-chrome , molybdenum and manganese in its production , said Talvivaara .","Operating result showed a loss of EUR 2.9 mn , while a year before , it showed a profit of EUR 0.6 mn .",0,0.2638064
"Metso expects its net sales to increase by about 10 % in 2008 , at comparable exchange rates .",21 October 2010 - Finnish fishing tackle company Rapala VMC Corp ( HEL : RAP1V ) said today its net profit rose to EUR18 .9 m for the first nine months of 2010 from EUR15 .1 m for the same period a year earlier .,1,0.6852069
Decisions are to be made as quickly as possible .,"The OMX Helsinki index was down 0.34 pct at 8,256.02 on turnover of 813.191 mln eur .",0,0.086943746
"Excluding non-recurring items , pre-tax profit surged 45 % to EUR80m .","In December alone , the members of the Lithuanian Brewers ' Association sold a total of 20.3 million liters of beer , an increase of 1.9 percent from the sales of 19.92 million liters in December 2004 .",1,0.6554656
The rationalization of the operations seeks to achieve over EUR 1 million in yearly savings as from the second quarter of the current financial year .,"Making matters more difficult , the company said it has been grappling with higher oil and gas prices , which have pushed up the cost of energy , raw materials and transportation .",0,0.48970172
"In the building and home improvement trade , net sales totalled EUR 1,173 mn , down from EUR 1,566 mn a year earlier .","Operating profit totaled EUR 6.7 mn , down from EUR 7.2 mn in the corresponding period in 2005 .",1,0.8002747
Finnish Aktia Group 's operating profit rose to EUR 17.5 mn in the first quarter of 2010 from EUR 8.2 mn in the first quarter of 2009 .,The medium-term operative targets of the company remain unchanged .,0,0.26128036
"Finnish plumbing and heating systems supplier Uponor 's net sales in continuing business operations decreased to EUR 249.1 mn in July-September 2008 , compared to EUR 262.1 mn in the third quarter of 2007 .","`` Adjustment to the fall in price level , in contrast , has been less effective .",1,0.5775515
"The business area has operations in Finland , Sweden , Denmark , Estonia , Latvia and Lithuania .","In Finland 's Hobby Hall 's sales decreased by 10 % , and international sales fell by 19 % .",0,0.23357134
"In 2009 , Comptel slipped to a net loss of EUR2 .1 m from a profit of EUR6 .6 m in the previous year .","`` Small firms are suffering at the moment because they are likely to have money trouble , '' he added .",1,0.53456306
The move was triggered by weak demand for forestry equipment and the uncertain market situation .,"The Whitehall Street Real Estate Funds invest in real estate and real estate related assets , principally through the acquisition of real estate companies , real property and mortgage loans .",0,0.24969864
The sales of the Tiimari segment fell by 4.0 % year-on-year to EUR3 .3 m in June 2010 .,"Operating loss totalled EUR 0.9 mn , down from a profit of EUR 2.7 mn .",1,0.7586491
"A total of 1,800,000 stock options were issued in the 2003 stock option scheme .",The company reports a loss for the period of EUR 0.4 mn compared to a loss of EUR 1.9 mn in the corresponding period in 2005 .,0,0.5660745
The webcast may be followed online on the company website at www.ruukki.com/investors .,"Like all other mechanical pipettors from Biohit , also Proline Plus is CE-IVD marked and comes with a 3-year warranty .",1,0.31868398
The investments and operational changes enable additional optimisation of the working hours and thereby further cost savings of some 7 % -9 % .,Operating loss amounted to EUR 0.9 mn in the first half of 2006 compared to a profit of EUR 0.5 mn in the first half of 2005 .,0,0.48448342
"In a release on Oct. 28 , Peab said the two businesses will continue to be conducted under the brands Cliffton and Stockholm Entreprenad , both part of the Peab Group .",The contract is for next year .,1,0.47857082
"In Finland , the Bank of +àland reports its operating profit fell to EUR 6.1 mn in the second quarter of 2008 from EUR 7.5 mn in the second quarter of 2007 .","The financial impact is estimated to be an annual improvement of EUR2 .0 m in the division 's results , as of fiscal year 2008 .",0,0.7678442
"The company 's profit before taxes fell to EUR 21.1 mn in the third quarter of 2008 , compared to EUR 35.8 mn in the corresponding period in 2007 .","Exports of goods fell by 59 % , and imports by 16.7 % .",1,0.76459175
"The natural source of isoprene is the tree species Hevea brasiliensis , also known as the rubber tree .","For example , net sales increased by 5.9 % from the first quarter , and EBITDA increased from a negative EUR 0.2 mn in the first quarter of 2009 .",0,0.19642857
The company 's equipment rental portfolio consists primarily of tools for small and mid-sized customers in the construction industry .,"Established in 1989 , CapMan manages Nordic buyout , mezzanine , technology , life science and real estate funds with approximately EURO 3 billion $ 4 billion in total capital .",1,0.43679217
The CVs of the proposed members are available for viewing from 12 March 2008 onwards on the Internet at www.sampo.com/ir .,Net sales grew in the period to  x20ac 402 million $ 585US million from  x20ac 401 million in 2006 .,0,0.4341958
"For 2009 , net profit was EUR 3 million and the company paid a dividend of EUR 1.30 apiece .",Odell has not contacted the State of Finland in this issue .,1,0.16047002
The sales of the Tiimari segment fell by 4.0 % year-on-year to EUR3 .3 m in June 2010 .,"In Lithuania , operating profit rose to EUR 190,000 from EUR 70,000 in the corresponding period in 2005 .",0,0.6040074
Valga Lihatoostus markets its products under the Maks & Moorits trademark .,Pharmaceutical market in Czech Republic Global Research & Data Services published recently a market analysis about the pharmaceutical markets in Czech Republic .,1,0.46932453
"The order includes a log handling line , peeling line and drying line for the production of parquet base layer veneer for Plyfa 's Hassela mill , central Sweden .",Rapala said it estimates it will make savings of 1-2 mln eur a year by centralising its French operations at one site .,0,0.41298154
"It is necessary to strengthen the company 's operations , however .","Established in 1987 , the SRV Group is a private Finnish construction concern with operations in Finland , the Baltic countries and Russia .",1,0.28526658
The real estate company posted a net loss of +ó  x201a -¼ 59.3 million +ó  x201a -¼ 0.21 per share compared with a net profit of +ó  x201a -¼ 31 million +ó  x201a -¼ 0.11 per share for the corresponding quarter of 2007 .,"Elcoteq Dongguan was established in 1999 in the Nancheng District of Dongguan , China and is one of Elcoteq s four volume manufacturing plants in the Asia-Pacific region .",0,0.45297703
23 April 2010 - Finnish construction and engineering company Outotec Oyj HEL : OTE1V said today it slipped to a net loss of EUR7 .3 m in the first quarter of 2010 from a net profit of EUR12 .5 m in the corresponding period last year .,"UPM-Kymmene Corp. , the world 's largest maker of magazine paper , on Tuesday reported a 19-percent profit drop as lower paper prices , higher costs and a strong euro hurt revenue .",1,0.8140955
"Olvi , which controls a 94 percent stake in Ragutis through A. Le Coq , said in its annual report published earlier this year that the Lithuanian brewery 's sales reached 15.04 million euros last year , a rise of 20.4 percent from 12.49 million euros in 2004 .","Of these shares 29,659,239 are held by the Company or its group companies and the number of outstanding shares and voting rights attached to the shares thus amounts to 322,705,218 .",0,0.64836586
First quarter underlying operating profit rose to 41 mln eur from 33 mln a year earlier .,Operating profit rose to EUR 13.5 mn from EUR 9.7 mn in the corresponding period in 2006 .,1,0.83633673
Finnish silicon wafers manufacturer Okmetic Oyj said it swung to a net profit of 4.9 mln euro $ 6.3 mln in the first nine months of 2006 from a net loss of 1.8 mln euro $ 2.3 mln a year earlier .,"Making matters more difficult , the company said it has been grappling with higher oil and gas prices , which have pushed up the cost of energy , raw materials and transportation .",0,0.46479392
"Pretax profit totalled EUR 2.0 mn , compared to a loss of EUR 159.2 mn in the fourth quarter of 2008 .",It will also strengthen Ruukki 's offshore business .,1,0.1426796
QPR ProcessGuide is available as a system solution with centralized storage and management of process content as well as a standalone desktop version ; QPR ProcessGuide Xpress .,"Net interest income was EUR 39.3 mn , up from EUR 32.7 mn .",0,0.34019256
"The fair value of the investment properties totaled EUR 2,534.9 mn , up from EUR 2,455.1 mn in 2006 .","Finnish pulp and paper machinery maker Vaahto Group Oyj swung to a 1.1 mln euro $ 1.4 mln net profit in the fiscal 2005-06 , ended August 31 , 2006 , from a 249,000 euro $ 319,000 net loss in the fiscal 2004-05 .",1,0.73843443
"Konecranes Oyj KCR1V FH fell 5.5 percent to 20.51 euros , the biggest fall since June .","A coker crane will be supplied to Tesoro Corporation 's Golden Eagle Refinery in Martinez , California , while a similar crane will be delivered to BP 's Castell refinery in Spain .",0,0.20861772
`` The trend in the sports and leisure markets was favorable in the first months of the year .,"Finnish IT consultancy Satama Interactive Oyj posted a net profit of 1.4 mln euro $ 2.0 mln for the first nine months of 2007 , compared to a net loss of 462,000 euro $ 664,000 for the same period of 2006 .",1,0.45965183
8 May 2009 - Finnish liquid handling products and diagnostic test systems maker Biohit Oyj ( HEL : BIOBV ) said today ( 8 May 2009 ) its net loss narrowed to EUR0 .1 m ( USD0 .14 m ) for the first quarter of 2009 from EUR0 .4 m for the same period of 2008 .,"CapMan 's first real estate fund , which had a total investment capacity of ( EURO ) 500 million and closed in June 2005 , invested in commercial properties in the Helsinki metropolitan area .",0,0.63787675
"Operating profits in the half were  0.8 m , down from  0.9 m as Glisten invested in the brand and the management team .",Operating profit in the fourth quarter fell to EUR33m from EUR39m a year earlier .,1,0.6968404
Mr Jortikka is president of the base metal division of Outotec Oyj in Finland and is on the executive committee of Outotec .,"Previously , EB delivered a custom solution for LG Electronics and now is making it commercially available for other mobile terminal vendors as well as to wireless operators .",0,0.38733613
Our standardised services have met with a positive reception among our customers as well as at Itella .,"29 September , 2010 Finnish waste management and recycling company Lassila & Tikanoja expands its operations in Russia by introducing its recently completed recycling plant in the city of Dubna near Moscow .",1,0.1620655
Finnish developer and manufacturer of mobile phone chargers Salcomp Plc OMX Helsinki : SAL1V on Wednesday 19 November lowered its full-year net sales estimate .,"9 September 2010 - Finnish stationery and gift retailer Tiimari HEL : TII1V said today its net sales rose by 2 % year-on-year to EUR5 .7 m in August 2010 , driven by growth in Finland , while demand in the Baltics remained weak .",0,0.7277448
"The cost of the deal could range from 70 million to 90 million euros depending on the financial results of the two companies in 2008 , the statement says .",The company reported net sales of 302 mln euro $ 441.6 mln and an operating margin of 16 pct in 2006 .,1,0.7142544
`` We are pleased with the efforts of both negotiating teams and look forward to a productive four years ahead . '',"According to CapMan Plc 's Corporate Governance , the majority of the committees ' members shall be independent of the Company .",0,0.24940854
"Last week , the Finnish metals and technology group announced plans to sell more than 80 percent of its technology unit to further the company 's strategic goal of becoming the world 's largest stainless steel maker .",Finnish Cargotec 's Kalmar has received a significant order from the US Department of Defense .,1,0.42346412
These measures are expected to produce annual cost savings of EUR 1.5 million starting in 2007 .,The issuer is solely responsible for the content of this announcement .,0,0.13358495
"BAVARIA Industriekapital AG 's 2006 revenues were EUR 333 million , with an EBITDA of EUR 51 million .","The Filter Tips cover the volume range from 0.1-1200 -Ál including new sizes for 10 , 20 , 100-120 , 200 , 300 , 1000 and 1200 -Ál volume capacities .",1,0.39341915
"Talentum expects that the net sales of its core business will increase in 2008 , compared to 2007 .",A PLUMBING business has announced it is sponsoring a professional darts player .,0,0.32202643
Finnish developer and manufacturer of mobile phone chargers Salcomp Plc OMX Helsinki : SAL1V on Wednesday 19 November lowered its full-year net sales estimate .,23 April 2010 - Finnish construction and engineering company Outotec Oyj HEL : OTE1V said today it slipped to a net loss of EUR7 .3 m in the first quarter of 2010 from a net profit of EUR12 .5 m in the corresponding period last year .,1,0.8793515
Orion 's net profit for the third quarter of 2007 decreased to 36.5 mln euro ( $ 52.1 mln ) from 40.3 mln euro ( $ 57.5 mln ) a year earlier .,"The redesigned crushing circuit has been in operation since the start of September and its overall production rate on a weekly basis is in excess of an average of 40,000 tonnes a day .",0,0.60734713
"Stockholm-based Nordea Bank ( STO : NDA ) said yesterday it had hired Casper von Koskull to lead its corporate merchant banking and capital markets unit , effective 1 September .",The value of the total investment is about EUR 600mn .,1,0.39776295
"The company , which makes garden tools , scissors and other consumer goods , said earnings were boosted by 6.9 mln eur of income it received from its 16.7 pct shareholding in Finnish engineering group Wartsila .","Finnish shipping company Finnlines ' pretax loss totalled EUR 6.5 mn in the third quarter of 2009 , compared to a profit of EUR 0.3 mn in the third quarter of 2008 .",0,0.62209356
EBIT excluding non-recurring items was estimated to increase from 2009 .,"Finnish airline Finnair has won a deal with the UK public sector to be the official airline for flights from London Heathrow to Osaka in Japan , as well as flights between Manchester in the UK and Helsinki in Finland .",1,0.2747757
"Return on investment was 5.0 % , compared to a negative 4.1 % in 2009 .","The company 's profit before taxes fell to EUR 21.1 mn in the third quarter of 2008 , compared to EUR 35.8 mn in the corresponding period in 2007 .",0,0.7994125
"Konecranes Oyj KCR1V FH fell 5.5 percent to 20.51 euros , the biggest fall since June .","At 1411 CET , ArcelorMittal had lost 7.26 % to EUR 17.38 on Euronext Paris , coming at the lead of the blue-chip fallers .",1,0.78371274
Vaisala 's net profit for the third quarter of 2007 dropped to 3.0 mln euro ( $ 4.3 mln ) from 6.8 mln euro ( $ 9.8 mln ) for the same period of 2006 .,"Both operating profit and net sales for the three-month period increased , respectively from EUR15 .1 m and EUR131 .5 m , as compared to the corresponding period in 2005 .",0,0.70635796
"Digia said its consolidated net sales for January-June 2010 were EUR67 .8 m , up 9.7 % on the same period in 2009 ( EUR61 .9 m ) .",Diluted earnings per share ( EPS ) rose to EUR 0.52 versus EUR 0.09 .,1,0.73281574
"In August-October 2010 , the company 's result before taxes totalled EUR 9.6 mn , up from EUR 0.5 mn in the corresponding period in 2009 .","It is necessary to strengthen the company 's operations , however .",0,0.11160268
Her present position is the director of Stockmann 's international department stores .,"Following the registration , the number of issued and outstanding shares of Basware is 12,890,829 .",1,0.49839917
The Group also has a strong global position in other fishing categories .,The company confirmed its estimate for lower revenue for the whole 2009 than the year-ago EUR93 .9 m as given in the interim report on 5 August 2009 .,0,0.06595509
The first group of customers to be trained will be paint-shop owners and their assistants .,"It now owns 80,565 shares in Amer Sports Corporation , equaling 0.11 % of the company 's share capital and voting rights .",1,0.22611777
Passenger-related revenue rose by 5.1 % to EUR 460.8 mn from EUR 438.5 mn in 2009 .,As a part of the agreement 10 employees from the John Deere Forestry documentation functions will transfer to DokuMentori Oy .,0,0.45170587
"The total floor area of the plant expansion is 29,000 square metres .",Stichting Pensioenfonds ABP : 4 118 122 shares representing 5.19 % of the share capital and voting rights .,1,0.58324385
"Operating profit totalled EUR 1.22 mn , down from EUR 3.56 mn in the first quarter of 2008 .",The energy sector accounted for approximately 33 % and the steel industry for about 57 % of the transportation volume .,0,0.6770895
The company 's board of directors will propose a dividend of EUR 0.14 for 2008 at the annual general meeting .,The total value of the deliveries is some EUR65m .,1,0.4521065
"Group EBIT for the first half was EUR13 .6 m US$ 17.8 m , falling short of the EUR22 .5 m it posted for the same period of 2009 .","Uponor made an operating profit of EUR 151.0 mn , up from EUR 143.7 mn , which made 2007 a record year .",0,0.7427006
"( ADPnews ) - Feb 3 , 2010 - Finland-based steel maker Rautaruukki Oyj ( HEL : RTRKS ) , or Ruukki , said today it slipped to a larger-than-expected pretax loss of EUR 46 million ( USD 64.5 m ) in the fourth quarter of 2009 from a","However , the net sales declined to EUR 803.6 million from EUR 1.2 billion .",1,0.68460405
Finnish Bank of +àland reports its operating profit rose to EUR 21.3 mn in the second quarter of 2009 from EUR 6.1 mn in the corresponding period in 2008 .,The plant will collect raw material from the Baltic Sea region .,0,0.3047124
"In August-October 2010 , the company 's result before taxes totalled EUR 9.6 mn , up from EUR 0.5 mn in the corresponding period in 2009 .","Combining the two producers will create a strong EU-based fertilizer industry capable of meeting global competition , they added .",1,0.357767
Finnish developer and manufacturer of mobile phone chargers Salcomp Plc OMX Helsinki : SAL1V on Wednesday 19 November lowered its full-year net sales estimate .,"Finnish pharmaceuticals company Orion reports profit before taxes of EUR 70.0 mn in the third quarter of 2010 , up from EUR 54.9 mn in the corresponding period in 2009 .",0,0.7138231
Talvivaara Mining Company Plc Talvivaara Mining Company is an internationally significant base metals producer with its primary focus on nickel and zinc using a technology known as bioheapleaching to extract metals out of ore .,What we think ?,1,0.018412046
"Some 3.8 mln euro ( $ 5.2 mln ) of the base acquisition price will be paid in cash and the rest through a subscription offering of a total of 850,000 new Ixonos shares .",Repeats sees 2008 operating profit down y-y ( Reporting by Helsinki Newsroom ) Keywords : TECNOMEN-RESULTS,0,0.532611
"narrows to EUR2 .8 m 9-mo '09 29 October 2009 - Finnish software and hardware developer Elektrobit Oyj HEL : EBG1V , or EB , said today that its net loss narrowed to EUR2 .8 m for the first nine months of 2009 from EUR35 .6 m for the same period a year ago .","A Helsinki : ELIiV today reported EPS of EUR1 .13 for 2009 , an increase over EPS of EUR1 .12 in 2008 .",1,0.6906913
"The result will also be burdened by increased fixed costs associated with operations in China , and restructuring costs in Japan .","HELSINKI ( AFX ) - Shares closed higher , led by Nokia after it announced plans to team up with Sanyo to manufacture 3G handsets , and by Nokian Tyres after its fourth-quarter earnings report beat analysts ' expectations , dealers said .",0,0.3533054
"At this growth rate , paying off the national debt will be extremely painful .","Operating profit totalled EUR 1.22 mn , down from EUR 3.56 mn in the first quarter of 2008 .",1,0.4111778
"Citigroup , Inc ( NYSE : C ) has announced that its Global Transaction Services ( GTS ) business has been awarded a new mandate by Finland-based Pohjola Bank Group .","Some of the most recent technology deliveries include refinery technology to Anrak Aluminium , an iron ore pelletizing plant to Tata Steel and iron ore sintering plants to Bhushan Steel .",0,0.51093894
L&T 's net profit for the whole 2010 dropped to EUR 36 million from EUR 45 million for 2009 .,"`` Adjustment to the fall in price level , in contrast , has been less effective .",1,0.6245283
"In Q1 of 2009 , the company 's operating loss totalled EUR 0.3 mn , compared to a profit of EUR 3.6 mn in Q1 of 2008 .","With this acquisition the wireless modem unit and its approximately 1,100 employees were transferred to Renesas Electronics Corporation .",0,0.36159638
"Finnish power supply solutions and systems provider Efore Oyj said its net loss widened to 3.2 mln euro $ 4.2 mln for the first quarter of fiscal 2006-2007 ending October 31 , 2007 from 900,000 euro $ 1.2 mln for the same period of fiscal 2005-06 .","Finnish Bank of +àland reports operating profit of EUR 2.2 mn in the first quarter of 2010 , down from EUR 6.3 mn in the corresponding period in 2009 .",1,0.8624499
Pretax profit jumped to EUR 21.9 million from EUR 3.1 million .,The total project duration is three years and it is valued at some EUR11 .5 m.,0,0.6859951
"BasWare Invoice Processing , BasWare Contract Matching , BasWare Order Matching and BasWare KPI Reporting Tool are part of the BasWare 's Enterprise Purchase to Pay product suite .",Image data produced by the browser at the phone server is converted into a bitmapped image that is sent to the handset for display . '',1,0.5974691
The move was triggered by weak demand for forestry equipment and the uncertain market situation .,1 February 2011 - Finnish textile and clothing company Marimekko Oyj HEL : MMO1V said today its preliminary operating profit grew to EUR8 .2 m in 2010 from EUR6 .3 m in 2009 .,0,0.3420973
Mr K.R. Vasantha has been appointed Managing Director of Incap Contract Manufacturing Services Pvt. Ltd. .,Oriola-KD is a spin-off of Finnish pharmaceutical group Orion Oyj 's wholesale division .,1,0.5479232
"20 October 2010 - Finnish environmental management company Lassila & Tikanoja Oyj HEL : LAT1V , or L&T , said Monday it expects its operating profit , excluding non-recurring items , for the whole 2010 to be slightly lower than in 2009 .",It estimates the operating profit to further improve from the third quarter .,0,0.5536347
"narrows to EUR2 .8 m 9-mo '09 29 October 2009 - Finnish software and hardware developer Elektrobit Oyj HEL : EBG1V , or EB , said today that its net loss narrowed to EUR2 .8 m for the first nine months of 2009 from EUR35 .6 m for the same period a year ago .","The transaction will have a positive impact of around EUR2m on earnings , which Ruukki will recognize during the fourth quarter of this year .",1,0.57333624
"Swedish , Finnish and Danish listed companies are organized in three market cap segments , Nordic Large Cap , Mid Cap and Small Cap .","( ADP News ) - Oct 29 , 2008 - Finnish lifting equipment maker Konecranes Oyj ( OMX : KCR1V ) said today that its net profit rose to EUR 116.6 million ( USD 149.1 m ) in the first nine months of 2008 from EUR 73.6 million for the s",0,0.5100557
Elcoteq SE is Europe 's largest contract electronics maker and has set up a unit in Bangalore in association with Avista Advisory of Mumbai .,The products have a low salt and fat content .,1,0.08559026
"Both operating profit and net sales for the three-month period increased , respectively from EUR15 .1 m and EUR131 .5 m , as compared to the corresponding period in 2005 .",Net sales fell by 5 % from the previous accounting period .,0,0.60614085
"Tieto in Latvia is represented by IT services companies TietoEnator Alise and TietoEnator , which has operations in the industries of Financial Services Cards , Retail and Logistics and IT Outsourcing and Managed Services .",Marimekko is considering further measures in the matter .,1,0.33460748
Pharmaceutical market in Poland Global Research & Data Services published recently a market analysis about the pharmaceutical markets in Poland .,"Theodosopoulos said Tellabs could be of value to Nokia Siemens or Nortel given its `` leading supply status '' with Verizon , along with high-growth products .",0,0.48075536
"( ADPnews ) - May 4 , 2010 - Finnish cutlery and hand tools maker Fiskars Oyj Abp ( HEL : FISAS ) said today its net profit declined to EUR 12.9 million ( USD 17m ) in the first quarter of 2010 from EUR 17 million in the correspond","Insurer Axa ( PAR : CS ) slid by 5.35 % to EUR 14.15 , after Citigroup and ING slashed their targets on the stock .",1,0.76228154
Their names have not yet been released .,"ADPnews - Feb 5 , 2010 - Finnish real estate investor Sponda Oyj HEL : SDA1V said today that it slipped to a net loss of EUR 81.5 million USD 11.8 m in 2009 from a profit of EUR 29.3 million in 2008 .",0,0.18556142
"Qualcomm estimated a first-quarter profit between 46 and 50 cents a share , excluding certain items , below the analyst estimate of 61 cents a share .","Finnish Scanfil , a systems supplier and contract manufacturer to the communications sector and the electronics industry , reports its net sales totalled EUR 94.7 mn in the first half of 2010 , down from EUR 99.5 mn in the first half of 2009 .",1,0.5686126
"Managing Director 's comments : `` Net sales for the first quarter were notably lower than a year before , especially in Finland , Russia and the Baltic countries .",Finnish publishing and printing group Ilkka-Yhtym+ñ will introduced a staff smoking ban as of the beginning of 2007 at the company 's three newspapers .,0,0.51683676
"Finnish pharmaceuticals company Orion reports profit before taxes of EUR 70.0 mn in the third quarter of 2010 , up from EUR 54.9 mn in the corresponding period in 2009 .",The company will make its marketing and sales investments initiated in 2009 even more efficient in 2010 .,1,0.5399984
"According to preliminary data from Slovakia 's Statistics Office , goods worth E36 .4 million were imported from Finland between January and October 2010 , making up 0.1 percent of Slovakia 's total imports .",11 August 2010 - Finnish measuring equipment maker Vaisala Oyj HEL : VAIAS said today that its net loss widened to EUR4 .8 m in the first half of 2010 from EUR2 .3 m in the corresponding period a year earlier .,0,0.83505917
The company turned to earnings per share ( EPS ) of EUR 0.03 versus loss per share of EUR 0.01 .,"Finnish silicon wafer technology company Okmetic Oyj ( OMX Helsinki : OKM1V ) reported on Thursday ( 7 August ) an operating profit of EUR5 .3 m for the period January-June 2008 , up from EUR3 .3 m in the corresponding period in 2007 .",1,0.66329896
"Most of the raw materials come from Europe and the US and are paid in euros or US dollars , while sales take place in rubles .","Finnish textiles and clothing group Marimekko Oyj posted a net profit of 7.99 mln euro $ 10.4 mln for 2006 , compared to 8.4 mln euro $ 10.9 mln for 2005 .",0,0.6352977
"The refining margin for the year was $ 13.39 - bbl , compared to $ 10.46 - bbl in the prior year .",TELE2 Affarsvarlden gave a `` buy '' recommendation on mobile operator Tele2 AB and a share price target of 142 crowns ( $ 23.54 - 15.19 euro ) .,1,0.630355
LONDON MarketWatch -- Share prices ended lower in London Monday as a rebound in bank stocks failed to offset broader weakness for the FTSE 100 .,Operating profit rose to EUR 26.7 mn from EUR 14.9 mn in the corresponding period in 2006 .,0,0.49415705
Diluted earnings per share ( EPS ) rose to EUR 0.29 from EUR 0.05 .,The actions are expected to deliver annual cost savings of some EUR15-20m .,1,0.6714082
"The group 's operating loss was EUR 0.8 mn , down from a profit of EUR 2.5 mn in 2004 .","Shares of Standard Chartered ( STAN ) rose 1.2 % in the FTSE 100 , while Royal Bank of Scotland ( RBS ) shares rose 2 % and Barclays shares ( BARC ) ( BCS ) were up 1.7 % .",0,0.6166411
"In the fourth quarter of 2008 , net sales decreased to EUR 121.4 mn from EUR 165.5 mn in the fourth quarter of 2007 .",Reported operating margin was a negative 5.9 % .,1,0.6727421
Revenue grew 1 percent to euro742 .2 million US$ 964 million from euro735 million .,"Finnish management software solutions provider Ixonos Oyj net profit decreased to 369,000 euro ( $ 575,000 ) for the first quarter of 2008 from 669,000 euro ( $ 1.0 mln ) for the same period of 2007 .",0,0.6830821
Panostaja did not disclose the purchase price .,N-Viro operates processing facilities independently as well as in partnership with municipalities .,1,0.3707674
"Shares in Royal and Sun Alliance continued to slide back from a 12-month high of 172p last month , after a potential suitor ruled itself out of a takeover bid .","The company , which makes garden tools , scissors and other consumer goods , said earnings were boosted by 6.9 mln eur of income it received from its 16.7 pct shareholding in Finnish engineering group Wartsila .",0,0.46281278
The EPS outlook was increased by 5.6 pct for 2007 and 7.0 pct for 2008 .,"Ragutis , which is controlled by the Finnish brewery , reported a 5.4-per-cent rise in beer sales to 10.44 million litres and held an 11.09-per-cent market share .",1,0.6310259
"Finnish silicon wafer technology company Okmetic Oyj OMX Helsinki : OKM1V reported on Thursday 30 October an operating profit of EUR7 .4 m for January-September 2008 , up from EUR6 .1 m in the corresponding period in 2007 .","Neste Oil s refineries have a combined crude oil refining capacity of approximately 260,000 barrels a day .",0,0.60260826
"In 2009 , Comptel slipped to a net loss of EUR2 .1 m from a profit of EUR6 .6 m in the previous year .","At this growth rate , paying off the national debt will be extremely painful .",1,0.5294388
"In January-September 2009 , the Group 's net interest income increased to EUR 112.4 mn from EUR 74.3 mn in January-September 2008 .",The closing of such transaction took place today .,0,0.24096453
"Please inform IR Johanna Koskinen of your participation no later than 20 April at 10 a.m. A telephone conference for financial analysts and investors , conducted in English , will begin at 3:00 p.m. Finnish time ( EET ) .",Russia 's Video International Group holds a controlling stake in Russian Media Ventures .,1,0.30869704
The company 's share is listed in the Mid Cap segment of the NASDAQ OMX Helsinki .,"Finnish shipping company Finnlines , of the Grimaldi Group , reports its net sales decreased to EUR 241.8 mn in January-June 2009 from EUR 384.0 mn in the corresponding period in 2008 .",0,0.50494456
The net sales of the Power Plants business were EUR 710.3 million in 2005 .,Finnish Talvivaara Mining Co HEL : TLV1V said Thursday it had picked BofA Merrill Lynch and JPMorgan NYSE : JPM as joint bookrunners of its planned issue of convertible notes worth up to EUR250m USD332m .,1,0.59376466
"In the second quarter of 2010 , the group 's net profit rose to EUR3 .1 m from EUR2 .5 m in April-June 2009 .",Mr. Koistinen joins from Nokia Siemens Networks where he has held various senior sales management and business development positions since 1997 .,0,0.49493778
"Pre-tax profit totaled EUR 397.4 mn , up from EUR 164.7 mn .",Finnish department store chain Stockmann Oyj Abp net profit rose to 39.8 mln euro ( $ 56.8 mln ) for the first nine months of 2007 from 37.4 mln euro ( $ 53.4 mln ) for the same period of 2006 .,1,0.8274558
Finnish laboratory liquid handling and diagnostic test systems developer Biohit Oyj OMX Helsinki : BIOBV issued on Tuesday 3 June a profit warning for the financial year 2008 .,Tielinja generated net sales of 7.5 mln euro $ 9.6 mln in 2005 .,0,0.5560034
Sales in Finland rose by 3.9 % and international growth was 0.7 % .,"For example , net sales increased by 5.9 % from the first quarter , and EBITDA increased from a negative EUR 0.2 mn in the first quarter of 2009 .",1,0.8663343
Two other sites will be included later on .,"Net sales of Finnish Sanoma Learning & Literature , of Finnish media group Sanoma , decreased by 3.6 % in January-June 2009 totalling EUR 162.8 mn , down from EUR 168.8 mn in the corresponding period in 2008 .",0,0.13464493
"The firm 's services include copying , printing , CAD-modelling , digital printing , scanning , SokoPro project bank and courier services .","In April-June 2008 , Scanfil 's net sales totalled EUR 58.7 mn and operating profit EUR 6.6 mn .",1,0.30028486
This includes a EUR 39.5 mn change in the fair value of investment properties .,"Commission income decreased to EUR 3.8 mn , compared to EUR 4.6 mn in the third quarter of 2007 .",0,0.59231544
"ADP News - Feb 25 , 2009 - Finnish printed circuit board PCB maker Aspocomp Group Oyj HEL : ACG1V said today it swung to a net profit of EUR 300,000 USD 385,000 for 2008 versus a net loss of EUR 65.3 million",Finnish cutlery and hand tools maker Fiskars Oyj Abp ( HEL : FISAS ) said today its net profit rose to EUR 24.1 million ( USD 33.6 m ) in the third quarter of 2010 from EUR 17.9 million a year earlier .,1,0.89449143
Net sales of Finnish food industry company L+ñnnen Tehtaat 's continuing operations increased by 13 % in 2008 to EUR 349.1 mn from EUR 309.6 mn in 2007 .,"`` The biggest challenge was to make the piece look raw , '' Hansen said .",0,0.21076
"Revenue for the quarter totaled 27.4 billion , down 2 percent from 28.1 billion in the fourth quarter in 2008 .",Finnish investment group Norvestia Oyj said its net profit fell to 23.5 mln euro $ 30.6 mln in 2006 from 33.5 mln euro $ 43.6 mln in 2005 .,1,0.81821615
"Shares in Royal and Sun Alliance continued to slide back from a 12-month high of 172p last month , after a potential suitor ruled itself out of a takeover bid .","Tyrvaan Sanomat , published twice a week by Tyrvaan Sanomat Oy , appears in Sastamala and Kiikoinen .",0,0.53728503
HELSINKI AFX - Outokumpu said its technology unit has won a 28 mln eur contract from Bosnia-Herzegovina 's Aluminij dd Mostar to upgrade an anode plant .,"Finland-based Elcoteq SE , a privately held provider of electronics manufacturing services to communications companies , said Thursday it signed a long-term manufacturing supply deal with communications equipment company Andrew Corp. .",1,0.69759
Finnish Bank of +àland reports its operating profit rose to EUR 21.3 mn in the second quarter of 2009 from EUR 6.1 mn in the corresponding period in 2008 .,"Finnish shipping company Finnlines ' pretax loss totalled EUR 6.5 mn in the third quarter of 2009 , compared to a profit of EUR 0.3 mn in the third quarter of 2008 .",0,0.8580994
Operating income rose to EUR 696.4 mn from EUR 600.3 mn in 2009 .,"The company 's consolidated operating profit amounted to EUR 15.86 mn , up from EUR 4.14 mn year-on-year .",1,0.8053279
"Unit prices for straddle carriers vary between EUR700 ,000 and EUR900 ,000 , the company added .","The restructuring creates a more efficient organization with increased operational focus and stable profitability , and leads to more efficient production , said Bo Annvik , head of Specialty Stainless .",0,0.24623229
"Finnish Scanfil , a contract manufacturer and systems supplier for communication and industrial electronics reports net sales of EUR 108.7 mn in the first half of 2008 , down from EUR 111.1 mn a year earlier .","( ADPnews ) - May 4 , 2010 - Finnish cutlery and hand tools maker Fiskars Oyj Abp ( HEL : FISAS ) said today its net profit declined to EUR 12.9 million ( USD 17m ) in the first quarter of 2010 from EUR 17 million in the correspond",1,0.83909106
"Exports of goods fell by 59 % , and imports by 16.7 % .",Finnish consumer packaging manufacturer Huhtamaki Oyj said it swung to a net profit of 84.1 mln euro $ 105.6 mln in the first nine months of 2006 from a net loss of 2.6 mln euro $ 3.3 mln in the same period of 2005 .,0,0.6637226
The company confirmed its estimate for lower revenue for the whole 2009 than the year-ago EUR93 .9 m as given in the interim report on 5 August 2009 .,"Last year , 8.3 million passengers flew the airline , down 4 percent from 2007 .",1,0.6524513
"UPM-Kymmene Corp. , the world 's largest maker of magazine paper , on Tuesday reported a 19-percent profit drop as lower paper prices , higher costs and a strong euro hurt revenue .",Related links : Flexiblebaseloadoperation TheWartsila32generating set Gasconversions This is the shorter of two versions of this press release .,0,0.4494592
The company moved to an operating profit of EUR10 .9 m versus an operating loss of EUR15 .3 m. It also turned to EPS of EUR0 .08 versus loss per share of EUR0 .04 .,Operating profit of the Asian plants grew markedly .,1,0.5514899
"The refining margin for the year was $ 13.39 - bbl , compared to $ 10.46 - bbl in the prior year .",Operating profit fell from EUR 7.9 mn in the second quarter of 2005 to EUR 5.1 mn in the second quarter of 2006 .,0,0.7242842
"Both operating profit and turnover for the six-month period increased , respectively from EUR0 .1 m and EUR29 .0 m , as compared to the corresponding period a year ago .","Earnings per share ( EPS ) were EUR0 .03 , up from the loss of EUR0 .083 .",1,0.77950704
"Uponor made an operating profit of EUR 151.0 mn , up from EUR 143.7 mn , which made 2007 a record year .","( ADP News ) - Feb 11 , 2009 - Finnish wood products technology supplier Raute Oyj ( HEL : RUTAV ) said today its net profit decreased to EUR 4.7 million ( USD 6.1 m ) for 2008 from EUR 6.6 million for 2007 .",0,0.6624199
They will be sunk to a depth of some 360-380 metres and fixed to the bottom mud by vacuum .,Okmetic Board of Directors has also decided on a new share ownership program directed to the company 's top management .,1,0.30559498
The transaction is expected to be completed next spring .,The Department Store Division 's sales fell by 8.6 % to EUR 140.2 mn .,0,0.2627218
"Protalix closed at $ 10.71 on Friday on the American Stock Exchange , giving a market cap of $ 827 million .","The study evaluated the safety , tolerability and pharmacokinetics of repeated doses of intravenously administered antibody in 26 patients with active plaque psoriasis .",1,0.32947573
LONDON MarketWatch -- Share prices ended lower in London Monday as a rebound in bank stocks failed to offset broader weakness for the FTSE 100 .,The building will house product development and test laboratories .,0,0.06573608
"Finnish shipping company Finnlines , of the Grimaldi Group , reports its net sales decreased to EUR 241.8 mn in January-June 2009 from EUR 384.0 mn in the corresponding period in 2008 .","Pretax loss totalled EUR 49.9 mn , compared to a loss of EUR 15.4 mn in the corresponding period in 2008 .",1,0.82235926
"Vaahto Pulp & Paper , of Finnish Vaahto Group , has been awarded an order to renovate Finnish-Swedish forest industry company Stora Enso 's paperboard machine at the Ingerois Board Mill in Finland .","Net sales of Finnish Sanoma Learning & Literature , of Finnish media group Sanoma , decreased by 3.6 % in January-June 2009 totalling EUR 162.8 mn , down from EUR 168.8 mn in the corresponding period in 2008 .",0,0.47020537
"Earnings per share ( EPS ) amounted to EUR0 .98 , up from the loss of EUR0 .02 .","Citigroup , Inc ( NYSE : C ) has announced that its Global Transaction Services ( GTS ) business has been awarded a new mandate by Finland-based Pohjola Bank Group .",1,0.49888983
"Incap Contract Manufacturing will carry out the manufacturing for these agreements at its factory in Tumkur , near Bangalore .","Nokia shares hit 13.21 euros on Friday , down 50 percent from the start of the year in part because of the slow introduction of touch-screen models .",0,0.15541568
It is hand-painted resin with real 14-0 trebles and is 75cm long by 25cm deep from top to bottom of the middle hook .,"Marathon now has a 4.6 percent stake in PLX , it said , according to Bloomberg .",1,0.4009716
"Operating loss totalled EUR 4.0 mn , compared to a profit of EUR 8.6 mn in the second quarter of 2008 .","OUTOTEC OYJ PRESS RELEASE DECEMBER 4 , 2009 10.30 AM Outotec establishes a new subsidiary in Kolkata Outotec has established a subsidiary in India in order to better serve its Indian customers and to increase its business in the growing Indian market .",0,0.41719174
"Therefore , the company 's 2005 result will remain weaker than that of 2004 .",Subscription sales decreased slightly .,1,0.6361161
"The Baltimore Police and Fire Pension , which has about $ 1.5 billion , lost about $ 3.5 million in Madoff Ponzi scheme .","It is necessary to strengthen the company 's operations , however .",0,0.054192137
`` Printed fabrics and related design expertise have always been the core of Marimekko 's business and brand .,Delivery is due in the second half of 2011 .,1,0.18751192
"Consolidated net sales increased 16 % to reach EUR74 .8 m , while operating profit amounted to EUR0 .9 m compared to a loss of EUR0 .7 m in the prior year period .","During the strike , Finnair estimates to incur a net loss of between EUR2m and EUR2 .5 m per day .",0,0.6543305
The combined company had pro-forma net sales of 140 mln euro $ 188.9 mln and an operating profit of 13 mln euro $ 17.5 mln for 2006 .,The transaction included also the transfer of the lease agreement concerning manufacturing premises and employment agreements related to these operations .,1,0.20303264
"Metso expects its net sales to increase by about 10 % in 2008 , at comparable exchange rates .","The purchase price will be paid in cash upon the closure of the transaction , scheduled for April 1 , 2009 .",0,0.52310926
"The subsidiary will be responsible for filter sales , local assembly of filters and after market services in China .",It is estimated that the consolidated turnover of Kausta Guder will reach Lt 53mn US$ 22.53 mn EUR 15.35 mn in 2007 .,1,0.40829068
The Financial Statements and Interim Reports will be released around at 9.00 a.m. ( Finnish time ) on the given dates .,"The refining margin for the year was $ 13.39 - bbl , compared to $ 10.46 - bbl in the prior year .",0,0.5583044
Operating profit rose to EUR 4.7 mn from EUR 3.6 mn .,Sports equipment sales also progressed well owing to the prolonged winter season .,1,0.36033458
"Both operating profit and net sales for the 12-month period increased , respectively from EUR4 .7 m and EUR26 .7 m , as compared to 2004 .","Net sales of Finnish Sanoma Learning & Literature , of Finnish media group Sanoma , decreased by 3.6 % in January-June 2009 totalling EUR 162.8 mn , down from EUR 168.8 mn in the corresponding period in 2008 .",0,0.61290854
Name of Company in which holdings have been acquired : Citycon Oyj 2 .,The value of this kind of order amounts usually between Euro 2 and 3 million .,1,0.36493838
"`` If you need malware removal tools , type the URL of your vendor of choice directly into the browser bar and use links on their website , '' wrote Trend Micro 's Rik Ferguson on Monday .",The sales of the Tiimari segment fell by 4.0 % year-on-year to EUR3 .3 m in June 2010 .,0,0.3758094
SRV lowered its net sales estimate for the whole of 2008 due to uncertainties in housing sales .,"Operating profit decreased to nearly EUR 1.7 mn , however .",1,0.7169403
"Pretax profit totaled EUR 9.0 mn , down from EUR 36.3 mn in 2007 .","Bilfinger investors cheered the agreement , pushing shares up 7 % , or & euro ; 3.30 , to & euro ; 50.29 , in afternoon trade .",0,0.4495225
"Eero Katajavuori , currently Group Vice President , Human Resources , will take a year-long sabbatical starting from October 1 , 2010 .","Outotec 's scope of delivery covers the engineering , supply of special equipment and services for a calcination plant with two circulating fluid bed calciners .",1,0.2219713
"Finnish lifting equipment maker Konecranes Oyj said on July 30 , 2008 that its net profit rose to 71.2 mln euro ( $ 111.1 mln ) for the first half of 2008 from 57.1 mln euro ( $ 89.1 mln ) for the same period of 2007 .","It generated an operating loss of EUR 96.3 mn , down from a profit of EUR 43.9 mn .",0,0.6441113
Operating profit fell to EUR 20.3 mn from EUR 74.2 mn in the second quarter of 2008 .,"YIT 's Baltic sales in the first three quarters of 2008 totaled 106.2 million euros , representing a drop of 29 percent year on year .",1,0.8961129
The Elcoteq group recently announced that the last three months of the previous year brought to it a major loss of more than half a billion kroons ( EUR 32 mln ) for the fifth quarter running .,"Last year the company raised its turnover to approximately 7 million litas EUR 2 mln , from 6.1 million litas in 2004 .",0,0.7383921
Net sales increased to EUR655m in April to June 2010 from EUR438m a year earlier .,"Foundries division reports its sales increased by 9.7 % to EUR 63.1 mn from EUR 57.5 mn in the corresponding period in 2006 , and sales of the Machine Shop division increased by 16.4 % to EUR 41.2 mn from EUR 35.4 mn in the corresponding period in 2006 .",1,0.85189736
Payment of shares shall be effected on subscription .,"( ADP News ) - Feb 11 , 2009 - Finnish management software solutions provider Ixonos Oyj ( HEL : XNS1V ) said today its net profit rose to EUR 3.5 million ( USD 4.5 m ) for 2008 from EUR 3.1 million for 2007 .",0,0.2563661
The new factory working model and reorganisations would decrease Nokian Tyres ' costs in the factory by EUR 30 million ( USD 38.7 m ) .,Combining this deep domain expertise with our Application Service Management ASM and outsourcing service offerings has now proved to be a winning combination .,1,0.2485567
"Aldata Solution , a global company engaged in supplier to consumer business process optimization , has announced the details of its Dollars for Dinosaurs program .",The company confirmed its estimate for lower revenue for the whole 2009 than the year-ago EUR93 .9 m as given in the interim report on 5 August 2009 .,0,0.35255703
"The Samsung Mobile Applications Store was launched in January 2009 by Samsung Mobile Innovator , a program which enables mobile software developers to create applications for use across Samsung mobile devices .","SDM offers general rental equipment , aluminium scaffolding , power generator and hoists to customers in the construction sector .",1,0.37075728
"Operating profit totalled EUR 9.0 mn , down from EUR 9.7 mn in the first half of 2008 .","The acquired business main asset is a mobile authentication and signing solution , branded as Tectia MobileID , which provides authentication to web e-mail , SSL-VPN , MS SharePoint , Tectia Secure Solutions and other applications and resources .",0,0.20226634
Finnair 's total traffic decreased by 8.7 % in terms of revenue passenger kilometres .,Operating loss totaled EUR 25mn compared to a profit of EUR 63mn in the corresponding period in 2005 .,1,0.6851576
"`` This is a significant milestone for Benefon , helping us to secure critical USP 's for our personal navigation product roadmap for 2007 and beyond , '' commented Simon Button , Chief Technology Officer at Benefon .","Shareholder 's full name and ID code : - Petri Ailus , born 15.9.1966 For further information , please contact Isto Hantila , CEO , tel. +358 9 591 8342 .",0,0.51133156
"According to HKScan Finland , the plan is to increase J+ñrvi-Suomen Portti 's net sales to EUR 80mn to EUR 100mn .","Earnings per share ( EPS ) were EUR0 .03 , up from the loss of EUR0 .083 .",1,0.6492276
"Comparable operating profit totaled EUR 4.7 mn , down from EUR 5.1 mn in the corresponding period in 2005 , representing 7.4 % of net sales .","Turun kaupunkin , Finland based company has awarded contract to Lemminkainen Talotekniikka Oy for electrical installation work .",0,0.24916747
Prices and delivery volumes of broadband products decreased significantly in 2005 .,"Budapest , August 10 MTI - Finnish electronics maker Elcoteq will lay off 700 workers at its plants in Pecs S Hungary at the end of September because of falling orders , communications director for Elcoteq 's local unit , Zoltan Krippl told MTI on Monday .",1,0.5813045
"Addus ' services include personal care and assistance with activities of daily living , skilled nursing and rehabilitative therapies , and adult day care .",`` Our customer has been satisfied with Basware Invoice Automation solution and extends the implementation to new geographies .,0,0.48616582
The value of this kind of order amounts usually between Euro 2 and 3 million .,"The total restructuring costs are expected to be about EUR 30mn , of which EUR 13.5 mn was booked in December 2008 .",1,0.69432545
Diluted earnings per share ( EPS ) stood at EUR 0.25 versus EUR 0.42 .,"Investors will continue being interested in the company 's share although it is not quite cheap , Affarsvarlden said .",0,0.29250687
"The final price will be specified by 14 May 2010 , the acquiring company said .",The new name of the Sanoma Division will be Sanoma News .,1,0.5201671
UPM stock fell 3 percent to EURO 12.49 $ 17.24 in early afternoon trading in Helsinki .,"Advertising and circulation revenues grew by 3.4 % and by 0.4 % , respectively .",0,0.4997537
"Global sports equipment maker Amer Sports Corp. , whose brands include Atomic , Salomon and Wilson , saw a 64 percent increase in third-quarter net profit to EURO 47.4 million $ 65 million on strong sales and cost cuts .",`` The combined activities will create value for shareholders and be good for our employees and customers .,1,0.36908716
Aker Yards Finland will begin using Chinese subcontractors at its Finnish shipyards .,Finnish KCI Konecranes has raised its net sales growth estimate for 2006 from over 25 % to over 35 % .,0,0.4007654
"Operating loss totalled EUR 4.0 mn , compared to a profit of EUR 8.6 mn in the second quarter of 2008 .","However , the orders received during the period under review fell by 17 % quarter-on-quarter from the EUR 213 million recorded in the second quarter of 2010 .",1,0.85139585
"Earnings per share ( EPS ) amounted to EUR1 .37 , down from EUR2 .30 .","May 29 , 2010 ( CompaniesandMarkets.com delivered by Newstex ) -- This report provides key data and information on the meat , fish and poultry market in Finland .",0,0.35594553
Operating profit was EUR 1.6 mn in 2005 compared to EUR 5.9 mn in 2004 .,"At 1411 CET , ArcelorMittal had lost 7.26 % to EUR 17.38 on Euronext Paris , coming at the lead of the blue-chip fallers .",1,0.6813984
"The parties have agreed not to disclose the price of the deal , the group said in a press release .",Net sales dropped by 6 % year-on-year to EUR 11.9 million .,0,0.34766996
"The Polish business employs about 1,000 people , and it had net sales of about EUR 70mn in 2007 .",The forecast for 2012 is 3.3 % .,1,0.50116676
The situation of coated magazine printing paper will continue to be weak .,"The copying , republication or redistribution of AFX News Content , including by framing or similar means , is expressly prohibited without the prior written consent of AFX News .",0,0.43550432
"In Middle East & North Africa , Tecnotree has grown considerably in the recent years .","Lithuanian beer makers sold 256.88 million liters of beer in 2005 , a rise of 4.5 per cent from the year-earlier figure of 245.92 million liters .",1,0.52703816
"Finnish Exel Composites , a technology company that designs , manufactures , and markets composite profiles and tubes for various industrial applications , reports its net sales decreased by 0.6 % in the second quarter of 2010 to EUR 19.2 mn from EUR 19.3 mn in the corresponding period in 2009 .",Operating profit rose to 22.1 mln eur from 19.9 mln .,0,0.54939586
The fair value of the company 's investment properties grew to EUR 2.803 billion at the end of March 2009 from EUR 2.691 million a year ago .,It also said its third quarter diluted EPS came in at 0.34 eur compared with 0.16 eur in the same quarter a year ago .,1,0.59298503
LONDON MarketWatch -- Nokia nok said it 's won a five-year services contract to run Hutchison Essar 's network operations in nine locations in India .,"Sales in Finland decreased by 10.5 % in January , while sales outside Finland dropped by 17 % .",0,0.477831
"Meanwhile , Alfa owns 25.1 % of MegaFon through Altimo , and 4.99 % of Turkcell via an 18.5 % stake in Cukurova Holding .","Componenta has production lines for similar-sized products at Karkkila in Finland , at Weert in the Netherlands and at Orhangazi in Turkey , and these had a combined output of approximately 100,000 tonnes and net sales of EUR 135 million in 2007 .",1,0.7270762
"The train is expected to cross the Russian territory in 9 days , reaching the Vostochny port .",The company moved to an operating profit of EUR10 .9 m versus an operating loss of EUR15 .3 m. It also turned to EPS of EUR0 .08 versus loss per share of EUR0 .04 .,0,0.49825794
"Goodwill and other intangible assets account for some 2.0 mln euro ( $ 2.6 mln ) of the purchase price , 20 pct of which payable in Aspo shares .",Ponsse will divide its sales and maintenance service network into six geographical areas .,1,0.35938686
"Both operating profit and net sales for the three-month period increased , respectively from EUR15 .1 m and EUR131 .5 m , as compared to the corresponding period in 2005 .",The value of the contract is in total USD12m .,0,0.6004573
"Profit for the period was EUR 10.9 mn , down from EUR 14.3 mn in 2009 .",Market share decreased on the route between Helsinki in Finland and Tallinn in Estonia by 0.1 percentage points to 24.8 % .,1,0.71351534
Net sales revenue per passenger is expected to increase .,"The Company operates through four principal divisions : Consumer Packaging ; Office Papers ; Speciality Papers , as well as Market Pulp and Energy .",0,0.19286671
Glaston 's net profit for the third quarter of 2007 dropped to 2.4 mln euro ( $ 3.5 mln ) from 3.5 mln euro ( $ 5.1 mln ) for the corresponding period of 2006 .,"Finnish plumbing and heating systems supplier Uponor 's net sales from continuing operations decreased by 9.4 % in 2008 to EUR 949.2 mn from EUR 1,047.4 mn in 2007 .",1,0.853526
"Operating profit totalled EUR 9.0 mn , down from EUR 9.7 mn in the first half of 2008 .",Operating profit rose to 22.1 mln eur from 19.9 mln .,0,0.8005158
The report will be emailed within 2 business days of an order .,Changes to the as-built models from the design were communicated to the subcontractors to accommodate them into the steel and GRC glass reinforced concrete fabrication process .,1,0.3555608
"Finnish broadband data communication systems provider Teleste Oyj HEL : TLT1V said yesterday it returned to a net profit of EUR 2.7 million USD 3.8 m for the first nine months of 2010 versus a net loss of EUR 579,000 for the same period of 2009 .","The authorisation is in force until the end of the next Annual General Meeting and repeals the authorisation to acquire own shares given by the General Meeting held on April 4 , 2007 .",0,0.598042
The Swedish subsidiary holds 1.0 % net smelter return `` NSR '' royalties over two advanced copper projects in northern Sweden - the Viscaria and Adak Projects - being developed by Avalon Minerals Ltd. ASX : AVI .,"The Internal Revenue Service sees about 20 percent of all taxpayers wait until the last two weeks to file , with about 40 million returns filed in April .",1,0.54865205
The Group 's order portfolio decreased from EUR 42.9 mn in 9-2007 to EUR 33.3 mn in 2-2008 .,"Russian export duties will activate harvesting in Finland , and sales in Russia will increase also .",0,0.1773738
The real estate company posted a net loss of +ó  x201a -¼ 59.3 million +ó  x201a -¼ 0.21 per share compared with a net profit of +ó  x201a -¼ 31 million +ó  x201a -¼ 0.11 per share for the corresponding quarter of 2007 .,Finnish media company Talentum Oyj 's net profit decreased to 2.5 mln euro ( $ 4.0 mln ) for the first quarter of 2008 from 3.0 mln euro ( $ 4.7 mln ) for the same period of 2007 .,1,0.8689075
"However , sales volumes in the food industry are expected to remain at relatively good levels in Finland and in Scandinavia , Atria said .",Orion 's net profit for the third quarter of 2007 decreased to 36.5 mln euro ( $ 52.1 mln ) from 40.3 mln euro ( $ 57.5 mln ) a year earlier .,0,0.36475244
"In the fourth quarter of 2008 , net sales increased by 2 % to EUR 1,050.7 mn from EUR 1,027.0 mn in the fourth quarter of 2007 .",Ponsse projects the forest machine markets to improve more than expected in 2010 from the previous year .,1,0.7026447
"To check them out or to make a bid they will be in the Deka Showroom , Fortitude Valley .","Finnish software developer Basware Oyj said on November 30 , 2006 its U.S. subsidiary Basware , Inc. won an order to provide software for contract lifecycle management to an unnamed U.S. medical technology company .",0,0.47289407
"HELSINKI ( AFX ) - Nokian Tyres reported a fourth quarter pretax profit of 61.5 mln eur , up from 48.6 mln on the back of strong sales .",Operating profit rose from EUR 1.94 mn to EUR 2.45 mn .,1,0.7644974
"( ADP News ) - Oct 29 , 2008 - Finnish lifting equipment maker Konecranes Oyj ( OMX : KCR1V ) said today that its net profit rose to EUR 116.6 million ( USD 149.1 m ) in the first nine months of 2008 from EUR 73.6 million for the s","Maggie Ramsey 's wait - and those of thousands of Oregon and Washington guides , anglers and others who flock to his frequent seminars - is nearly over .",0,0.44132602
Operating profit improved to EUR 20.3 mn from EUR 11.4 mn .,"In the second quarter of 2010 , the group 's net profit rose to EUR 3.1 million from EUR 2.5 million in April-June 2009 .",1,0.77499056
"Finnish Bank of +àland reports operating profit of EUR 2.2 mn in the first quarter of 2010 , down from EUR 6.3 mn in the corresponding period in 2009 .","The acquired business main asset is a mobile authentication and signing solution , branded as Tectia MobileID , which provides authentication to web e-mail , SSL-VPN , MS SharePoint , Tectia Secure Solutions and other applications and resources .",0,0.26349878
"Finnish construction company YIT Oyj said on November 13 , 2007 it won a 70 mln euro $ 102.8 mln contract to construct the new office building for local property company Tapiola Real Estate Oy .","In Sweden , operating profit for the period under review totaled EUR 3.4 mn , up 30.8 % from the corresponding period in 2005 .",1,0.635377
Revenue in the quarter fell 8 percent to ( EURO ) 2.4 billion compared to a year earlier .,Curators have divided their material into eight themes .,0,0.5292319
"The Lithuanian beer market made up 14.41 million liters in January , a rise of 0.8 percent from the year-earlier figure , the Lithuanian Brewers ' Association reporting citing the results from its members .","( ADP News ) - Sep 30 , 2008 - Finnish security and privacy software solutions developer Stonesoft Oyj said today that it won a USD 1.9 million ( EUR 1.3 m ) order to deliver its StoneGate network security products to an unnamed Russian te",1,0.6188836
"However , the proportion of the paid standing orders grew in 2009 .","Its annual capacity is some 10,000 MW .",0,0.6310227
"The Finnish government announced Wednesday that it sold a 32 percent stake in chemicals and fertilizer group Kemira Oyj for (  x20ac ) 655.6 million ( $ 890US million ) , sending the company 's share price up 6 percent .",Olvi expects sales and market share to increase in the first quarter of 2010 .,1,0.50182253
The agreement is valid for four years .,"ADPnews - Aug 3 , 2009 - Finnish media group Ilkka-Yhtyma Oyj HEL : ILK2S said today its net profit fell 45 % on the year to EUR 5.9 million USD 8.4 m in the first half of 2009 .",0,0.40084794
"Componenta has production lines for similar-sized products at Karkkila in Finland , at Weert in the Netherlands and at Orhangazi in Turkey , and these had a combined output of approximately 100,000 tonnes and net sales of EUR 135 million in 2007 .",Mr. Doring has been with Eaton since 1989 and acted as the Business Unit Manager for Eaton 's Power Controls Business Unit since January 2007 .,1,0.60365206
Comparable operating profit decreased to EUR 13.8 mn from EUR 17.1 mn in the corresponding period in 2005 .,The value of this kind of order amounts usually between Euro 2 and 3 million .,0,0.560124
"The operations to be sold include manufacturing units in Finland , France , Poland and Turkey , as well as sales units in Germany and Lithuania .","Rockwell Collins is a provider of flight deck , cabin and information management solutions for business aircraft operators .",1,0.521164
"Construction work on the Helsinki Music Centre is to start this autumn , with the total cost of the project estimated at 140 million euros .","20 October 2010 - Finnish environmental management company Lassila & Tikanoja Oyj HEL : LAT1V , or L&T , said Monday it expects its operating profit , excluding non-recurring items , for the whole 2010 to be slightly lower than in 2009 .",0,0.56322956
The Group 's order portfolio decreased from EUR 42.9 mn in 9-2007 to EUR 33.3 mn in 2-2008 .,Salonen added that data shows producers ' pulp inventories in North America are declining . ',1,0.7723028
Sales in Finland rose by 3.9 % and international growth was 0.7 % .,"Finnish electronics contract manufacturer Scanfil had net sales of EUR 52.2 mn in the first quarter of 2007 , down from EUR 60.1 mn a year before .",0,0.7980807
"It generated an operating loss of EUR 96.3 mn , down from a profit of EUR 43.9 mn .","Commission income decreased to EUR 3.8 mn , compared to EUR 4.6 mn in the third quarter of 2007 .",1,0.8340914
"Den Bosch-based TomTom is Europe 's largest maker of automotive navigation devices , while Cayman Islands-based Garmin is larger in the U.S. and overall .","In January-November 2009 , the group 's sales totalled EUR 7,801.7 mn , which was a drop of 12.6 % from the same period of 2008 .",0,0.43868178
Pharmaceutical market in Belgium Global Research & Data Services published recently a market analysis about the pharmaceutical markets in Belgium .,"Besides , as there is no depositor preference in Finland , senior debt and deposits rank on a par , which is also taken into consideration , the agency added .",1,0.427047
"However , the company saw its net profit for the third quarter down to EUR 1.4 million from EUR 1.5 million for the corresponding period of 2009 .","26 January 2011 - Finnish metal products company Componenta Oyj ( HEL : CTH1V ) said yesterday its net loss narrowed to EUR500 ,000 in the last quarter of 2010 from EUR5 .3 m for the same period a year earlier .",0,0.8451177
"Cargotec Corporation , Press Release , August 26 , 2008 at 10 a.m. Finnish time Cargotec 's MacGREGOR business area providing marine cargo handling and offshore load handling solutions has received significant offshore crane retrofit order .",This new partnership agreement represents a significant milestone for both parties .,1,0.4174776
"`` BasWare 's product sales grew strongly in the financial period , by 24 percent .","The reorganisation will be carried out by transferring HKScan Corporation 's production-related property , plant and equipment in Finland as well as its holdings in subsidiaries and associates to HKScan Finland Oy , a holding company wholly owned by HKScan Corporation .",0,0.25836456
The maximum number of new shares to be offered is 22 million .,Competition authorities will have to approve the deal before it can be finalized .,1,0.30620578
"Insurer Axa ( PAR : CS ) slid by 5.35 % to EUR 14.15 , after Citigroup and ING slashed their targets on the stock .","As part of the transaction , M-real and Sappi have also signed a long-term agreement on the supply of pulp and BCTMP and other smaller services and supplies .",0,0.21552114
Financing of the project will come mainly from China .,The event can also be viewed as a live webcast at www.cargotec.com .,1,0.2343277
Operating profit rose to EUR2 .4 m from EUR1 .6 m year earlier .,`` It wo n't happen overnight .,0,0.17197135
"ADP News - Feb 25 , 2009 - Finnish printed circuit board PCB maker Aspocomp Group Oyj HEL : ACG1V said today it swung to a net profit of EUR 300,000 USD 385,000 for 2008 versus a net loss of EUR 65.3 million","Nokia Multimedia 's net sales totaled EUR 5.7 bn , up 45 % from the corresponding period in 2005 .",1,0.6920936
Net sales surged by 30 % to EUR 36 million .,"The RME from Telcontar enables the handset to calculate the best route and includes support for user-defined routes , feature navigability and multi-modal routing such as via foot and ferry .",0,0.30573848
Sales have risen in other export markets .,"OUTOTEC OYJ PRESS RELEASE , FEBRUARY 19 , 2008 AT 11.00 AM Outotec has won two large minerals processing technology orders from Mirabela Mineracao do Brasil Ltda , Brazil and from Cumerio Med JSCo , Bulgaria .",1,0.2984128
"BAVARIA Industriekapital AG 's 2006 revenues were EUR 333 million , with an EBITDA of EUR 51 million .",The company also said that in Poland a profitability program has been launched at the Oborniki steel frame and sandwich panel plant .,0,0.39609227
Technopolis has approximately 130 customer companies in Jyvaskyla .,The EUR 0.7 million non-recurring expenses have been recorded for the third quarter .,1,0.35857576
Sales increased due to growing market rates and increased operations .,"Following the registration , the share capital of Biotie is EUR 52,556,678.10 .",0,0.25624776
The exercise originated in Finland in the early 1930s as a training method for cross-country skiers .,Incap Contract Manufacturing is a subsidiary of Incap Corporation of Finland .,1,0.454108
"The offer price is $ 35 million , including cash of $ 10 million as net debt assumption of FACE , and $ 20 million worth of Cencorp shares to be issued to Savcor .",- Net sales for the period are expected to fall well below that of last year and the result after non-recurring items is expected to be in the red .,0,0.56741285
"( ADP News ) - Feb 6 , 2009 - Finnish fishing tackle company Rapala VMC Corp ( HEL : RAP1V ) said today its net profit rose to EUR 19.2 million ( USD 24.6 m ) for 2008 from EUR 17.5 million for 2007 .",It also said its third quarter diluted EPS came in at 0.34 eur compared with 0.16 eur in the same quarter a year ago .,1,0.59076583
"At the end of March 2007 , the group 's order book was at EUR 39.6 mn , up 42 % from the corresponding period in 2006 .","Shareholder 's full name and ID code : - Petri Ailus , born 15.9.1966 For further information , please contact Isto Hantila , CEO , tel. +358 9 591 8342 .",0,0.49097526
"In January-September 2007 , the group 's net sales from continuing operations rose to EUR 213.1 mn from EUR 172.6 mn in the corresponding period in 2006 .",Operating profit rose from EUR 1.94 mn to EUR 2.45 mn .,1,0.7749227
"Operating loss totaled EUR 0.8 mn , compared to a profit of EUR 0.5 mn .","( ADP News ) - Feb 9 , 2009 - Finnish computer services company Proha Oyj ( HEL : ART1V ) said today its net loss narrowed to EUR 113,000 ( USD 146,000 ) for 2008 from EUR 1.2 million for 2007 .",0,0.6819103
Closing of such transaction took place today .,"The company designs , manufactures and markets advanced composite products for industrial applications and consumer goods such as cross-country , alpine and Nordic Walking poles , floorball sticks and antenna radomes .",1,0.0722104
The Financial Statements and Interim Reports will be released around at 9.00 a.m. ( Finnish time ) on the given dates .,Finnish investment group Norvestia Oyj said its net profit fell to 23.5 mln euro $ 30.6 mln in 2006 from 33.5 mln euro $ 43.6 mln in 2005 .,0,0.38057557
M. and a Master of Business Administration MBA .,"As much biomass will be used as can be sourced locally , with the rest of the plant 's fuel needs met by peat .",1,0.22074912
"The company 's profit totaled Ls 578,100 in H1 2007 , down 30.9 % year-on-year .","The connectivity unit has more than 100 e-invoice customers , and the number of annual transactions stands at nearly one million .",0,0.67065406
The Moscow Metro ( www.mosmetro.ru ) was the first metro system in Europe to implement smart cards together with a new type of magnetic card in 1998 .,"As part of the reorganization , Kauko-Telko Ltd will be divided into Telko Ltd , Leipurin Ltd , Hamina Terminal Services Ltd and Kaukomarkkinat Ltd. .",1,0.43235666
"Department store sales improved by 14 % to EUR 1,070.6 mn .",The deal is subject to approval by the Norwegian competition authorities .,0,0.34117854
Prices and delivery volumes of broadband products decreased significantly in 2005 .,"Frost sold shares for $ 19 million at $ 6.06-7 .12 per share , compared with Friday 's high of $ 11.33 and low of $ 10.14 .",1,0.5300196
UPM stock fell 3 percent to EURO 12.49 $ 17.24 in early afternoon trading in Helsinki .,Number of offers received for this contract is two .,0,0.2881288
"In April-June 2008 , Scanfil 's net sales totalled EUR 58.7 mn and operating profit EUR 6.6 mn .",Nordstjernan has used its option to buy another 22.4 % stake of Salcomp 's shares and votes .,1,0.5710548
Net sales decreased to EUR 220.5 mn from EUR 470.0 mn in the corresponding period in 2009 .,The webcast may be followed online on the company website at www.ruukki.com/investors .,0,0.18665755
Finnish publishing and printing group Ilkka-Yhtym+ñ will introduced a staff smoking ban as of the beginning of 2007 at the company 's three newspapers .,"Tecnomen 's solution can be used for prepaid and post-paid billing , for charging and rating of voice and video calls , data traffic and any kind of content services in both mobile and fixed networks .",1,0.23813345
"Operating profit for the three-month period increased from EUR1 .2 m , while revenue increased from EUR20 .2 m , as compared to the corresponding period in 2005 .",Finnish business software group AffectoGenimap Oyj said its net profit halved to 1.2 mln euro ( $ 1.5 mln ) in the first nine months of 2006 from 2.2 mln euro ( $ 2.8 mln ) in the same period of 2005 .,0,0.7530672
"Kesko has about 2,000 stores engaged in chain operations in the Nordic and Baltic countries , Russia , and Belarus .",The deal means that ten persons in three countries will transfer to Tieto .,1,0.49353814
"Sales in Finland decreased by 2.0 % , and international sales decreased by 9.3 % in terms of euros , and by 15.1 % in terms of local currencies .",In the meantime the CEO 's duties will be assumed by Outotec 's Deputy CEO Seppo Rantakari .,0,0.23110294
"According to Finnair Technical Services , the measure is above all due to the employment situation .","Mercator will use the software for its logistic , retail and wholesale operations in Slovenia and its other markets in southeastern Europe .",1,0.31471634
The move was triggered by weak demand for forestry equipment and the uncertain market situation .,"In Middle East & North Africa , Tecnotree has grown considerably in the recent years .",0,0.1870806
"In the Baltic countries , sales fell by 42.6 % .",Earnings per share ( EPS ) dropped to EUR 0.21 from EUR 0.31 .,1,0.77914035
"The start of the negotiations , relating to Glaston 's efficiency program , was announced in October .","The company 's profit before taxes fell to EUR 21.1 mn in the third quarter of 2008 , compared to EUR 35.8 mn in the corresponding period in 2007 .",0,0.47657573
Affecto expects its net sales for the whole 2010 to increase from the 2009 level when they reached EUR 103 million .,Net sales of Finnish food industry company L+ñnnen Tehtaat 's continuing operations increased by 13 % in 2008 to EUR 349.1 mn from EUR 309.6 mn in 2007 .,1,0.75677115
Financial terms were not disclosed .,"Finnish Bank of +àland reports operating profit of EUR 2.2 mn in the first quarter of 2010 , down from EUR 6.3 mn in the corresponding period in 2009 .",0,0.17310806
"Net sales of Kyro 's main business area , Glaston Technologies , a manufacturer of glass processing machines , decreased to EUR 161.5 mn from EUR 164.1 mn in January-September 2005 .","Finnish Suominen Corporation that makes wipes , nonwovens , and flexible packaging , expects changes in the market situation to reduce sales of Suominen 's nonwovens and wet wipes from the previously estimated volumes .",1,0.59640944
"In January-September 2007 , Finnlines ' net sales rose to EUR 505.4 mn from EUR 473.5 mn in the corresponding period in 2006 .",L&T 's net profit for the whole 2010 dropped to EUR 36 million from EUR 45 million for 2009 .,0,0.65740293
Finnish handling systems company Cargotec Oyj ( HEL : CGCBV ) said today that it won a EUR 13 million ( USD 16.6 m ) contract to deliver MacGregor hatch covers for ships ordered by Norwegian shipowner Grieg Shipping .,Clothing chain Sepp+ñl+ñ 's net sales increased by 7.0 % to EUR 30.8 mn .,1,0.45559108
"Making matters more difficult , the company said it has been grappling with higher oil and gas prices , which have pushed up the cost of energy , raw materials and transportation .","In December alone , the members of the Lithuanian Brewers ' Association sold a total of 20.3 million liters of beer , an increase of 1.9 percent from the sales of 19.92 million liters in December 2004 .",0,0.38672948
"Investors will continue being interested in the company 's share although it is not quite cheap , Affarsvarlden said .",The EPS improved to EUR0 .38 from EUR0 .27 .,1,0.4844175
Net profit fell by almost half to +é 5.5 million from +é 9.4 million at the end of 2007 .,`` The combined activities will create value for shareholders and be good for our employees and customers .,0,0.13567388
"According to Finnish Scanfil 's founder and chairman of the board , Jorma J. Takanen , the company has to look for growth abroad .","Aldata Solution , a global company engaged in supplier to consumer business process optimization , has announced the details of its Dollars for Dinosaurs program .",1,0.53904164
"Both operating profit and net sales for the 12-month period increased , respectively from EUR20 .8 m and EUR177 .7 m , as compared to the financial year 2004 .",SRV lowered its net sales estimate for the whole of 2008 due to uncertainties in housing sales .,0,0.51019955
"The market value of one crane is some USD6m , reported the Finnish news agency STT .","The Polish business employs about 1,000 people , and it had net sales of about EUR 70mn in 2007 .",1,0.679976
"F-Secure Internet Security 2010 is a security service for surfing the web , online banking and shopping , e-mail , and other online activities .",Diluted EPS rose to EUR3 .68 from EUR0 .50 .,0,0.2448037
"In 2007 Talentum will disclose three Interim Reports - Q1 ( January - March ) on Friday , 27 April , 2007 - Q2 ( April - June ) on Friday , 20 July , 2007 - Q3 ( July - September ) on Friday , 26 October , 2007 .","Boomeranger Boats Oy specialises in boat building and designs , manufactures and sells customised Rigid Inflatable Boats RIB primarily for the Baltic Sea market .",1,0.30819285
"Full-year net sales are expected to increase by approximately 10 % , the company said .",Stora Enso Oyj said its second-quarter result would fall by half compared with the same period in 2007 .,0,0.47815645
The power generated annually by Loviisa covers about 10 % of Finland 's electricity consumption .,"May 29 , 2010 ( CompaniesandMarkets.com delivered by Newstex ) -- This report provides key data and information on the meat , fish and poultry market in Finland .",1,0.4333892
"Department store sales improved by 14 % to EUR 1,070.6 mn .",The value of the contract is in total USD12m .,0,0.55344224
LONDON MarketWatch -- Nokia nok said it 's won a five-year services contract to run Hutchison Essar 's network operations in nine locations in India .,"Net sales totaled EUR 93.6 mn , up from EUR 93.2 mn in the corresponding period in 2005 .",1,0.5902841
"On 25 August 2009 , Sampo 's stake in Nordea was 19.45 % .","ADP News - Feb 25 , 2009 - Finnish printed circuit board PCB maker Aspocomp Group Oyj HEL : ACG1V said today it swung to a net profit of EUR 300,000 USD 385,000 for 2008 versus a net loss of EUR 65.3 million",0,0.6614902
The real estate company posted a net loss of +ó  x201a -¼ 59.3 million +ó  x201a -¼ 0.21 per share compared with a net profit of +ó  x201a -¼ 31 million +ó  x201a -¼ 0.11 per share for the corresponding quarter of 2007 .,"Profit before taxes decreased by 9 % to EUR 187.8 mn in the first nine months of 2008 , compared to EUR 207.1 mn a year earlier .",1,0.8445742
The invention carries International Patent Publication No. .,"In Q1 of 2010 , Bank of +àland 's net interest income increased from EUR 9.1 mn to EUR 9.7 mn .",0,0.30896503
"The company will publish its financial statement for 2008 on February 25 , 2009 .",The adjustments concern staff in both the Specialty Papers and the Fiber Composites segments .,1,0.34894684
"Earnings per share for the quarter were also higher year-on-year at 0.33 eur versus 0.27 , and above market expectations of 0.28 eur .","Seven-month sales of Ragutis , which is controlled by the Finnish brewery Olvi , declined by 11.2 percent , to 15.41 million liters , and the company held 9.89 percent of the market .",0,0.6221941
The report contains category level company and brand share as well as distribution share information for 2007 and 2008 .,"The share capital of Alma Media Corporation (business ID 1944757-4)is EUR 45,031,513.80 and it is divided into 75,052,523 shares .",1,0.53544986
"In the fourth quarter of 2008 , net sales decreased to EUR 121.4 mn from EUR 165.5 mn in the fourth quarter of 2007 .",The acquisition will have an immediate positive impact on Aspocomp 's financial result .,0,0.16948742
Finnish KCI Konecranes has raised its net sales growth estimate for 2006 from over 25 % to over 35 % .,"( ADP News ) - Feb 11 , 2009 - Finnish management software solutions provider Ixonos Oyj ( HEL : XNS1V ) said today its net profit rose to EUR 3.5 million ( USD 4.5 m ) for 2008 from EUR 3.1 million for 2007 .",1,0.811905
"Net sales of Kyro 's main business area , Glaston Technologies , a manufacturer of glass processing machines , decreased to EUR 161.5 mn from EUR 164.1 mn in January-September 2005 .","Operating profit totalled EUR 0.4 mn , up from an operating loss of EUR 0.8 mn year-on-year .",0,0.7395849
"Operating loss totalled EUR 0.9 mn , down from a profit of EUR 2.7 mn .","Tallink Silja attributes the significant drop to problems with the booking system that was taken into operation in October , the sale of trailer ferry ` Sky Wind ' and the route between Stockholm and Riga , which has won passengers from the Helsinki-Stockholm route .",1,0.56037647
Elcoteq SE is listed on the Nasdaq OMX Helsinki Ltd. .,"Operating profit totalled EUR 30.2 mn , down from EUR 43.8 mn a year earlier .",0,0.33565763
"Net profit in the three months through March 31 fell to (  x20ac ) 103 million ( US$ 165 million ) from (  x20ac ) 131 million a year earlier , the Finnish company said .","Qualcomm estimated a first-quarter profit between 46 and 50 cents a share , excluding certain items , below the analyst estimate of 61 cents a share .",1,0.6289945
"The sale will be finalized in September or October , the company said .","Full-year net sales are expected to increase by approximately 10 % , the company said .",0,0.43177897
The transaction is planned to be financed with a EUR40m market-based loan granted by Standard Chartered Bank Hong Kong .,"Ahlstrom Corporation STOCK EXCHANGE ANNOUNCEMENT 23.4.2007 Ahlstrom Corporation will publish its first quarter financial results 2007 on Friday , April 27 , 2007 approximately at 8.30 a.m. Finnish time .",1,0.53822386
Net sales have been eaten by the weak US dollar .,"Ragutis , which is controlled by the Finnish brewery , reported a 5.4-per-cent rise in beer sales to 10.44 million litres and held an 11.09-per-cent market share .",0,0.35484254
"Simmons Elected DCUC Chairman PORTSMOUTH , N.H.-Gordon A. Simmons , CEO of Service Credit Union , has been elected chairman of the Defense Credit Union Council for the 2007-2008 term .",The sales price was not disclosed .,1,0.13114384
The project is expected to be completed in 2009 .,"Operating profit was EUR 0.6 mn , up from a loss of EUR 19mn a year earlier .",0,0.38411355
down to EUR5 .9 m H1 '09 3 August 2009 - Finnish media group Ilkka-Yhtyma Oyj ( HEL : ILK2S ) said today its net profit fell 45 % on the year to EUR5 .9 m in the first half of 2009 .,"ADP News - Feb 13 , 2009 - Finnish retailer Kesko Oyj HEL : KESBV said today its total sales , excluding value added tax VAT , stood at EUR 661.3 million USD 853.1 m in January 2009 , down 15.2 % year-on-yea",1,0.84103286
Operating profit for continuing operations fell to EUR 48.3 mn from EUR 72.4 mn in the first half of 2007 .,Operating profit rose to EUR 4.7 mn from EUR 3.6 mn .,0,0.78023905
The move was triggered by weak demand for forestry equipment and the uncertain market situation .,"Finnish management software solutions provider Ixonos Oyj net profit decreased to 369,000 euro ( $ 575,000 ) for the first quarter of 2008 from 669,000 euro ( $ 1.0 mln ) for the same period of 2007 .",1,0.4524906
"Pretax loss totalled EUR 49.9 mn , compared to a loss of EUR 15.4 mn in the corresponding period in 2008 .","Jensen , Njastein and Mike Critch , the head of Dovre North America business unit , will report to Toivola .",0,0.31469706
The company will release its 2010 results on 11 February 2011 .,"`` We have come out with a decision which is based on our preliminary economic , operational and environmental findings , '' Karvinen said .",1,0.47834563
Rubin says he expects Capman to announce 1-2 additional transactions in 2009 .,SKF 6 April 2010 - Alandsbanken has given a `` buy '' recommendation on Swedish industrial company SKF AB ( STO : SKF B ) with a share price target of SEK150 .,0,0.6484673
Earnings per share were higher at 0.48 against 0.37 a year before and ahead of market consensus of 0.40 eur .,"In the second quarter of 2010 , the group 's net profit rose to EUR 3.1 million from EUR 2.5 million in April-June 2009 .",1,0.8217773
"ADP News - Feb 13 , 2009 - Finnish retailer Kesko Oyj HEL : KESBV said today its total sales , excluding value added tax VAT , stood at EUR 661.3 million USD 853.1 m in January 2009 , down 15.2 % year-on-yea","Den Bosch-based TomTom is Europe 's largest maker of automotive navigation devices , while Cayman Islands-based Garmin is larger in the U.S. and overall .",0,0.52169
Net sales in 2007 are expected to be 10 % up on 2006 .,"The company 's net profit amounted to EE 55.5 mn , which was 36 % more than in 2004 .",1,0.6316841
Finnish Bank of +àland reports its operating profit rose to EUR 21.3 mn in the second quarter of 2009 from EUR 6.1 mn in the corresponding period in 2008 .,The company reported today an operating loss of EUR0 .1 m on net sales of EUR4 .5 m for the first quarter 2008 .,0,0.77581966
Finnish Bank of +àland reports its operating profit rose to EUR 21.3 mn in the second quarter of 2009 from EUR 6.1 mn in the corresponding period in 2008 .,Net sales revenue per passenger is expected to increase .,1,0.46708283
"In the fourth quarter of 2009 , Orion 's net profit went up by 33.8 % year-on-year to EUR33m .","UPM-Kymmene Corp. , the world 's largest maker of magazine paper , on Tuesday reported a 19-percent profit drop as lower paper prices , higher costs and a strong euro hurt revenue .",0,0.67806125
LONDON MarketWatch -- Share prices ended lower in London Monday as a rebound in bank stocks failed to offset broader weakness for the FTSE 100 .,Earnings per share ( EPS ) dropped to EUR 0.21 from EUR 0.31 .,1,0.7170783
BM4 middle layer headbox will be equipped with a dilution control system .,Net sales increased to EUR655m in April to June 2010 from EUR438m a year earlier .,0,0.18647899
"For 2009 , net profit was EUR 3 million and the company paid a dividend of EUR 1.30 apiece .",The forecast for 2012 is 3.3 % .,1,0.6896472
"Operating profit surged to EUR21m from EUR106 ,000 .",He is a Chartered Accountant in British Columbia and Alberta as well as a Certified Public Accountant in Washington State .,0,0.32602733
"Therefore , the company 's 2005 result will remain weaker than that of 2004 .",down to EUR5 .9 m H1 '09 3 August 2009 - Finnish media group Ilkka-Yhtyma Oyj ( HEL : ILK2S ) said today its net profit fell 45 % on the year to EUR5 .9 m in the first half of 2009 .,1,0.5699706
Finnish media group Talentum has issued a profit warning .,The value of the firm 's forestry holdings increased by SEK 3.6 bn .,0,0.3808667
"A total of 1,800,000 stock options were issued in the 2003 stock option scheme .",QPR ProcessGuide is available as a system solution with centralized storage and management of process content as well as a standalone desktop version ; QPR ProcessGuide Xpress .,1,0.34162873
"Finnish Sampo Bank , of Danish Danske Bank group , reports profit before taxes of EUR 152.3 mn in 2010 , up from EUR 32.7 mn in 2009 .",The value of the contract is EUR 25mn .,0,0.5553521
Finnish communication electronics components supplier Scanfil Oyj Tuesday said sales in the first half of 2006 will be 15 % lower than during the same period a year ago .,"Operating profit totalled EUR 9.6 mn , down from EUR 42.0 mn the year before .",1,0.79571974
"Sales in Finland decreased by 2.0 % , and international sales decreased by 9.3 % in terms of euros , and by 15.1 % in terms of local currencies .",The company is listed on the Nordic Exchange in Helsinki .,0,0.3500703
"`` The biggest challenge was to make the piece look raw , '' Hansen said .","Unit prices for straddle carriers vary between EUR700 ,000 and EUR900 ,000 , the company added .",1,0.30060166
"Operating margin , however , slipped to 14.4 % from 15.1 % , dragged down by a poor performance in enterprise solutions .","Finnish financial group Aktia reports operating profit of EUR 44.4 mn in January-September 2009 , up from EUR 37.3 mn in the corresponding period in 2008 .",0,0.6150029
"The dividend is payable on February 1 , 2010 to shareholders of record on January 19 , 2010 .","According to Seikku , the retail sector in Finland is controlled by 3-4 large actors , while food manufacturers are still relatively small .",1,0.44151214
"Operating profit , excluding non-recurring items , totalled EUR 2.2 mn , down from EUR 2.7 mn in the corresponding period in 2008 .",Raute said it has won an order worth around 15 mln eur to supply several plywood production lines to mills operated by Russian wood products company Sveza Group .,0,0.4569759
"Profit before taxes decreased by 9 % to EUR 187.8 mn in the first nine months of 2008 , compared to EUR 207.1 mn a year earlier .","Operating profit totalled EUR 1.22 mn , down from EUR 3.56 mn in the first quarter of 2008 .",1,0.8828397
"Revenue for the quarter totaled 27.4 billion , down 2 percent from 28.1 billion in the fourth quarter in 2008 .","Pretax profit totalled EUR 2.0 mn , compared to a loss of EUR 159.2 mn in the fourth quarter of 2008 .",0,0.9183178
"The Company serves approximately 3,000 customers in over 100 countries .",Capital base and capital adequacy measurement is based on approaches under Basel II .,1,0.15124866
Operating profit rose to EUR 3.11 mn from EUR 1.22 mn in the corresponding period in 2009 .,"BasWare is headquartered in Espoo , Finland .",0,0.28941315
"Outotec said it won new orders worth 492.9 mln eur during the quarter , compared with 240.4 mln eur a year earlier .","Previously , EB delivered a custom solution for LG Electronics and now is making it commercially available for other mobile terminal vendors as well as to wireless operators .",1,0.27877986
`` The trend in the sports and leisure markets was favorable in the first months of the year .,The solution will be installed in the USA to support the North American operations of the customer .,0,0.37723327
"Estonia 's Agriculture Minister Helir-Valdor Seeder is in Finland on a two-day visit , in the course of which he will meet with his Finnish counterpart Sirkka-Liisa Anttila .","Foodservice and consumer goods markets are served by approximately 13,000 people in 54 manufacturing units and several sales offices in 33 countries .",1,0.4777546
Operating profit fell from EUR 7.9 mn in the second quarter of 2005 to EUR 5.1 mn in the second quarter of 2006 .,"In the second quarter of 2010 , the group 's net profit rose to EUR3 .1 m from EUR2 .5 m in April-June 2009 .",0,0.7243509
"Mformation and Nokia noted they have established interoperability agreements that cover commercially proven , standards-based management of mobile devices , as well as mobile device security and mobile application management .","Equity ratio was 60.9 % compared to 54.2 % In the third quarter of 2007 , net sales of the Frozen Foods Business totaled EUR 11.0 , up by about 5 % from the third quarter of 2006 .",1,0.21519692
"In the end of 2006 , the number of outlets will rise to 60-70 .","The company is owned by the State of Finland and the European Aeronautic Defense and Space Company EADS N.V. Tekla is an international software company that provides solutions for building and construction , energy distribution and municipalities .",0,0.183785
Net sales revenue per passenger is expected to increase .,The pretax profit of the group 's life insurance business increased to EUR 36 million from EUR 27 million .,1,0.5500461
Castecka said the town hall would hold talks with other investors interested in the zone .,"Budapest , August 10 MTI - Finnish electronics maker Elcoteq will lay off 700 workers at its plants in Pecs S Hungary at the end of September because of falling orders , communications director for Elcoteq 's local unit , Zoltan Krippl told MTI on Monday .",0,0.34522584
"This location makes the mall a convenient place to shop for consumers from three large residential areas nearby : Jaroszowka , Wysockiego and Zgody .",The pretax profit of the group 's life insurance business increased to EUR36m from EUR27m .,1,0.42910847
"The deal includes all rental equipment and related merchandise , the rental contract of the depot and two employees , the company said .","Earnings per share ( EPS ) were EUR0 .03 , up from the loss of EUR0 .083 .",0,0.30005622
"Ahlstrom 's 5,700 employees serve customers via sales offices and production facilities in more than 20 countries on six continents .",Almost two thirds of Olvi 's net sales come from outside Finland .,1,0.5543345
"Operating profit totalled EUR 30.2 mn , down from EUR 43.8 mn a year earlier .","As a result , the company currently anticipates net sales to increase and the operating result to be positive .",0,0.32589063
"Commission income increased by 22 % to EUR 4.4 mn , and lending volume rose by 13.5 % .","Both operating profit and net sales for the three-month period increased , respectively from EUR15 .1 m and EUR131 .5 m , as compared to the corresponding period in 2005 .",1,0.8177408
The company 's market share is continued to increase further .,Relations with the City have been further damaged by comments from Mr Ashley criticising City investors and analysts as `` cry babies '' .,0,0.18284152
"Earnings per share ( EPS ) in the first half of 2007 amounted to EUR0 .29 , down from EUR0 .40 year ago .",Cash Flow from Operations for the most recent quarter also reached a eight year low .,1,0.7421206
A filter is used to pre-process packets to determine if they need to be further processed by the processor of the network device .,It also turned in earnings per share ( EPS ) of EUR 0.44 versus loss per share of EUR 2.26 .,0,0.17839219
"Cash flow from operations totalled EUR 2.71 mn , compared to a negative EUR 0.83 mn in the corresponding period in 2008 .","HELSINKI ( AFX ) - Shares closed higher , led by Nokia after it announced plans to team up with Sanyo to manufacture 3G handsets , and by Nokian Tyres after its fourth-quarter earnings report beat analysts ' expectations , dealers said .",1,0.60508204
"Thus the group 's balance sheet will have about EUR 25.8 million of goodwill , the company added .","With CapMan as a partner , we will be able to further develop our business and continue to focus on providing quality restaurant services for our customers , '' says Christopher Wynne , CEO of Papa John 's Russia .",0,0.43305713
Finnish metal products company Componenta Oyj net profit went slightly down to 25.1 mln euro ( $ 40.2 mln ) for the first half of 2008 from 25.4 mln euro ( $ 40.7 mln ) for the same period of 2007 .,Operating profit fell to EUR 23.26 mn from EUR 32.86 mn .,1,0.83531034
"The financial impact is estimated to be an annual improvement of EUR2 .0 m in the division 's results , as of fiscal year 2008 .","Changes being announced today will be effective after the close of trading on Friday , June 19 , 2009 .",0,0.60617495
"Qualcomm estimated a first-quarter profit between 46 and 50 cents a share , excluding certain items , below the analyst estimate of 61 cents a share .","Net cash flow from operating activities was a negative EUR 3.1 mn , compared to EUR 23.3 mn in the corresponding period in 2009 .",1,0.65128845
Finnish Bank of +àland reports its operating profit rose to EUR 21.3 mn in the second quarter of 2009 from EUR 6.1 mn in the corresponding period in 2008 .,Net profit fell by almost half to +é 5.5 million from +é 9.4 million at the end of 2007 .,0,0.6767763
Commission income fell to EUR 4.6 mn from EUR 5.1 mn in the corresponding period in 2007 .,"The steelmaker said that the drop in profit was explained by the continuing economic uncertainty , mixed with the current drought in bank lending , resulting in a decline in demand for its products as customers find it increasingly difficult to fund operations .",1,0.58976316
"In the fourth quarter of 2009 , Orion 's net profit went up by 33.8 % year-on-year to EUR33m .","Viking will pay EUR 130 million for the new ship , which will be completed in January 2008 .",0,0.62991077
The company also said that in Poland a profitability program has been launched at the Oborniki steel frame and sandwich panel plant .,`` The combined activities will create value for shareholders and be good for our employees and customers .,1,0.48912427
"Operating loss before non-recurring items was EUR 0.9 mn , compared to a profit of EUR 11.5 mn in 2008 .",Vacon 's cash flow from operations grew to EUR 37.1 mn from EUR 21.9 mn a year ago .,0,0.70135814
"Revenue was slightly down , at  x20ac 495 million $ 634 million , compared to  x20ac 497 million a year earlier .",Operating profit fell to EUR 15.1 mn from EUR 24.6 mn in 2006 .,1,0.8070452
The Elcoteq group recently announced that the last three months of the previous year brought to it a major loss of more than half a billion kroons ( EUR 32 mln ) for the fifth quarter running .,The original patent was filed in Finland under application No. .,0,0.20571375
"In this way , the industry 's starting point has been the consumers ' needs .","They can be used to control the speed of electric motors used by industry and municipal engineering , and in power generation using renewable energy .",1,0.43960106
"Operating result showed a loss of EUR 2.9 mn , while a year before , it showed a profit of EUR 0.6 mn .","Mformation and Nokia noted they have established interoperability agreements that cover commercially proven , standards-based management of mobile devices , as well as mobile device security and mobile application management .",0,0.19202185
"In 2007 Talentum will disclose three Interim Reports - Q1 ( January - March ) on Friday , 27 April , 2007 - Q2 ( April - June ) on Friday , 20 July , 2007 - Q3 ( July - September ) on Friday , 26 October , 2007 .","The unit 's clients are mainly in the field of specialist convenience goods , as well as in the textile , shoe and furniture businesses .",1,0.24649654
"Previously , the company anticipated its operating profit to improve over the same period .",The value of the deal was not disclosed .,0,0.27873605
Operating profit for continuing operations fell to EUR 48.3 mn from EUR 72.4 mn in the first half of 2007 .,Comparable operating profit decreased to EUR 13.8 mn from EUR 17.1 mn in the corresponding period in 2005 .,1,0.8622602
"Operating margin , however , slipped to 14.4 % from 15.1 % , dragged down by a poor performance in enterprise solutions .","In August-October 2010 , the company 's result before taxes totalled EUR 9.6 mn , up from EUR 0.5 mn in the corresponding period in 2009 .",0,0.5724759
"The company 's net profit rose 11.4 % on the year to 82.2 million euros in 2005 on sales of 686.5 million euros , 13.8 % up on the year , the company said earlier .",SKF 6 April 2010 - Alandsbanken has given a `` buy '' recommendation on Swedish industrial company SKF AB ( STO : SKF B ) with a share price target of SEK150 .,1,0.6012528
Raute said it has won an order worth around 15 mln eur to supply several plywood production lines to mills operated by Russian wood products company Sveza Group .,The enterprise value of Maritim Food AS has been determined as approximately EUR15m .,0,0.7153988
Sales have risen in other export markets .,"MANAVIGATOR-September 7 , 2010-Kemira unveils Indian JV with IVRCL Finnish chemicals group Kemira ( HEL : KRA1V ) on Tuesday announced it has inked a deal to form a joint venture in India with local construction firm IVRCL Infrastructure and Projects Ltd ( BOM :530773 ) .",1,0.173872
"In Lithuania , operating profit rose to EUR 190,000 from EUR 70,000 in the corresponding period in 2005 .",The enterprise value of Maritim Food AS has been determined as approximately EUR15m .,0,0.521072
Passenger-related revenue rose by 5.1 % to EUR 460.8 mn from EUR 438.5 mn in 2009 .,"Russian export duties will activate harvesting in Finland , and sales in Russia will increase also .",1,0.41333282
Operating profit was EUR 1.6 mn in 2005 compared to EUR 5.9 mn in 2004 .,"The disposal of Autotank will also strengthen Aspo 's capital structure , '' commented Gustav Nyberg , CEO of Aspo .",0,0.400581
"The company 's set of services include digital printing , printing preparation , offset-printing , after-treatment services and send out services .","LONDON AFX - UK and European brokers ' recommendations issued today , as collated by AFX News from a range of market sources .",1,0.546343
The plant is expected to start production in the first half of 2007 .,"Finnish electronics contract manufacturer Scanfil reports net sales of EUR 58.9 mn in the second quarter of 2007 , down from EUR 62.4 mn a year earlier .",0,0.661938
Operating profit rose to EUR 1.6 mn from EUR 1.1 mn in the corresponding period in 2006 .,"( ADP News ) - Finnish handling systems provider Cargotec Oyj ( HEL : CGCBV ) announced on Friday it won orders worth EUR 10 million ( USD 13.2 m ) to deliver linkspans to Jordan , Morocco and Ireland .",1,0.56771654
Pretax profit decreased by 37 % to EUR 193.1 mn from EUR 305.6 mn .,"Based on the 2005 calendar year the combined company had EUR15 .8 bn in pro forma annual revenues and is expected to start operations with 60,000 employees .",0,0.549433
"In July-September 2009 , Konecranes ' sales decreased to EUR 368.7 mn from EUR 520.4 mn in July-September 2008 .","Shares in Royal and Sun Alliance continued to slide back from a 12-month high of 172p last month , after a potential suitor ruled itself out of a takeover bid .",1,0.73964673
The operating margin came down to 2.4 % from 5.7 % .,"no compensation for its news , opinions or distributions .",0,0.23554893
"Finnish Scanfil , a contract manufacturer and systems supplier for communication and industrial electronics reports net sales of EUR 108.7 mn in the first half of 2008 , down from EUR 111.1 mn a year earlier .","In the Baltic countries , sales fell by 40.2 % , and in Russia , by 23.2 % in terms of euros , and by 10.7 % in terms of local currency .",1,0.6504544
"Finnish electronics contract manufacturer Scanfil reports net sales of EUR 58.9 mn in the second quarter of 2007 , down from EUR 62.4 mn a year earlier .",Pretax profit rose to EUR 17.8 mn from EUR 14.9 mn in 2005 .,0,0.78263426
"Consolidated operating profit excluding one-off items was EUR 30.6 mn , up from EUR 29.6 mn a year earlier .",Finnish construction group Lemmink+ñinen has been awarded two road building contracts by the Lithuanian transport administration .,1,0.36593616
"Samsung currently occupies third place and lost ground during the quarter , dropping by 1.8 % to an 11.1 % share overall .","Previously , EB delivered a custom solution for LG Electronics and now is making it commercially available for other mobile terminal vendors as well as to wireless operators .",0,0.19777477
The front surfaces of these valve plates are directed towards each other .,"Finnish Kemira Group 's CEO , Lasse Kurkilahti , says the Group 's structural reorganisation will continue for at least a year .",1,0.19306132
"Therefore , the company 's 2005 result will remain weaker than that of 2004 .",Unit costs for flight operations fell by 6.4 percent .,0,0.58549917
"EPS for the quarter came in at 0.36 eur , up from 0.33 eur a year ago and ahead of forecast of 0.33 eur .","Systeemitiimi 's sales and project resources will also be strengthened , director Paul Skogberg said .",1,0.20194447
"Arvo Vuorenmaa , the Loviisa plant 's general manager said the application for the new licence was a `` standard '' procedure and that he was `` quite confident '' about approval being granted .",Finnish waste management and cleaning group Lassila & Tikanoja Oyj ( L&T ) net profit went down to 32.2 mln euro ( $ 47.7 mln ) for 2007 from 35.3 mln euro ( $ 52.3 mln ) for 2006 .,0,0.2631082
"The result will also be burdened by increased fixed costs associated with operations in China , and restructuring costs in Japan .","In Finland , the Bank of +àland reports its operating profit fell to EUR 6.1 mn in the second quarter of 2008 from EUR 7.5 mn in the second quarter of 2007 .",1,0.29256076
"The businesses to be divested offer dairy , edible fats , ready-meal and ice-cream packaging to multinational and local customers .",Finnish Outokumpu Technology has been awarded several new grinding technology contracts .,0,0.47028974
"As of July 2 , 2007 , the market cap segments will be updated according to the average price in May 2007 .",`` They want my credit card info and my personal details .,1,0.34043568
Finnish Rautaruukki has been awarded a contract to supply and install steel superstructures for the Partihallsf+Ârbindelsen bridge in Gothenburg in Sweden .,"The platen edges in contact with the band are provided with a seal having a protrusion directed towards the middle area of the platen , and means are provided to exert and maintain a pressure in the volume defined by the platen , the band and the seal . ''",0,0.30662334
Finnair believes the strike will cause it daily net losses in excess of EUR 2mn due to canceled reservations and passenger re-routing .,"In the Baltic countries , sales fell by 42.6 % .",1,0.59521604
Mr Jortikka is president of the base metal division of Outotec Oyj in Finland and is on the executive committee of Outotec .,"Dealers said the share was largely hit by investor disappointment about a refining margin of just 9.48 usd per barrel for the quarter and the performance of its shipping unit , which saw EBIT drop to 5 mln eur from 20 mln eur a year amid a fall in volumes and tanker rates .",0,0.30054733
"Making matters more difficult , the company said it has been grappling with higher oil and gas prices , which have pushed up the cost of energy , raw materials and transportation .","In January-June 2010 , diluted loss per share stood at EUR0 .3 versus EUR0 .1 in the first half of 2009 .",1,0.44362658
"The development of the technological park , which will specialize in telecommunications and information technologies , is part of the state program for the formation of technoparks for hi-tech sectors in Russia .","At this growth rate , paying off the national debt will be extremely painful .",0,0.30445647
"However , the orders received during the period under review fell by 17 % quarter-on-quarter from the EUR 213 million recorded in the second quarter of 2010 .","Therefore , the company 's 2005 result will remain weaker than that of 2004 .",1,0.6570419
"Net sales of Finnish Sanoma Learning & Literature , of Finnish media group Sanoma , decreased by 3.6 % in January-June 2009 totalling EUR 162.8 mn , down from EUR 168.8 mn in the corresponding period in 2008 .","A. Le Coq Special was developed for the bicentenary of the company and the trade mark , the brewer said .",0,0.44105142
Olvi has posted a strong set of figures for the first six months of this year .,It will also strengthen Ruukki 's offshore business .,1,0.31127304
"German Commerzbank AG 's Hamburg Branch and US JP Morgan ( NYSE : JPM ) participated as arrangers , and Dutch ING ( AMS : INGA ) as co-arranger .","The steelmaker said that the drop in profit was explained by the continuing economic uncertainty , mixed with the current drought in bank lending , resulting in a decline in demand for its products as customers find it increasingly difficult to fund operations .",0,0.34372503
"The company serves customers in various industries , including process and resources , industrial machinery , architecture , building , construction , electrical , transportation , electronics , chemical , petrochemical , energy , and information technology , as well as catering and households .","The negotiations concern personnel of Cencorp Corporation and Singulase Oy as whole in Finland and in Sweden , the company said .",1,0.52915424
"`` BasWare 's product sales grew strongly in the financial period , by 24 percent .","In Finland , the Bank of +àland reports its operating profit fell to EUR 6.1 mn in the second quarter of 2008 from EUR 7.5 mn in the second quarter of 2007 .",0,0.48843938
"For the first nine months of 2010 , Talvivaara 's net loss narrowed to EUR 8.3 million from EUR 21.9 million for the same period of 2009 .",Operating profit margin increased from 11.2 % to 11.7 % .,1,0.63204145
"Liquid handling products include electronic and mechanical pipettes , disposable tips as well as pipette maintenance and calibration services for research institutions , healthcare and industrial laboratories .",11 August 2010 - Finnish measuring equipment maker Vaisala Oyj HEL : VAIAS said today that its net loss widened to EUR4 .8 m in the first half of 2010 from EUR2 .3 m in the corresponding period a year earlier .,0,0.18922448
"The facility will be used to refinance Citycon 's existing credit facility , the company said .",at 9:00 EET Alma Media 's Annual Report for 2009 is scheduled to be published in calendar week 9 .,1,0.3680531
"A total of 15,000 new Citycon shares with a nominal value of EUR 1.35 per share were subscribed between 17 and 23 March 2006 exercising the A-B-C options based on the company 's stock option plan 1999 .",That would be an increase from estimated sales of 117 million last year .,0,0.6088101
"Budapest , August 10 MTI - Finnish electronics maker Elcoteq will lay off 700 workers at its plants in Pecs S Hungary at the end of September because of falling orders , communications director for Elcoteq 's local unit , Zoltan Krippl told MTI on Monday .",11 August 2010 - Finnish measuring equipment maker Vaisala Oyj HEL : VAIAS said today that its net loss widened to EUR4 .8 m in the first half of 2010 from EUR2 .3 m in the corresponding period a year earlier .,1,0.7300039
The company did not distribute a dividend in 2005 .,"EUR928 ,000 in Q1 2010 6 May 2010 - Finnish textile and clothing design company Marimekko Oyj ( HEL : MMO1V ) said today its net profit rose to EUR928 ,000 in the first quarter of 2010 from EUR13 ,000 in the corresponding period a year earlier .",0,0.40720475
"Finnish steel maker Rautaruukki Oyj ( HEL : RTRKS ) , or Ruukki , said today its net loss contracted to EUR 49 million ( USD 68.2 m ) for the first nine months of 2010 from EUR 229 million for the same period a year ago .",Viking Line manages well with its current ferries .,1,0.26510897
Finnish retail software developer Aldata Solution Oyj reported a net loss of 11.7 mln euro $ 17.2 mln for 2007 versus a net profit of 2.5 mln euro $ 3.7 mln for 2006 .,"Finnish broadband data communication systems provider Teleste Oyj HEL : TLT1V said yesterday it returned to a net profit of EUR 2.7 million USD 3.8 m for the first nine months of 2010 versus a net loss of EUR 579,000 for the same period of 2009 .",0,0.8561496
"Bilfinger investors cheered the agreement , pushing shares up 7 % , or & euro ; 3.30 , to & euro ; 50.29 , in afternoon trade .","The Helsinki-based company , which also owns the Salomon , Atomic and Suunto brands , said net profit rose 15 percent in the three months through Dec. 31 to (  x20ac ) 47 million ( $ 61US million ) , from (  x20ac ) 40.8 million a year earlier .",1,0.652237
"Finnish IT consultancy Satama Interactive Oyj said on November 13 , 2006 that Jarmo Lonnfors took up the position of CEO .",Finnish-Swedish TietoEnator is expanding its business quickly in Russia .,0,0.5137907
Finnair believes the strike will cause it daily net losses in excess of EUR 2mn due to canceled reservations and passenger re-routing .,"Frost sold shares for $ 19 million at $ 6.06-7 .12 per share , compared with Friday 's high of $ 11.33 and low of $ 10.14 .",1,0.6371461
"BasWare Invoice Processing , BasWare Contract Matching , BasWare Order Matching and BasWare KPI Reporting Tool are part of the BasWare 's Enterprise Purchase to Pay product suite .","The Helsinki-based company , which also owns the Salomon , Atomic and Suunto brands , said net profit rose 15 percent in the three months through Dec. 31 to (  x20ac ) 47 million ( $ 61US million ) , from (  x20ac ) 40.8 million a year earlier .",0,0.32063198
The total value of the contract is some EUR 8 million .,Bertrand Sciard has been the vice chairman of the board of directors of Aldata Solution since April 2007 .,1,0.5550342
"Mformation and Nokia noted they have established interoperability agreements that cover commercially proven , standards-based management of mobile devices , as well as mobile device security and mobile application management .","Finnish Scanfil , a systems supplier and contract manufacturer to the communications sector and the electronics industry , reports its net sales totalled EUR 94.7 mn in the first half of 2010 , down from EUR 99.5 mn in the first half of 2009 .",0,0.4767542
"The company is headquartered in Sievi , Finland , and is listed on the Nordic Exchange in Helsinki .","This action follows personnel negotiations concerning Elcoteq SE , Finnish Branch , Elcoteq Finland Oy and Elcoteq Design Center Oy .",1,0.7028043
"The add-on order contains , among others , control valves and instrumentation as well as complete mill engineering and electrification with Metso drive controls .","In the Baltic countries , sales fell by 40.2 % , and in Russia , by 23.2 % in terms of euros , and by 10.7 % in terms of local currency .",0,0.07222272
The pretax profit of the group 's life insurance business increased to EUR36m from EUR27m .,"Consolidated net sales increased 16 % to reach EUR74 .8 m , while operating profit amounted to EUR0 .9 m compared to a loss of EUR0 .7 m in the prior year period .",1,0.78936696
Revenue grew 1 percent to euro742 .2 million US$ 964 million from euro735 million .,"Alma Media 's operating profit amounted to EUR 11.9 mn , down from EUR 15.0 mn a year earlier .",0,0.76270515
Major Order in India Comptel Corporation has received a significant long-term order for mediation and provisioning solutions being used by a leading operator in India .,"Finnish pharmaceuticals company Orion reports profit before taxes of EUR 70.0 mn in the third quarter of 2010 , up from EUR 54.9 mn in the corresponding period in 2009 .",1,0.32379937
"The airline estimated that the cancellation of its flights due to the closure of European airspace , and the process of recommencing traffic , have caused a the company a loss of EUR20m , including the costs of stranded passengers ' accommodation .",The negotiations will concern the plant 's department producing winded roving that employs 10 people .,0,0.4168054
Revenue grew 1 percent to euro742 .2 million US$ 964 million from euro735 million .,"Operating profit was EUR 24.5 mn , up from EUR 23.0 mn .",1,0.7782923
"However , the net sales declined to EUR 803.6 million from EUR 1.2 billion .",Danske Bank is Denmark 's largest bank with 3.5 million customers .,0,0.53757495
The company says the measures are no longer needed .,BM4 middle layer headbox will be equipped with a dilution control system .,1,0.34027267
Pretax loss totaled EUR 117mn compared to a loss of EUR 65mn in the corresponding period .,"narrows to EUR2 .8 m 9-mo '09 29 October 2009 - Finnish software and hardware developer Elektrobit Oyj HEL : EBG1V , or EB , said today that its net loss narrowed to EUR2 .8 m for the first nine months of 2009 from EUR35 .6 m for the same period a year ago .",0,0.657248
Marimekko Group 's full-year net sales are estimated to increase by about 10 % .,Last year 's net sales rose to EUR 68.3 million from EUR 62.2 million .,1,0.7558981
The forecast for 2012 is 3.3 % .,Viking Line manages well with its current ferries .,0,0.2321567
"( ADP News ) - Feb 11 , 2009 - Finnish wood products technology supplier Raute Oyj ( HEL : RUTAV ) said today its net profit decreased to EUR 4.7 million ( USD 6.1 m ) for 2008 from EUR 6.6 million for 2007 .","Pretax profit totaled EUR 9.0 mn , down from EUR 36.3 mn in 2007 .",1,0.8040128
"In the building and home improvement trade , sales decreased by 6.3 % , totalling EUR 154.1 mn .","In the reporting period , the company 's operating profit grew by 43.2 % to EUR 6 million .",0,0.62752277
The net sales of the Power Plants business were EUR 710.3 million in 2005 .,The EUR 0.7 million non-recurring expenses have been recorded for the third quarter .,1,0.6856022
"- Demand for fireplace products was lower than expected , especially in Germany .","( ADP News ) - Oct 31 , 2008 - Finnish food company Raisio Oyj ( OMX : RAIVV ) said today that its net profit jumped to EUR 16.4 million ( USD 20.9 m ) for the first nine months of 2008 from EUR 1.1 million for the same period of 2",0,0.37541217
The center will be built in the Kapuli district of Mantsala beside the Hanko-Mantsala-Porvoo road near the new direct rail link between Lahti and Jarvenpaa .,Ms Laakso will be responsible for HKScan 's HR functions and for their development in all of the Group ` smarket areas .,1,0.50913453
"The company 's set of services include digital printing , printing preparation , offset-printing , after-treatment services and send out services .","Changes in the market situation and tougher price competition have substantially reduced demand for bread packaging manufactured at the Kauhava plant , according to the company .",0,0.25759622
"1 p.m. Central office of Nordea Bank 19 3-ya ulitsa Yamskogo Polya , Building 1 Telephone : 495 777-34-77 ext. 3932 , 3931 03.02.2011 Unimilk - EGM 03-04 .02.2011 XVI international business-summit Food Business Russia 2011 will take place .","In 2007 Talentum will disclose three Interim Reports - Q1 ( January - March ) on Friday , 27 April , 2007 - Q2 ( April - June ) on Friday , 20 July , 2007 - Q3 ( July - September ) on Friday , 26 October , 2007 .",1,0.6180821
"Operating loss totalled EUR 5.2 mn , compared to a loss of EUR 3.4 mn in the corresponding period in 2008-2009 .",Earnings per share EPS rose to EUR 0.11 from EUR 0.03 .,0,0.69994867
"Operating result for the 12-month period decreased from the profit of EUR0 .4 m while turnover decreased from EUR5 .6 m , as compared to 2004 .",Operating profit in the fourth quarter fell to EUR33m from EUR39m a year earlier .,1,0.8517996
"FinancialWire ( tm ) , in cooperation with the Investrend Broadcast Syndicate , also provides complete , daily conference call and webcast schedules as a service to shareholders and investors via the FirstAlert ( tm ) Networks oeFirstAlert ( tm ) Daily .","The refining margin for the year was $ 13.39 - bbl , compared to $ 10.46 - bbl in the prior year .",0,0.3577391
"ENP Newswire - 22 March 2011 Release date - 21032011 - A total of 13,000 Talvivaara Mining Company Plc 's new shares were subscribed for during the period between 1 January 2011 and 28 February 2011 under the company 's stock option rights 2007A .",The duration of the contract is 37 months .,1,0.5883225
"For Q2 2010 , consolidated earnings before tax totaled EUR4 .5 m , compared to EUR3 .9 m , and net profit was EUR3 .2 m , compared to EUR2 .9 m in the previous year .","He answers questions on how many visitors Conversations gets , how big the team is and what the problems are when setting up social media channels .",0,0.34970045
"A Helsinki : ELIiV today reported EPS of EUR1 .13 for 2009 , an increase over EPS of EUR1 .12 in 2008 .","Sales came in at 241 mln eur , compared with 211.4 mln , and also beating consensus forecasts of 235 mln eur .",1,0.63465875
"In the reporting period , the company 's operating profit grew by 43.2 % to EUR 6 million .","The decision reflects the underutilisation of the line , which produces nonwovens used in medical and wipes applications as well as for the automotive industry .",0,0.17549244
"According to preliminary data from Slovakia 's Statistics Office , goods worth E36 .4 million were imported from Finland between January and October 2010 , making up 0.1 percent of Slovakia 's total imports .",The government has instead proposed an exchange of the state 's stake in LMT to TeliaSonera 's stake in Lattelecom .,1,0.43352705
"Return on investment was 5.0 % , compared to a negative 4.1 % in 2009 .",It is expected to be completed by the end of 2007 .,0,0.40497327
"There will be return flights from Stuttgart every morning , as well as evening departures on Thursdays , Fridays and Sundays .","Professional and consumer applications include personal navigation , personal safety , field and workflow management , and asset tracking .",1,0.26207608
Revenues at the same time grew 14 percent to 43 million euros .,"Finnish textiles and clothing group Marimekko Oyj posted a net profit of 7.99 mln euro $ 10.4 mln for 2006 , compared to 8.4 mln euro $ 10.9 mln for 2005 .",0,0.6494919
"Profit for the period totalled EUR 1.1 mn , down from EUR 1.6 mn in the third quarter of 2008 .","( ADP News ) - Feb 11 , 2009 - Finnish wood products technology supplier Raute Oyj ( HEL : RUTAV ) said today its net profit decreased to EUR 4.7 million ( USD 6.1 m ) for 2008 from EUR 6.6 million for 2007 .",1,0.77350056
- UPM-Kymmene upgraded to ` in-line ' from ` underperform ' by Goldman Sachs .,"( ADP News ) - Feb 12 , 2009 - Finnish construction company Lemminkainen Oyj ( HEL : LEM1S ) said today its net profit decreased to EUR 63.5 million ( USD 81.1 m ) for 2008 from EUR 80.6 million for 2007 .",0,0.5597557
Filmiteollisuus Fine Ab will be transferred to Talentum Oyj in the form of a subsidiary .,Mr K.R. Vasantha has been appointed Managing Director of Incap Contract Manufacturing Services Pvt. Ltd. .,1,0.6585912
"Taking a cue from the playbook of the East Dillon Lions , we 've created a special team of heavy-hitting style players , such as boot-cut jeans , tummy tops and , of course , cowboy boots .",Revenue grew 12 percent to (  x20ac ) 3.6 billion ( US$ 4.5 billion ) .,0,0.2986866
Net sales fell by 33 % from the third quarter of 2008 to EUR 130.5 mn .,"- Demand for fireplace products was lower than expected , especially in Germany .",1,0.6138385
Vacon controls a further 5 % of the company via investment fund Power Fund I. EUR 1.0 = USD 1.397,"In Q2 of 2009 , profit before taxes amounted to EUR 13.6 mn , down from EUR 26.8 mn in Q2 of 2008 .",0,0.6429335
"In 2008 , the deal is likely to bring savings of EUR 20mn-25mn .","These financing arrangements will enable the company to ensure , in line with its treasury policy , that it has sufficient financial instruments at its disposal for its potential capital requirements .",1,0.48987442
"Operating profit totalled EUR 83.0 mn , up from EUR 23.5 mn year-on-year .","YIT lodged counter claims against Neste Oil totaling some EUR25m , primarily based on work carried out under the contract and additional costs incurred due to prolongation of the project .",0,0.53667766
Finnish Rautaruukki has been awarded a contract to supply and install steel superstructures for the Partihallsf+Ârbindelsen bridge in Gothenburg in Sweden .,Operating profit rose to EUR 26.7 mn from EUR 14.9 mn in the corresponding period in 2006 .,1,0.28228575
Finnish metal products company Componenta Oyj net profit rose to 26.1 mln euro ( $ 35.9 mln ) for the first quarter of 2007 from 5.3 mln euro ( $ 7.3 mln ) for the same period of 2006 .,Satama and Trainers ' House will remain as names and independent brands of the business areas .,0,0.116486266
"Profit for the period totalled EUR 0.8 mn , down from EUR 1.1 mn in the corresponding period in 2008 .",Cramo slipped to a pretax loss of EUR 6.7 million from a pretax profit of EUR 58.9 million .,1,0.7637142
Okmetic Board of Directors has also decided on a new share ownership program directed to the company 's top management .,"Loss after financial items totalled EUR 9.7 mn , compared to a profit of EUR 1.3 mn in the corresponding period in 2008 .",0,0.310109
"Profit before taxes was EUR 4.0 mn , down from EUR 4.9 mn .","Alma Media 's operating profit amounted to EUR 11.9 mn , down from EUR 15.0 mn a year earlier .",1,0.83106196
"The period 's sales dropped to EUR30 .6 m from EUR38 .3 m , according to the interim report , released today .","According to Finnair Technical Services , the measure is above all due to the employment situation .",0,0.21923572
"Excluding non-recurring items , pre-tax profit surged 45 % to EUR80m .",Return on capital employed rose by 4.8 percentage points to 19.6 % .,1,0.7696459
"Furthermore , sales of new passenger cars and light commercial vehicles in the country declined by 5.4 % year-on-year last month .","Fortum needs a clear signal of commitment from the Government that the permit is available before the company will start the next round , Kuula says .",0,0.16811115
"Budapest , August 10 MTI - Finnish electronics maker Elcoteq will lay off 700 workers at its plants in Pecs S Hungary at the end of September because of falling orders , communications director for Elcoteq 's local unit , Zoltan Krippl told MTI on Monday .","Agricultural newspaper Maaseudun Tulevaisuus had 318,000 readers , representing a decrease of 6 % .",1,0.64394104
"In the Baltic states the company reports net sales of EUR 11.9 mn , down from EUR 14.2 mn , and an operative EBIT of EUR -2.2 mn , down from EUR -1.7 mn .",The investments and operational changes enable additional optimisation of the working hours and thereby further cost savings of some 7 % -9 % .,0,0.4703902
"Cohen & Steers , Inc. : 5 534 626 shares representing 4.985 % of the share capital and voting rights .","The machine will have an annual production capacity of 200,000 tonnes of super-calendered magazine paper and other paper grades based on recovered fiber , Stora Enso said .",1,0.5672638
Pretax profit decreased to EUR 33.8 mn from EUR 40.8 mn in the fourth quarter of 2005 .,Choose from a Giant Countdown with red head or rainbow trout -- or the Giant Shad Rap in perch color .,0,0.21533096
Operating profit rose to EUR 5mn from EUR 2.8 mn in the fourth quarter of 2008 .,"Profit for the period totaled EUR 39.4 mn , up from EUR 33.9 mn in the corresponding period in 2006 .",1,0.7857399
`` Capital expenditure on energy efficiency has unfortunately fallen along with the decline in the economy .,These measures are expected to produce annual cost savings of EUR 1.5 million starting in 2007 .,0,0.48306108
Kemira shares closed at (  x20ac ) 16.66 ( $ 22US .71 ) .,Rapala Fishing Frenzy 2009 .,1,0.3640255
UPM stock fell 3 percent to EURO 12.49 $ 17.24 in early afternoon trading in Helsinki .,"Operating profit totalled EUR 5.8 mn , up from a loss of EUR 1.7 mn in the fourth quarter of 2009 .",0,0.7049139
Prices and delivery volumes of broadband products decreased significantly in 2005 .,Orion 's net profit for the third quarter of 2007 decreased to 36.5 mln euro ( $ 52.1 mln ) from 40.3 mln euro ( $ 57.5 mln ) a year earlier .,1,0.76954275
RL-Nordic is a part of Raiffeisen-Banking-Group Austria and is a subsidiary to Raiffeisen-Leasing GmbH in Austria .,"Section : Regional News - The demand in Finnair 's Asian traffic , measured in passenger kilometers , was up 34.9 % in August compare to last year .",0,0.32857984
"In sales volume , Coca-Cola 's market share has decreased by 2.2 % to 24.2 % .",Kone shares dropped 4.1 percent to  x20ac 43 US$ 55.77 in Helsinki .,1,0.7342081
"The total scholarship amount was 40,000 euros and the recipients were chosen on the recommendation of fine arts universities and sports associations .","In 2008 , the deal is likely to bring savings of EUR 20mn-25mn .",0,0.48278064
The business area 's net sales were slightly over 2m in 2006 .,"The contracts between Raute Corporation and Muling Kemian Wood Products Co. , Ltd. , which were announced on 3 November 2010 , have taken effect .",1,0.4410076
Nordea sees a return to positive growth for the Baltic countries in 2011 .,"The e-commerce site and flagship will be managed by Marimekko North America Retail LLC , a subsidiary established in the U.S. last year .",0,0.5110036
Commission income rose by 25.7 % to EUR 16.1 mn from EUR 12.8 mn in 2004 .,Olvi has posted a strong set of figures for the first six months of this year .,1,0.6965133
Commission income fell to EUR 4.6 mn from EUR 5.1 mn in the corresponding period in 2007 .,"Price talk is in the mid-market swaps plus 105 bps area and the leads are Barclays , BNPP , UBS and CBA .",0,0.5459901
"ADPnews - Dec 23 , 2009 - Norwegian financial services group SpareBank 1 Gruppen AS OSL : SBGRP said its board of directors appointed today Jarle Haug managing director of its claims collection subsidiary SpareBank 1 Gruppen Finans","FinancialWire tm is not a press release service , and receives no compensation for its news , opinions or distributions .",1,0.2750508
"s business sectors are building construction , infrastructure construction and technical building services .",Finnish Aktia Group 's operating profit rose to EUR 17.5 mn in the first quarter of 2010 from EUR 8.2 mn in the first quarter of 2009 .,0,0.20508039
"Ethanol would be made from barley , and production could start in 2008 .",The expanded plant is scheduled to be operational by the middle of October 2009 .,1,0.6392363
"In the Baltic countries , sales fell by 42.6 % .",Officials did not disclose the contract value .,0,0.36331868
"Finnish Sampo Bank , of Danish Danske Bank group , reports profit before taxes of EUR 152.3 mn in 2010 , up from EUR 32.7 mn in 2009 .","Operating profit for the nine-month period increased from EUR13 .6 m , while net sales increased from EUR394 .7 m , as compared to the corresponding period in 2005 .",1,0.751981
"SCOPI Chief Business Excellence Officer , Eng .","In the Baltic countries , sales fell by 42.6 % .",0,0.23667955
"The remaining amount will be funded through debt , the Danish bank said .","China Unicom , NYSE : CHU , HKSE : 0762 , and SHSE : 600050 , the second largest mobile carrier in the country .",1,0.44273576
"29 September , 2010 Finnish waste management and recycling company Lassila & Tikanoja expands its operations in Russia by introducing its recently completed recycling plant in the city of Dubna near Moscow .","Glaston 's own glass processing unit , Tamglass Glass Processing , is a manufacturer of high quality safety glass products , and operates in Finland .",0,0.6391878
"Finnish airline Finnair has won a deal with the UK public sector to be the official airline for flights from London Heathrow to Osaka in Japan , as well as flights between Manchester in the UK and Helsinki in Finland .","In the end of 2006 , the number of outlets will rise to 60-70 .",1,0.22681007
Finnish Bank of +àland reports its operating profit fell to EUR 4.9 mn in the third quarter of 2007 from EUR 5.6 mn in the third quarter of 2006 .,With this appointment Kaupthing Bank aims to further co-ordinate Capital Markets activities within the Group and to improve the overall service to clients .,0,0.17738399
"ADP News - Feb 25 , 2009 - Finnish printed circuit board PCB maker Aspocomp Group Oyj HEL : ACG1V said today it swung to a net profit of EUR 300,000 USD 385,000 for 2008 versus a net loss of EUR 65.3 million","Via the move , the company aims annual savings of some EUR3m , the main part of which are expected to be realized this year .",1,0.7013655
It also said its third quarter diluted EPS came in at 0.34 eur compared with 0.16 eur in the same quarter a year ago .,"Fortum expects its annual capital expenditure in the next four to five years to be within a range of EUR 0.8-1 .2 billion , as earlier announced .",0,0.64199245
"Price talk is in the mid-market swaps plus 105 bps area and the leads are Barclays , BNPP , UBS and CBA .","Estonia 's Agriculture Minister Helir-Valdor Seeder is in Finland on a two-day visit , in the course of which he will meet with his Finnish counterpart Sirkka-Liisa Anttila .",1,0.42382956
Marimekko Group 's full-year net sales are estimated to increase by about 10 % .,"Patrick Jeambar will also continue being responsible for Innovation and Health , safety and environment HSEA functions of Ahlstrom Corporation .",0,0.22849739
"The share capital of Alma Media Corporation business ID 1944757-4 is EUR 44,767,513.80 and it is divided into 74,612,523 shares .",RSA 's shares closed at 156.9 p at the time of going to press .,1,0.3852206
"ADPnews - Aug 3 , 2009 - Finnish media group Ilkka-Yhtyma Oyj HEL : ILK2S said today its net profit fell 45 % on the year to EUR 5.9 million USD 8.4 m in the first half of 2009 .",Operating profit rose to EUR 103.4 mn from EUR 23.2 in the corresponding period in 2006 .,0,0.6925969
"In a release on Oct. 28 , Peab said the two businesses will continue to be conducted under the brands Cliffton and Stockholm Entreprenad , both part of the Peab Group .","The company is also seeking possibilities to relocate the Luumaki personnel , some 50 people , to other UPM mills .",1,0.35908806
28 October 2010 - Finnish wood products technology supplier Raute Oyj HEL : RUTAV said today it swung to a net profit of EUR3m for the first nine months of 2010 versus a net loss of EUR5 .2 m for the same period a year earlier .,Profit after taxes totaled EUR 12.1 mn .,0,0.7368622
Comparable operating profit decreased to EUR 13.8 mn from EUR 17.1 mn in the corresponding period in 2005 .,Finnair believes the strike will cause it daily net losses in excess of EUR 2mn due to canceled reservations and passenger re-routing .,1,0.5810344
"Cost savings will then rise to some 20 mln eur a year from 2007 , OKO said .",Finnair said that the cancellation of flights would cause daily losses of  x20ac 2.5 million US$ 3 million .,0,0.57201374
"Earnings per share ( EPS ) in the first half of 2007 amounted to EUR0 .29 , down from EUR0 .40 year ago .",Finnair said that the cancellation of flights would cause daily losses of  x20ac 2.5 million US$ 3 million .,1,0.58165467
"Digia will also set up two subsidiaries , Digia Norway AS and Digia USA Inc. .","Thus the method will cut working costs , and will fasten the planning and building processes .",0,0.35366943
Sales of mid-strength beer decreased by 40 % .,UPM stock fell 3 percent to EURO 12.49 $ 17.24 in early afternoon trading in Helsinki .,1,0.7191193
"The product range includes marinated olives , cold cuts , and pates , for example .",Cash Flow from Operations for the most recent quarter also reached a eight year low .,0,0.1501883
The contract will take effect in 2009 for a five or ten year period .,"Yara Suomi Ltd also provides nitrogen chemicals and technical nitrates to various sectors of industry , as well as products used in environmental protection .",1,0.21290867
"In the third quarter of fiscal 2008 Efore swung to a net loss of EUR 400,000 versus a net profit of EUR 200,000 for the corresponding period of fiscal 2007 .","Founded in 2000 , BioView automates laboratory tests , especially diagnostic tests for cancer .",0,0.27285206
Solteq Plc ANNOUNCEMENT 16.12.2010 SHARE REPURCHASE 16.12.2010 In the Helsinki Stock Exchange Solteq Plc now holds a total of 486.969 shares including the shares repurchased on 16.12.2010 .,Cargotec will also move Hallberg-Ivarsson 's service and installation business under the same roof with its service center for Kalmar and MacGregor solutions in Gothenburg .,1,0.4790507
Operating profit rose to EUR 3.11 mn from EUR 1.22 mn in the corresponding period in 2009 .,Operating profit decreased to EUR 11.2 mn from EUR 16.6 mn .,0,0.60580236
Operating profit fell to EUR 20.3 mn from EUR 74.2 mn in the second quarter of 2008 .,Cramo slipped to a pretax loss of EUR 6.7 million from a pretax profit of EUR 58.9 million .,1,0.79148525
"The broad-based WIG index ended Thursday 's session 0.1 pct up at 65,003.34 pts , while the blue-chip WIG20 was 1.13 down at 3,687.15 pts .","The company 's net profit rose 11.4 % on the year to 82.2 million euros in 2005 on sales of 686.5 million euros , 13.8 % up on the year , the company said earlier .",0,0.63806945
"The result will also be burdened by increased fixed costs associated with operations in China , and restructuring costs in Japan .","Changes in the market situation and tougher price competition have substantially reduced demand for bread packaging manufactured at the Kauhava plant , according to the company .",1,0.44346112
"Cargotec Corporation , Press Release , August 26 , 2008 at 10 a.m. Finnish time Cargotec 's MacGREGOR business area providing marine cargo handling and offshore load handling solutions has received significant offshore crane retrofit order .",He wore a black beanie-type cap and a black jacket .,0,0.059159152
"Revenue in July to September grew 14 percent to ( EURO ) 467 million from a year earlier , the company said Thursday .","EUR928 ,000 in Q1 2010 6 May 2010 - Finnish textile and clothing design company Marimekko Oyj ( HEL : MMO1V ) said today its net profit rose to EUR928 ,000 in the first quarter of 2010 from EUR13 ,000 in the corresponding period a year earlier .",1,0.8770657
The deal means that ten persons in three countries will transfer to Tieto .,"Lassila & Tikanoja 's operating profit excluding non-recurring and imputed items for the second quarter was EUR11 .3 m , down from EUR13 .8 m a year ago .",0,0.51301014
"YIT 's Baltic sales in the first three quarters of 2008 totaled 106.2 million euros , representing a drop of 29 percent year on year .",17 March 2011 - Goldman Sachs estimates that there are negative prospects for the Norwegian mobile operations of Norway 's Telenor ASA OSL : TEL and Sweden 's TeliaSonera AB STO : TLSN in the short term .,1,0.58697677
"Thanks to the multiplying effect of wagon performance , transport will be much more efficient , '' says development manager Juha Malkia from VR Cargo .",Finnish media group Talentum has issued a profit warning .,0,0.39926684
These moderate but significant changes resulted in a significant 24-32 % reduction in the estimated CVD risk .,"H+Ñkan Dahlstr+Âm , head of mobility services at TeliaSonera , has forecast that mobile data volume on the TeliaSonera network in Sweden will rise eight-fold to 200,000 TB by 2014 .",1,0.472587
"Therefore , the company 's 2005 result will remain weaker than that of 2004 .",Changes to the as-built models from the design were communicated to the subcontractors to accommodate them into the steel and GRC fabrication process .,0,0.12995347
"Finnish shipping company Finnlines ' pretax loss totalled EUR 6.5 mn in the third quarter of 2009 , compared to a profit of EUR 0.3 mn in the third quarter of 2008 .",Profit before taxes decreased to EUR 31.6 mn from EUR 50.0 mn the year before .,1,0.83602476
Scanfil plc is a global contract manufacturer and systems supplier for communication and industrial electronics .,- UPM-Kymmene upgraded to ` in-line ' from ` underperform ' by Goldman Sachs .,0,0.3955918
"In September alone , the market declined by 10.2 percent year-on-year to 19.28 million liters .","Furthermore , sales of new passenger cars and light commercial vehicles in the country declined by 5.4 % year-on-year last month .",1,0.8564265
"Food sales totalled EUR 323.5 mn in October 2009 , representing a decrease of 5.5 % from October 2008 .",The Extraordinary General Meeting is expected to take place no later than 18 February 2011 .,0,0.32359058
"Cooper SH , the UK distributor for lift equipment manufacturer Konecranes , won the five-year deal which involves low maintenance and fuel saving technologies .",Operating profit improved by 27 % to EUR 579.8 mn from EUR 457.2 mn in 2006 .,1,0.5982442
"- Demand for fireplace products was lower than expected , especially in Germany .",About Dopplr Dopplr is a service for smart travellers .,0,0.33515877
Payment of shares shall be effected on subscription .,"The Committee proposes the following remuneration : a monthly remuneration of EUR 5,000 for the Chairman , EUR 3,500 for the Deputy Chairman , and EUR 2,500 for the other Board members .",1,0.4082201
Circulation revenue has increased by 5 % in Finland and 4 % in Sweden in 2008 .,Return on investment ROI was 4.1 % compared to 43.8 % in the first half of 2008 .,0,0.76993585
"The group 's operating loss was EUR 0.8 mn , down from a profit of EUR 2.5 mn in 2004 .","Finnish Suominen Corporation that makes wipes , nonwovens , and flexible packaging , expects changes in the market situation to reduce sales of Suominen 's nonwovens and wet wipes from the previously estimated volumes .",1,0.5264362
"Copper , lead and nickel also dropped ... HBOS ( HBOS ) plummeted 20 % to 70.3 pence after saying this year+ó ??","Financial , strategic and operational factors are considered .",0,0.046274763
"no compensation for its news , opinions or distributions .",The expanded company will continue to be called NewPage .,1,0.22271556
"Teleste 's hybrid TV solution includes components for the whole process of delivering video services to consumers from content acquisition and service creation to delivery through a range of access solutions , including HFC ( hybrid fibre-coaxial ) , xDSL , EttH , and FttH .","In August-October 2010 , the company 's result before taxes totalled EUR 9.6 mn , up from EUR 0.5 mn in the corresponding period in 2009 .",0,0.20574877
"The business transfer will take effect from 1 January 2007 , and in connection with this 47 employees will transfer from Elisa to Daxtum as continuing employees .",The deal is subject to approval by the Norwegian competition authorities .,1,0.40785232
"In the building and home improvement trade , net sales totalled EUR 1,173 mn , down from EUR 1,566 mn a year earlier .",Operating profit improved by 27 % to EUR 579.8 mn from EUR 457.2 mn in 2006 .,0,0.7391633
"( ADP News ) - Nov 5 , 2008 - Finnish electronic measurement products and solutions maker Vaisala Oyj ( OMX : VAIAS ) said today that its net profit rose to EUR 18 million ( USD 23.1 m ) for the first nine months of 2008 from EUR 1","Advertising and circulation revenues grew by 3.4 % and by 0.4 % , respectively .",1,0.52917725
"JP Morgan expects that Scala will lower Nobel Biocare 's growth forecast for 2007 from the current guidance of 23-25 pct , as well as the operating margin target from the current 34-35 pct .","Digia said its consolidated net sales for January-June 2010 were EUR67 .8 m , up 9.7 % on the same period in 2009 ( EUR61 .9 m ) .",0,0.5685815
Profit for the period increased from EUR 2.9 mn to EUR 10.5 mn .,Finnish forest machinery manufacturer Ponsse 's net sales grew to EUR 51.3 mn in the first quarter of 2010 from EUR 37.5 mn in the corresponding period in 2009 .,1,0.7501054
"According to Viking Line 's Managing Director , Nils-Erik Eklund , the company 's Board of Directors is very satisfied with Viking Line 's performance .","Profit before taxes decreased by 9 % to EUR 187.8 mn in the first nine months of 2008 , compared to EUR 207.1 mn a year earlier .",0,0.24283895
"Making matters more difficult , the company said it has been grappling with higher oil and gas prices , which have pushed up the cost of energy , raw materials and transportation .",Commission income fell to EUR 4.6 mn from EUR 5.1 mn in the corresponding period in 2007 .,1,0.41883475
"Finnish consulting and engineering group Poyry Plc ( OMX Helsinki : POY ) said on Wednesday ( 1 October ) that it has been awarded a contract by Tanqia Dibba FZC as owner-engineer for the wastewater system of Dibba , Emirate of Fujairah , UAE .","Rohwedder Group is an automotive supplies , telecommunications and electronics industry provider for customers in Europe , North America and Asia .",0,0.38410103
"Suominen Corporation estimates that the cost-cutting program that started in autumn 2005 , higher sales prices , and expected growth in volume of Wet Wipes , will make the company 's operations more profitable .",That would be an increase from estimated sales of 117 million last year .,1,0.5842011
"Acando AB ( ACANB SS ) fell 8.9 percent to 13.35 kronor , the lowest close since Dec. 11 .","narrows to EUR2 .8 m 9-mo '09 29 October 2009 - Finnish software and hardware developer Elektrobit Oyj HEL : EBG1V , or EB , said today that its net loss narrowed to EUR2 .8 m for the first nine months of 2009 from EUR35 .6 m for the same period a year ago .",0,0.7825273
Shuweihat 2 got under way in July 2008 when the project was awarded to desalination and power contractors .,The event can be followed on-line via Orion 's Finnish homepage at www.orion.fi as well as via the Kauppalehti Live web service at www.kauppalehti.fi/live .,1,0.35562053
"Finnish airline Finnair has won a deal with the UK public sector to be the official airline for flights from London Heathrow to Osaka in Japan , as well as flights between Manchester in the UK and Helsinki in Finland .","Tieto 's service is also used to send , process and receive materials related to absentee voting .",0,0.37425315
The acquisition is expected to take place by the end of August 2007 .,"Finland 's Technopolis is planning to bring the first section of a technopark on stream in St. Petersburg at the end of 2008 , Kari Mikkonen , vice president of Technopolis , told reporters in Helsinki .",1,0.50057256
"Both operating profit and net sales for the three-month period increased , respectively from EUR16 .0 m and EUR139m , as compared to the corresponding quarter in 2006 .","German Commerzbank AG 's Hamburg Branch and US JP Morgan ( NYSE : JPM ) participated as arrangers , and Dutch ING ( AMS : INGA ) as co-arranger .",0,0.36521077
"Fiskars , a 360-year-old global business best known for its orange-handled scissors , expects to derive synergies of EUR5 million a year by consolidating certain parts of the housewares division where the two compete .",Last year SysOpen Digia invested in IBM product know-how in the building of portal and trading place systems and successfully implemented customer solutions supported by it .,1,0.66424537
"In the third quarter , net sales increased by 12 % year-on-year to EUR159 .5 m , or by 6 % at comparable currency rates growth .",The Oxyview Pulse Oximeter is a common device to check patient blood-oxygen saturation level and pulse rate .,0,0.25674632
"The maximum grade of the veneer yield is calculated , based on the dimensions and grades of the veneer products , as well as by iterating the places of the peeling axes and simulating the peeling process .","The reductions will be implemented immediately , beginning in October 2009 .",1,0.39479876
Loss for the period totalled EUR 15.6 mn compared to a profit of EUR 6.3 mn in 2008 .,"Net income from life insurance rose to EUR 16.5 mn from EUR 14.0 mn , and net income from non-life insurance to EUR 22.6 mn from EUR 15.2 mn in 2009 .",0,0.82600266
"M-real , which is part of Finnish paper maker Metsaliitto Group , is due to release its second-quarter report at around 12:00 EET on 5 August 2010 .",Russia 's Video International Group holds a controlling stake in Russian Media Ventures .,1,0.41694897
"Tampere Science Parks is a Finnish company that owns , leases and builds office properties and it specialises in facilities for technology-oriented businesses .",Net sales increased to EUR193 .3 m from EUR179 .9 m and pretax profit rose by 34.2 % to EUR43 .1 m. ( EUR1 = USD1 .4 ),0,0.31386054
Merrill Lynch analyst Campbell Morgan upgraded his recommendation on PaperlinX from `` neutral '' to `` buy '' in May .,Nordea sees a return to positive growth for the Baltic countries in 2011 .,1,0.5243117
The company reported net sales of 302 mln euro $ 441.6 mln and an operating margin of 16 pct in 2006 .,The operating margin of Aker Yards Cruise & Ferries division went down from 8.3 % to 6.4 % in the first quarter of 2007 .,0,0.71490765
"Seventy-three of those also have more extensive training in products built on the latest ArchestrA technologies , such as the Wonderware System Platform .","According to Gallup Food and Farm Facts , beef consumption totaled 99mn kilos in Finland in 2007 .",1,0.2952818
Closing of such transaction took place today .,The bank sees a potential for Getinge share to rise .,0,0.27023754
Net sales of the Vegetable Oil Business rose to EUR 10.6 mn from EUR 10.1 mn .,"Ramirent 's net sales in the second quarterended June 30 were EURO 128.7 million about U.S. $ 163 million , a 3.3-percent increase compared with EURO 124.6 million for thesecond quarter last year .",1,0.6778996
"A coker crane will be supplied to Tesoro Corporation 's Golden Eagle Refinery in Martinez , California , while a similar crane will be delivered to BP 's Castell refinery in Spain .",15 December 2010 - Finnish-German telecoms equipment maker Nokia Siemens Networks said today it won a contract to upgrade the radio network of home-based telecommunications company Elisa Oyj HEL : ELI1V .,0,0.46830422
"Previously , EB delivered a custom solution for LG Electronics and now is making it commercially available for other mobile terminal vendors as well as to wireless operators .",Finnish KCI Konecranes has raised its net sales growth estimate for 2006 from over 25 % to over 35 % .,1,0.29824018
The growth of net sales in the first half of 2008 has been 28 % compared with the first half of 2007 .,"Operating profit totaled EUR 9.4 mn , down from EUR 11.7 mn in 2004 .",0,0.7717422
"Net cash from operating activities was a negative EUR 0.3 mn , compared to EUR 30.9 mn in 2009 .",Finnish investment group Norvestia Oyj said its net profit fell to 23.5 mln euro $ 30.6 mln in 2006 from 33.5 mln euro $ 43.6 mln in 2005 .,1,0.8359236
"Country : , Finland Sector : Construction-Real Estate Target : Pohjolan Design-Talo Oy Buyer : CapMan Oyj Vendor : Ruukki Group Oyj Deal size in USD : 102.6 m Type : Divestment Status : Agreed","2009 3 February 2010 - Finland-based steel maker Rautaruukki Oyj ( HEL : RTRKS ) , or Ruukki , said today it slipped to a larger-than-expected pretax loss of EUR46m in the fourth quarter of 2009 from a year-earlier profit of EUR45m .",0,0.6540027
Our standardised services have met with a positive reception among our customers as well as at Itella .,"Finnish airline Finnair has won a deal with the UK public sector to be the official airline for flights from London Heathrow to Osaka in Japan , as well as flights between Manchester in the UK and Helsinki in Finland .",1,0.41063756
Ponsse projects the forest machine markets to improve more than expected in 2010 from the previous year .,The company confirmed its estimate for lower revenue for the whole 2009 than the year-ago EUR93 .9 m as given in the interim report on 5 August 2009 .,0,0.5798954
"Finnish textiles and clothing group Marimekko Oyj posted a net profit of 7.99 mln euro $ 10.4 mln for 2006 , compared to 8.4 mln euro $ 10.9 mln for 2005 .",Operating profit for continuing operations fell to EUR 48.3 mn from EUR 72.4 mn in the first half of 2007 .,1,0.7732297
Net sales in 2007 are expected to be 10 % up on 2006 .,Feed companies Suomen Rehu and Raisio do no import GMO feed .,0,0.10574329
The company did not disclose the price of the acquisition .,"Foodservice and consumer goods markets are served by approximately 13,000 people in 54 manufacturing units and several sales offices in 33 countries .",1,0.17791447
"The disposal of Autotank will also strengthen Aspo 's capital structure , '' commented Gustav Nyberg , CEO of Aspo .","Finnish Scanfil , a contract manufacturer and systems supplier for communication and industrial electronics reports net sales of EUR 108.7 mn in the first half of 2008 , down from EUR 111.1 mn a year earlier .",0,0.51271105
"In the second quarter of 2010 , the group 's pretax loss narrowed to EUR 400,000 from EUR 600,000 .","Previously , the company anticipated its operating profit to improve over the same period .",1,0.3905101
"`` BasWare 's product sales grew strongly in the financial period , by 24 percent .",The group 's net sales in 2007 were EUR683 .6 m.,0,0.66910046
"During the strike , Finnair estimates to incur a net loss of between EUR2m and EUR2 .5 m per day .","The steelmaker said that the drop in profit was explained by the continuing economic uncertainty , mixed with the current drought in bank lending , resulting in a decline in demand for its products as customers find it increasingly difficult to fund operations .",1,0.6798073
"Our customers come from the following countries : UK , USA , Spain , France , Italy , Germany , China , Hong Kong , Sweden , Norway , Netherlands , Austria , Belgium , Switzerland , Czech Republic , Finland , Canada , Russia , Ukraine , Denmark , Ireland , South Korea and Liechtenstein .","Markets had been expecting a poor performance , and the company 's stock was up 6 percent at  x20ac 23.89 US$ 33.84 in early afternoon trading in Helsinki .",0,0.33344042
"The last quarter was the best quarter of 2009 in net sales , and the operating margin rose to 12.2 % .",The company will make its marketing and sales investments initiated in 2009 even more efficient in 2010 .,1,0.6964227
"In October , UPM reported a third-quarter net loss of euro86 million $ 110 million compared with a net profit of euro120 million in 2007 .","Finnish Sampo Bank , of Danish Danske Bank group , reports profit before taxes of EUR 152.3 mn in 2010 , up from EUR 32.7 mn in 2009 .",0,0.7963393
"The new majority owners of Aspocomp Thailand Co. , Ltd are certain private persons belonging to immediate circle of Aspocomp 's present Joint Venture partner , Saha Pathana Inter-Holding Plc. .","`` I 'm trying to deal with slavery from a different perspective to balance the story , '' says DeRamus , formerly a writer at the Detroit Free Press and the Detroit News .",1,0.37277892
"s business sectors are building construction , infrastructure construction and technical building services .",Finnish Bank of +àland reports its operating profit rose to EUR 21.3 mn in the second quarter of 2009 from EUR 6.1 mn in the corresponding period in 2008 .,0,0.19723463
Net sales in 2007 are expected to be 10 % up on 2006 .,"The financial impact is estimated to be an annual improvement of EUR2 .0 m in the division 's results , as of fiscal year 2008 .",1,0.7470258
"Finnish Suominen Corporation that makes wipes , nonwovens , and flexible packaging , expects changes in the market situation to reduce sales of Suominen 's nonwovens and wet wipes from the previously estimated volumes .","In January-September 2007 , Finnlines ' net sales rose to EUR 505.4 mn from EUR 473.5 mn in the corresponding period in 2006 .",0,0.3471195
"Cash flow from operations totalled EUR 2.71 mn , compared to a negative EUR 0.83 mn in the corresponding period in 2008 .","Both operating profit and net sales for the nine-month period increased , respectively by 26.6 % and 3.4 % , as compared to the corresponding period in 2006 .",1,0.6756449
The transaction included also the transfer of the lease agreement concerning manufacturing premises and employment agreements related to these operations .,Finnair 's total traffic decreased by 8.7 % in terms of revenue passenger kilometres .,0,0.11925438
"The chilled meat products category led the meat , fish and poultry market in Finland , accounting for a share of 31.4 % .",The transaction value is CAD 15 million approximately EUR 10 million .,1,0.402864
"In the fourth quarter of 2006 , OKO Banks expects the operating environment for Banking and Investment Services to remain similar to that in January-September 2006 .","Finland 's leading metals group Outokumpu said its fourth-quarter net profit more than tripled on the back of strong global demand for stainless steel , soaring base metal prices and proceeds from the sale of its technology unit .",0,0.47067925
Rental of building equipment accounted for 88 percent of the operating income .,`` Our Vaalipalvelu-service was especially developed for use by communities and organizations .,1,0.1904392
"In the second quarter of 2010 , the company 's net profit was EUR1 .7 m compared to a net loss of EUR1 .3 m in April-June 2009 .","For 2009 , net profit was EUR3m and the company paid a dividend of EUR1 .30 apiece .",0,0.90911174
"Sales in Finland decreased by 2.0 % , and international sales decreased by 9.3 % in terms of euros , and by 15.1 % in terms of local currencies .","In Finland 's Hobby Hall 's sales decreased by 10 % , and international sales fell by 19 % .",1,0.9158195
Raisio is the site of the main production plants as well as company headquarters .,Operating profit improved by 44.0 % to ER 4.7 mn from EUR 3.3 mn in 2004 .,0,0.19715123
"3 February 2011 - Finnish broadband data communication systems provider Teleste Oyj HEL : TLT1V said yesterday its net profit rocketed to EUR4 .8 m in 2010 from EUR416 ,000 in 2009 and it lifted its dividend proposal .",Operating profit rose to 22.1 mln eur from 19.9 mln .,1,0.6721362
"Pretax profit totalled EUR 2.0 mn , compared to a loss of EUR 159.2 mn in the fourth quarter of 2008 .","Finnish bank Pohjola Bank Plc HEL : POH1S said today that it will issue a EUR 40 million USD 51.2 m index-linked bond , Pohjola Tutkimuksen Tahdet VIII-2010 Pohjola Research Stars VIII-2010 , on October 27 , 2010 .",0,0.62513405
"Outotec said it won new orders worth 492.9 mln eur during the quarter , compared with 240.4 mln eur a year earlier .","Both operating profit and net sales for the nine-month period increased , respectively by 26.6 % and 3.4 % , as compared to the corresponding period in 2006 .",1,0.79324484
( A spokesperson told WWD to expect a 50-50 mix of clothing and home decor . ),"Finnish electronics contract manufacturer Scanfil reports net sales of EUR 241.2 mn in 2006 , down from EUR 321.6 mn in 2005 .",0,0.28906515
SCANIA Morgan Stanley lifted the share target on Swedish heavy-duty truck and bus maker Scania AB to 330 crowns ( $ 42.4 - 35.2 euro ) from 310 crowns ( $ 39.8 - 33.1 euro ) .,"Elisa said mobile subscriptions grew 7 percent during 2007 , mainly because of customers adopting so-called third generation mobile technology .",1,0.6009835
"Earnings per share ( EPS ) amounted to EUR1 .37 , down from EUR2 .30 .","Neste oil 's board proposed 1.00 eur dividend for the full-year 2007 , compared with 0.90 eur a year ago .",0,0.7106756
"The order includes a log handling line , peeling line and drying line for the production of parquet base layer veneer for Plyfa 's Hassela mill , central Sweden .","The second variant offers complete final finishing of any selected apartment with foreign high quality materials ( Finland , Denmark , Germany , France ) .",1,0.50287944
Finnish Bore that is owned by the Rettig family has grown recently through the acquisition of smaller shipping companies .,"According to Honka Japan 's Managing Director Marko Saarelainen , Honkarakenne exports about 200 ready made log houses to Japan a year .",0,0.6229373
"Operating loss totalled EUR 4.0 mn , compared to a profit of EUR 8.6 mn in the second quarter of 2008 .","In Q2 of 2009 , profit before taxes amounted to EUR 13.6 mn , down from EUR 26.8 mn in Q2 of 2008 .",1,0.87603444
"Operating profit was EUR 11.4 mn , up from EUR 7.5 mn .","The firm 's UK head office is in Rugby Road , Lutterworth .",0,0.28675556
The move was triggered by weak demand for forestry equipment and the uncertain market situation .,"UPM-Kymmene Corp. , the world 's largest maker of magazine paper , on Tuesday reported a 19-percent profit drop as lower paper prices , higher costs and a strong euro hurt revenue .",1,0.4682038
The agreement includes the entire process of managing Mercator 's supply chain in all regions where the company is currently present .,HELSINKI AFX - Outokumpu said its technology unit has won a 28 mln eur contract from Bosnia-Herzegovina 's Aluminij dd Mostar to upgrade an anode plant .,0,0.3875517
Profit for the period increased from EUR 2.9 mn to EUR 10.5 mn .,"Turun kaupunkin , Finland based company has awarded contract to Lemminkainen Talotekniikka Oy for electrical installation work .",1,0.23001584
"Frost sold shares for $ 19 million at $ 6.06-7 .12 per share , compared with Friday 's high of $ 11.33 and low of $ 10.14 .",Kesko has previously published a stock exchange release concerning the deal on 7 February 2007 .,0,0.5675335
The Department Store Division 's sales fell by 8.6 % to EUR 140.2 mn .,Net sales fell by 5 % from the previous accounting period .,1,0.84869146
"The repo rate will gradually reach 2 % at the end of 2010 , according to Nordea 's Economic Outlook .",Subscription sales decreased slightly .,0,0.39105278
"Finnish Talentum reports its operating profit increased to EUR 20.5 mn in 2005 from EUR 9.3 mn in 2004 , and net sales totaled EUR 103.3 mn , up from EUR 96.4 mn .","However , the proportion of the paid standing orders grew in 2009 .",1,0.6060361
"Jun. 25 , 2008 ( Boy Genius Report delivered by Newstex ) -- The Nokia ( NYSE : NOK ) N78 , huh ?",Diluted earnings per share ( EPS ) rose to EUR 3.68 from EUR 0.50 .,0,0.4694876
"Frost sold shares for $ 19 million at $ 6.06-7 .12 per share , compared with Friday 's high of $ 11.33 and low of $ 10.14 .",Finnish metal products company Componenta Oyj net profit went slightly down to 25.1 mln euro ( $ 40.2 mln ) for the first half of 2008 from 25.4 mln euro ( $ 40.7 mln ) for the same period of 2007 .,1,0.75233066
Finnish Vacon has signed significant deals with Norwegian Scandinavian Electric Systems ( SES ) on the supply of AC drives .,"Outotec 's scope of delivery covers the engineering , supply of special equipment and services for a calcination plant with two circulating fluid bed calciners .",0,0.5394671
The actions are expected to deliver annual cost savings of some EUR15-20m .,This new partnership agreement represents a significant milestone for both parties .,1,0.47586638
"Net profit in the three months through March 31 fell to (  x20ac ) 103 million ( US$ 165 million ) from (  x20ac ) 131 million a year earlier , the Finnish company said .",Operating profit improved to EUR 20.3 mn from EUR 11.4 mn .,0,0.64015526
"Operating loss totalled EUR 4.0 mn , compared to a profit of EUR 8.6 mn in the second quarter of 2008 .","Earnings per share ( EPS ) amounted to EUR1 .37 , down from EUR2 .30 .",1,0.79542714
"Pretax profit rose to EUR 1,019 mn from EUR 1,007 in the corresponding period in 2005 .",Operating profit for 2009 lower than outlook published earlier .,0,0.6069839
"Sales in Finland decreased by 10.5 % in January , while sales outside Finland dropped by 17 % .","Acando AB ( ACANB SS ) fell 8.9 percent to 13.35 kronor , the lowest close since Dec. 11 .",1,0.8232777
"Finnish electronics contract manufacturer Scanfil reports net sales of EUR 58.9 mn in the second quarter of 2007 , down from EUR 62.4 mn a year earlier .",Subject-matter of the invention furthermore is the use of the cyclone for separating partly molten particles . '',0,0.20152779
"Cramo is a service company specialising in construction machinery and equipment rental and rental-related services , as well as the rental and sale of modular space .","S Group 's loyal customer magazine Yhteishyv+ñ came second with 1,629,000 readers and Sanoma Corporation 's daily newspaper Helsingin Sanomat was third with 1,097,000 readers .",1,0.23378393
Finnish Raute Precision that supplies weighing and dosing systems and plants is changing its name to Lahti Precision .,It therefore seems that Finnish shipping company Viking Line will get the subsidy it needs to order its new LNG-fuelled vessel .,0,0.61313456
"This location makes the mall a convenient place to shop for consumers from three large residential areas nearby : Jaroszowka , Wysockiego and Zgody .","( ADP News ) - Feb 12 , 2009 - Finnish IT solutions provider Affecto Oyj ( HEL : AFE1V ) said today its net profit rose to EUR 8.5 million ( USD 11m ) in 2008 from EUR 7 million in 2007 .",1,0.3210677
Revenue in the quarter fell 8 percent to ( EURO ) 2.4 billion compared to a year earlier .,That would be an increase from estimated sales of 117 million last year .,0,0.5997565
"Cash flow from operations totalled EUR 7.4 mn , compared to a negative EUR 68.6 mn in the second quarter of 2008 .",Pretax profit rose to EUR 17.8 mn from EUR 14.9 mn in 2005 .,1,0.7966299
Operating profit in the fourth quarter fell to EUR33m from EUR39m a year earlier .,Another firm Air Liquide was exempted because it left the market in 1998 .,0,0.65093386
"Elisa Corporation will disclose its financial statements for 2006 on Thursday , 8 February 2007 .","Financial , strategic and operational factors are considered .",1,0.30591327
"However , the broker gave an `` outperform '' recommendation on the stock .","Biohit Oyj develops , manufactures and markets liquid handling products and diagnostic test systems for use in research , healthcare and industrial laboratories .",0,0.15685457
Kone 's net sales rose by some 14 % year-on-year in the first nine months of 2008 .,The stock rose for a second day on Wednesday bringing its two-day rise to GBX12 .0 or 2.0 % .,1,0.7495372
The company will make its marketing and sales investments initiated in 2009 even more efficient in 2010 .,"Operating profit totaled EUR 3.8 mn , down from EUR 4.5 mn in the corresponding period in 2005 .",0,0.38591385
"Favourable currency rates also contributed to higher net sales , '' CEO Kari Kauniskangas said .","Systeemitiimi 's sales and project resources will also be strengthened , director Paul Skogberg said .",1,0.74567044
"The closing of the transaction is scheduled to take place on January 10 , 2008 .","Profit before taxes decreased by 9 % to EUR 187.8 mn in the first nine months of 2008 , compared to EUR 207.1 mn a year earlier .",0,0.6551242
"At some point , it will spread also to Iran and Iraq .","The above mentioned shareholders will suggest that a monthly salary of EUR 1,400 would be paid for the Board members outside the company .",1,0.1983815
"Cash flow from operations totalled EUR 7.4 mn , compared to a negative EUR 68.6 mn in the second quarter of 2008 .",Another firm Air Liquide was exempted because it left the market in 1998 .,0,0.5839496
The size of a cider bottle will remain unchanged .,The combined capital of these funds is expected to be EUR 100mn-150mn .,1,0.24957319
"The steelmaker said that the drop in profit was explained by the continuing economic uncertainty , mixed with the current drought in bank lending , resulting in a decline in demand for its products as customers find it increasingly difficult to fund operations .",It therefore seems that Finnish shipping company Viking Line will get the subsidy it needs to order its new LNG-fuelled vessel .,0,0.38277006
"The company 's set of services include digital printing , printing preparation , offset-printing , after-treatment services and send out services .","Outotec 's scope of delivery covers the engineering , supply of special equipment and services for a calcination plant with two circulating fluid bed calciners .",1,0.6358274
"Thus the method will cut working costs , and will fasten the planning and building processes .","ADP News - Apr 22 , 2009 - Finnish business information systems developer Solteq Oyj HEL : STQ1V said today its net loss widened to EUR 189,000 USD 245,000 for the first quarter of 2009 from EUR 10,000 for the same peri",0,0.32990634
The net sales decreased to EUR 49.8 million from EUR 59.9 million .,The net sales of the whole fiscal year 2008 will be lower than in 2007 and operating profit is estimated to be negative .,1,0.80903673
Both Mr Walden and Mr Ignatius will be responsible also for the newspapers ' business result .,The pretax profit of the group 's life insurance business increased to EUR 36 million from EUR 27 million .,0,0.35578445
"Shares of Standard Chartered ( STAN ) rose 1.2 % in the FTSE 100 , while Royal Bank of Scotland ( RBS ) shares rose 2 % and Barclays shares ( BARC ) ( BCS ) were up 1.7 % .",Net sales revenue per passenger is expected to increase .,1,0.4920648
"Both operating profit and net sales for the six-month period increased , respectively from EUR0 .4 m and EUR3 .2 m , as compared to the corresponding period in 2005 .",The Group 's order portfolio decreased from EUR 42.9 mn in 9-2007 to EUR 33.3 mn in 2-2008 .,0,0.5312813
The continued operations mean the structure after the restructuring of the Aspocomp group including Aspocomp Oulu and the headquarter operations .,"Our customers come from the following countries : UK , USA , Spain , France , Italy , Germany , China , Hong Kong , Sweden , Norway , Netherlands , Austria , Belgium , Switzerland , Czech Republic , Finland , Canada , Russia , Ukraine , Denmark , Ireland , South Korea and Liechtenstein .",1,0.5160507
Subscription sales decreased slightly .,"Operating profit was EUR 139.7 mn , up 23 % from EUR 113.8 mn .",0,0.34031403
"In October , UPM reported a third-quarter net loss of euro86 million $ 110 million compared with a net profit of euro120 million in 2007 .","Operating profit , excluding non-recurring items , totaled EUR 0.2 mn , down from EUR 0.8 mn in the corresponding period in 2006 .",1,0.7816383
The company has 120 employees and annual sales of approximately EUR16m .,Earnings per share ( EPS ) in 2005 decreased to EUR1 .87 from EUR1 .89 in 2003 .,0,0.54869175
"The group 's operating loss was EUR 0.8 mn , down from a profit of EUR 2.5 mn in 2004 .","In the building and home improvement trade , sales decreased by 6.3 % , totalling EUR 154.1 mn .",1,0.8306565
"At the end of March 2009 , the company 's loans amounted to EUR 10.113 mn .",The new factory working model and reorganisations would decrease Nokian Tyres ' costs in the factory by EUR 30 million ( USD 38.7 m ) .,0,0.5652591
"The Baltimore Police and Fire Pension , which has about $ 1.5 billion , lost about $ 3.5 million in Madoff Ponzi scheme .","The company 's profit totaled Ls 578,100 in H1 2007 , down 30.9 % year-on-year .",1,0.7519665
"Finnish textiles and clothing group Marimekko Oyj posted a net profit of 7.99 mln euro $ 10.4 mln for 2006 , compared to 8.4 mln euro $ 10.9 mln for 2005 .","The contract incorporates a Convergent Charging rating solution for voice and data , which includes Internet , GPRS , SMS , MMS and WAP .",0,0.29657835
A huge issue for us is the button placement .,The share subscription period will expire on 30 September 2007 .,1,0.24012263
"The maximum amount of the capital loan will be EUR30m and the minimum subscription -- EUR10 ,000 .","Operating profit margin was 8.3 % , compared to 11.8 % a year earlier .",0,0.57710326
"Finnish plumbing and heating systems supplier Uponor 's net sales from continuing operations decreased by 9.4 % in 2008 to EUR 949.2 mn from EUR 1,047.4 mn in 2007 .","YIT lodged counter claims against Neste Oil totaling some EUR25m , primarily based on work carried out under the contract and additional costs incurred due to prolongation of the project .",1,0.5027367
Operating profit in the fourth quarter fell to EUR33m from EUR39m a year earlier .,"Metso expects its net sales to increase by about 10 % in 2008 , at comparable exchange rates .",0,0.5274354
"`` Small firms are suffering at the moment because they are likely to have money trouble , '' he added .","Pretax profit totaled EUR 9.0 mn , down from EUR 36.3 mn in 2007 .",1,0.43747577
Finnish forest machinery manufacturer Ponsse 's net sales grew to EUR 51.3 mn in the first quarter of 2010 from EUR 37.5 mn in the corresponding period in 2009 .,Finnish communication electronics components supplier Scanfil Oyj Tuesday said sales in the first half of 2006 will be 15 % lower than during the same period a year ago .,0,0.76758885
"Mformation and Nokia noted they have established interoperability agreements that cover commercially proven , standards-based management of mobile devices , as well as mobile device security and mobile application management .","In addition , Cramo and Peab have signed exclusive five-year rental agreements in Finland and have extended their existing rental agreements in the Swedish market for another five years .",1,0.38787746
"Exports of goods fell by 59 % , and imports by 16.7 % .",Satama 's net sales would be higher than the year before .,0,0.48323998
Operating profit rose to EUR 13.1 mn from EUR 8.7 mn in the corresponding period in 2007 representing 7.7 % of net sales .,"Both operating profit and turnover for the nine-month period increased , respectively from EUR2 .4 m and EUR43 .8 m , as compared to the corresponding period a year ago .",1,0.8359901
"Finnish financial software solutions developer BasWare Oyj said its net profit fell to 884,000 euro ( $ 1.2 mln ) for the first quarter of 2007 from 2.0 mln euro ( $ 2.7 mln ) a year earlier .","Ramirent 's net sales in the second quarterended June 30 were EURO 128.7 million about U.S. $ 163 million , a 3.3-percent increase compared with EURO 124.6 million for thesecond quarter last year .",0,0.75958055
"Net sales of Kyro 's main business area , Glaston Technologies , a manufacturer of glass processing machines , decreased to EUR 161.5 mn from EUR 164.1 mn in January-September 2005 .",Reported operating margin was a negative 5.9 % .,1,0.5792301
The soapstone deposits in the Medvezhyegorsk area are expected to increase Tulikivi 's current reserves considerably .,"When dialing in , the participants should quote 877417 as conference ID .",0,0.3207804
"Finnish metal products company Componenta Oyj ( HEL : CTH1V ) said today its net loss narrowed to EUR 500,000 ( USD 680,000 ) in the last quarter of 2010 from EUR 5.3 million for the same period a year earlier .",The aim is an annual improvement in Ruukki Construction 's operating profit of more than EUR 3 million USD 4.1 m starting in 2009 .,1,0.705703
"External net sales from the printing business fell by 43.7 % , partly due to the termination of the printing contract between Ilkka-Yhtyma 's printing house I-print Oy and sector player HSS Media AB in December 2009 and the fall in printing prices .","With the U.S. Federal Government putting a stake in the ground , vendors - and their customers - are focused on meeting the deadline .",0,0.44947627
Construction volumes meanwhile grow at a rate of 10-15 percent annually .,Circulation revenue has increased by 5 % in Finland and 4 % in Sweden in 2008 .,1,0.5890242
VNH generates annual net sales of about 5 mln eur and employs 21 people .,"In December alone , the members of the Lithuanian Brewers ' Association sold a total of 20.3 million liters of beer , an increase of 1.9 percent from the sales of 19.92 million liters in December 2004 .",0,0.71415824
The plant is expected to start production in the first half of 2007 .,The shares represented 4.998 % of total share capital and 2.14 % of total voting rights .,1,0.44925484
KONE is listed on the Nordic Exchange in Helsinki .,"In the third quarter , net sales increased by 12 % year-on-year to EUR159 .5 m , or by 6 % at comparable currency rates growth .",0,0.26700932
"Revenue for the quarter totaled 27.4 billion , down 2 percent from 28.1 billion in the fourth quarter in 2008 .",The real estate company posted a net loss of +ó  x201a -¼ 59.3 million +ó  x201a -¼ 0.21 per share compared with a net profit of +ó  x201a -¼ 31 million +ó  x201a -¼ 0.11 per share for the corresponding quarter of 2007 .,1,0.85526025
"( ADP News ) - Oct 1 , 2008 - Finnish consulting and engineering company Poyry Oyj ( OMX : POY1V ) said today it was awarded a EUR 5.2 million ( USD 7.4 m ) extension to their existing consultancy engineering contract with Venezuel",The maximum number of new shares to be offered is 22 million .,0,0.56637084
"Products include Consumer Electronics devices such as mobile phones and their accessories , set-top boxes , flat panel TVs as well as System Solutions products such as infrastructure systems , modules and other industrial segment products .",Niklas Skogster has been employed by the ABB Group in various positions concerning the development of operations .,1,0.51681715
"Net sales of Finnish Sanoma Learning & Literature , of Finnish media group Sanoma , decreased by 3.6 % in January-June 2009 totalling EUR 162.8 mn , down from EUR 168.8 mn in the corresponding period in 2008 .",The combined value of the orders is almost EUR 3mn .,0,0.5493865
Sanoma News ' advertising sales decreased by 22 % during the year .,"Agricultural newspaper Maaseudun Tulevaisuus had 318,000 readers , representing a decrease of 6 % .",1,0.7915747
"Both operating profit and turnover for the six-month period increased , respectively from EUR0 .1 m and EUR29 .0 m , as compared to the corresponding period a year ago .",STOCK EXCHANGE ANNOUNCEMENT 20 July 2006 1 ( 1 ) BASWARE SHARE SUBSCRIPTIONS WITH WARRANTS AND INCREASE IN SHARE CAPITAL A total of 119 850 shares have been subscribed with BasWare Warrant Program .,0,0.7071564
"Through the Nordic Exchange , OMX offers access to approximately 80 percent of the Nordic and Baltic securities market .","The broker started UPM-Kymmene , Stora Enso and Sappi with ` equal-weight ' recommendations and Holmen and Norske Skog with ` underweight ' ratings .",1,0.52775896
"From 2003 on , the emphasis of Kyro 's strategy has been on Glaston 's growth .","Finnish electronics contract manufacturer Scanfil had net sales of EUR 52.2 mn in the first quarter of 2007 , down from EUR 60.1 mn a year before .",0,0.45162386
"The contract value amounts to about EUR11m , the company added .","Jeder Beta-Tester erh+ñlt kostenlos sechs Monate lang Updates und hat laut eigener Aussage die M+Âglichkeit , die finale Version zu beeinflussen .",1,0.41108304
"The total scope of the project is about 38,000 square metres and it is valued at a total of around EUR75m .",Net profit was 35.5 mln compared with 29.8 mln .,0,0.6772187
"The business area has operations in Finland , Sweden , Denmark , Estonia , Latvia and Lithuania .","Stockholm , 3 March 2011 About Cybercom The Cybercom Group is a high-tech consultancy that offers global sourcing for end-to-end solutions .",1,0.44612986
Changes to the as-built models from the design were communicated to the subcontractors to accommodate them into the steel and GRC glass reinforced concrete fabrication process .,"Finnish electronics contract manufacturer Scanfil reports net sales of EUR 58.9 mn in the second quarter of 2007 , down from EUR 62.4 mn a year earlier .",0,0.18713842
"In August-October 2010 , the company 's result before taxes totalled EUR 9.6 mn , up from EUR 0.5 mn in the corresponding period in 2009 .","( ADP News ) - Feb 11 , 2009 - Finnish management software solutions provider Ixonos Oyj ( HEL : XNS1V ) said today its net profit rose to EUR 3.5 million ( USD 4.5 m ) for 2008 from EUR 3.1 million for 2007 .",1,0.7791365
Net interest income increased by 4.5 % to EUR 31.4 mn from EUR 30.0 mn in 2004 .,"Please inform IR Johanna Koskinen of your participation no later than 20 April at 10 a.m. A telephone conference for financial analysts and investors , conducted in English , will begin at 3:00 p.m. Finnish time ( EET ) .",0,0.46845222
"Operating margin , however , slipped to 14.4 % from 15.1 % , dragged down by a poor performance in enterprise solutions .","( ADPnews ) - Feb 3 , 2010 - Finland-based steel maker Rautaruukki Oyj ( HEL : RTRKS ) , or Ruukki , said today it slipped to a larger-than-expected pretax loss of EUR 46 million ( USD 64.5 m ) in the fourth quarter of 2009 from a",1,0.70052195
The net sales decreased to EUR 49.8 million from EUR 59.9 million .,"May 29 , 2010 ( CompaniesandMarkets.com delivered by Newstex ) -- This report provides key data and information on the meat , fish and poultry market in Finland .",0,0.27201927
Operating profit excluding non-recurring items was EUR 7.8 million compared to EUR 11.2 million .,"Salcomp Oyj , the Finnish maker of mobile phone chargers , Monday posted a EUR1 .49 million loss in the second quarter compared with a 1.70 million profit in the same period the previous year .",1,0.61623377
"In the reporting period , net sales rose by 8 % year-on-year to EUR64 .3 m , due to the business acquisitions realized during the first half of 2008-09 , the effect of which was EUR10 .9 m in the review period .","According to CEO Matti Perkonoja of the parent company HKScan , the company 's performance in the first quarter of 2010 has remained clearly below the level of the corresponding period in 2009 .",0,0.57188314
"Fortum needs a clear signal of commitment from the Government that the permit is available before the company will start the next round , Kuula says .","The contractor of the shopping center , China State Construction Engineering Corporation , has previously built e.g. airports , hotels and factories for large international customers in different parts of the world .",1,0.46186823
Earnings per share ( EPS ) in 2005 decreased to EUR1 .87 from EUR1 .89 in 2003 .,The policy was also aimed at making the companies more profitable and competitive .,0,0.15784654
"( ADP News ) - Nov 5 , 2008 - Finnish electronic measurement products and solutions maker Vaisala Oyj ( OMX : VAIAS ) said today that its net profit rose to EUR 18 million ( USD 23.1 m ) for the first nine months of 2008 from EUR 1",The pretax profit of the group 's life insurance business increased to EUR 36 million from EUR 27 million .,1,0.779478
The pretax profit of the group 's life insurance business increased to EUR36m from EUR27m .,RSA 's shares closed at 156.9 p at the time of going to press .,0,0.31634387
"It generated an operating loss of EUR 96.3 mn , down from a profit of EUR 43.9 mn .","ADPnews - Jul 17 , 2009 - Finland-based steel maker Rautaruukki Oyj Ruukki HEL : RTRKS said today it slipped to a net loss of EUR 184 million USD 259.7 m for the first half of 2009 from a net profit of EUR 2",1,0.8113042
"Operating profit , excluding non-recurring items , totaled EUR 0.2 mn , down from EUR 0.8 mn in the corresponding period in 2006 .",Operating profit totaled EUR 17.7 mn compared to EUR 17.6 mn in the corresponding period in 2007 .,0,0.8495705
"Revenue was slightly down , at  x20ac 495 million $ 634 million , compared to  x20ac 497 million a year earlier .",Glaston 's net profit for the third quarter of 2007 dropped to 2.4 mln euro ( $ 3.5 mln ) from 3.5 mln euro ( $ 5.1 mln ) for the corresponding period of 2006 .,1,0.8334529
"ADPnews - Aug 3 , 2009 - Finnish media group Ilkka-Yhtyma Oyj HEL : ILK2S said today its net profit fell 45 % on the year to EUR 5.9 million USD 8.4 m in the first half of 2009 .",Net sales grew in the period to  x20ac 402 million $ 585US million from  x20ac 401 million in 2006 .,0,0.63633573
A filter is used to pre-process packets to determine if they need to be further processed by the processor of the network device .,Technopolis has approximately 130 customer companies in Jyvaskyla .,1,0.21600053
"As much biomass will be used as can be sourced locally , with the rest of the plant 's fuel needs met by peat .",Operating loss totaled EUR 25mn compared to a profit of EUR 63mn in the corresponding period in 2005 .,0,0.31300327
The company slipped to an operating loss of EUR 2.6 million from a profit of EUR 1.3 million .,Finnish glass technology company Glaston Oyj Abp net profit decreased to 2.6 mln euro ( $ 3.8 mln ) for the first nine months of 2007 from 7.8 mln euro ( $ 11.4 mln ) for the same period of 2006 .,1,0.829044
"However , sales volumes in the food industry are expected to remain at relatively good levels in Finland and in Scandinavia , Atria said .","The company expects its net sales for the whole of 2007 to be EUR 950mn-1 ,000 mn .",0,0.48758578
"Profitability ( EBIT % ) was 13.9 % , compared to 13.1 % in the previous-year period .",Efore 's results for the last quarter showed an even faster improvement as the company managed to better source its components .,1,0.56892645
"In July-September 2009 , Konecranes ' sales decreased to EUR 368.7 mn from EUR 520.4 mn in July-September 2008 .","She will succeed Krister Kylas , who has decided to leave TeliaSonera .",0,0.35251153
The expanded company will continue to be called NewPage .,"Panostaja , headquartered in Tampere , Finland , is an investment company focusing on small and medium-sized Finnish companies operating in the traditional industries .",1,0.2754715
"rosendal at outotec.com Eila Paatela , Vice President - Corporate Communications tel. +358 20 529 2004 , +358 400 817198 e-mail eila .",Finnish Aktia Group 's operating profit rose to EUR 17.5 mn in the first quarter of 2010 from EUR 8.2 mn in the first quarter of 2009 .,0,0.36320695
The company did not disclose the price of the acquisition .,Combined net sales in 2006 were $ 27 million and EBITDA was $ 13.7 million .,1,0.34758288
"Vaahto Pulp & Paper , of Finnish Vaahto Group , has been awarded an order to renovate Finnish-Swedish forest industry company Stora Enso 's paperboard machine at the Ingerois Board Mill in Finland .",Operating profit fell to EUR 15.1 mn from EUR 24.6 mn in 2006 .,0,0.39671776
Kesko has previously published a stock exchange release concerning the deal on 7 February 2007 .,Marimekko is considering further measures in the matter .,1,0.27319115
"Operating loss totalled EUR 0.9 mn , down from a profit of EUR 2.7 mn .","The group intends to relocate warehouse and office space in Loudeac and Saint Marcel to Morvillars , in the east of the country , where it already operates a hook manufacturing and distribution unit .",0,0.20186862
"Advertising and circulation revenues grew by 3.4 % and by 0.4 % , respectively .",It therefore seems that Finnish shipping company Viking Line will get the subsidy it needs to order its new LNG-fuelled vessel .,1,0.3235252
Marimekko is considering further measures in the matter .,"Finnish Scanfil , a systems supplier and contract manufacturer to the communications sector and the electronics industry , reports its net sales totalled EUR 94.7 mn in the first half of 2010 , down from EUR 99.5 mn in the first half of 2009 .",0,0.100122556
"The company 's consolidated operating profit amounted to EUR 15.86 mn , up from EUR 4.14 mn year-on-year .","Global sports equipment maker Amer Sports Corp. , whose brands include Atomic , Salomon and Wilson , saw a 64 percent increase in third-quarter net profit to EURO 47.4 million $ 65 million on strong sales and cost cuts .",1,0.7850239
EPS dropped to EUR0 .2 from EUR0 .3 .,Operating profit increased by 145.1 % to EUR 8.3 mn from EUR 3.4 mn .,0,0.45720387
The new B shares carry the right to dividend and other shareholder rights with effect from today .,"The new company , DiaPol S.r.l. , would manufacture tools meant for glass and stone pre-processing .",1,0.43703312
The transaction is planned to be financed with a EUR40m market-based loan granted by Standard Chartered Bank Hong Kong .,Net sales increased to EUR655m in April to June 2010 from EUR438m a year earlier .,0,0.5044813
"Profit for the period totaled EUR 39.4 mn , up from EUR 33.9 mn in the corresponding period in 2006 .","HELSINKI ( AFX ) - Retail and wholesale group Kesko reported net sales of 659.4 mln eur for February , an increase of 10.8 pct year-on-year .",1,0.7759609
Stockmann was established in 1862 in Finland and it became the first foreign company to enter Russia 's retail trade market in 1989 .,`` Those uncertainties cloud the long-term outlook . '',0,0.089137174
"According to Atria 's President and CEO Matti Tikkakoski , the company 's Swedish operations significantly improved in the first quarter .",Return on equity stood at 18.3 % compared to 15.4 % in the third quarter of 2005 .,1,0.6110332
"According to Finnish petrol station chain St1 's managing director Kim Wiio , the company was forced to make purchases with rising prices in the first half of 2008 , and now consumer prices are going down almost daily due to competition .",The acquisition will have an immediate positive impact on Aspocomp 's financial result .,0,0.27999705
Work on the assignment has already started and is due for completion in spring 2011 .,Subject-matter of the invention furthermore is the use of the cyclone for separating partly molten particles . '',1,0.15527394
"The major part of the deliveries include different AC and CXE amplifier solutions and products by Belgian DINH Telecom , a broadband solutions company acquired by Teleste in the spring of 2007 .","a January 11 , 2010 EPHC board of directors has approved an increase in the quarterly dividend from $ 0.03 to $ 0.05 per share .",0,0.54978573
"Managing Director 's comments : `` Net sales for the first quarter were notably lower than a year before , especially in Finland , Russia and the Baltic countries .",Ruukki Group calculates that it has lost EUR 4mn in the failed project .,1,0.7070993
"Operating profit totalled EUR 1.22 mn , down from EUR 3.56 mn in the first quarter of 2008 .","The share capital of Biotie Therapies Corp. constitutes 90,211,860 shares in the aggregate and the number of voting rights attached to the shares amounts to 90,211,860 .",0,0.5629307
Finnish glass technology company Glaston Oyj Abp net profit decreased to 2.6 mln euro ( $ 3.8 mln ) for the first nine months of 2007 from 7.8 mln euro ( $ 11.4 mln ) for the same period of 2006 .,"Furthermore , sales of new passenger cars and light commercial vehicles in the country declined by 5.4 % year-on-year last month .",1,0.85358214
"Savon koulutuskuntayhtyma , Finland based company has awarded contract for specialist agricultural or forestry machinery .",Name of Company in which holdings have been acquired : Citycon Oyj 2 .,0,0.30646795
Diluted EPS rose to EUR3 .68 from EUR0 .50 .,"Finnish silicon wafer technology company Okmetic Oyj ( OMX Helsinki : OKM1V ) reported on Thursday ( 7 August ) an operating profit of EUR5 .3 m for the period January-June 2008 , up from EUR3 .3 m in the corresponding period in 2007 .",1,0.60814035
"According to Finnair Technical Services , the measure is above all due to the employment situation .",The company slipped to an operating loss of EUR 2.6 million from a profit of EUR 1.3 million .,0,0.2056762
"Also , a six-year historic analysis is provided for these markets .","There will be return flights from Stuttgart every morning , as well as evening departures on Thursdays , Fridays and Sundays .",1,0.4082935
Operating profit rose from EUR 1.94 mn to EUR 2.45 mn .,"Copper , lead and nickel also dropped ... HBOS ( HBOS ) plummeted 20 % to 70.3 pence after saying this year+ó ??",0,0.55359757
"Rohwedder Group is an automotive supplies , telecommunications and electronics industry provider for customers in Europe , North America and Asia .",The share subscription period for C options will commence on 1 September 2008 and expire on 31 March 2011 .,1,0.34617546
"9 September 2010 - Finnish stationery and gift retailer Tiimari HEL : TII1V said today its net sales rose by 2 % year-on-year to EUR5 .7 m in August 2010 , driven by growth in Finland , while demand in the Baltics remained weak .","The latest date for registration is on 4 April , 2006 .",0,0.43196958
"Operating profit was EUR 0.6 mn , up from a loss of EUR 19mn a year earlier .","The six breweries recorded a 5.2 percent growth in domestic beer sales last year to 270.21 million liters , from 256.88 million liters sold in 2005 .",1,0.71894836
"Tekla will organize an information meeting for analysts and media at WTC Helsinki Marski meeting room , Aleksanterinkatu 17 , the same day at 12:30 - 1:30 p.m. Light lunch will be served .","Cargotec Corporation , Press Release , August 26 , 2008 at 10 a.m. Finnish time Cargotec 's MacGREGOR business area providing marine cargo handling and offshore load handling solutions has received significant offshore crane retrofit order .",0,0.59133303
"Net sales of Finnish Sanoma Learning & Literature , of Finnish media group Sanoma , decreased by 3.6 % in January-June 2009 totalling EUR 162.8 mn , down from EUR 168.8 mn in the corresponding period in 2008 .","Copper , lead and nickel also dropped ... HBOS ( HBOS ) plummeted 20 % to 70.3 pence after saying this year+ó ??",1,0.8023641
The company may at any time have in its possession one tenth of all its shares at the maximum .,"Konecranes Oyj KCR1V FH fell 5.5 percent to 20.51 euros , the biggest fall since June .",0,0.42962515
8 May 2009 - Finnish liquid handling products and diagnostic test systems maker Biohit Oyj ( HEL : BIOBV ) said today ( 8 May 2009 ) its net loss narrowed to EUR0 .1 m ( USD0 .14 m ) for the first quarter of 2009 from EUR0 .4 m for the same period of 2008 .,"Due to rapid expansion , the market share of Tallink in terms of passenger carriage through Tallinna Sadam Port of Tallinn totaled 55 percent in November against 45.7 percent in November 2005 .",1,0.5189647
"Key shareholders of Finnish IT services provider TietoEnator Oyj on Friday rejected a hostile EUR1 .08 billion $ 1.67 billion offer from buyout shop Nordic Capital , giving new life to a possible counter offer from Blackstone Group LP and Norwegian telecom Telenor ASA .",The shares shall be acquired according to the Rules of NASDAQ OMX Helsinki and otherwise according to the rules related to acquisition of the company 's own shares .,0,0.44848105
Ponsse will divide its sales and maintenance service network into six geographical areas .,"Its customers include local companies Slo Oy , Kiilto Oy , Toptronics Oy , Normark Suomi Oy , Pellonpaja Oy and Mansner Oy .",1,0.33497044
"The disposal of Autotank will also strengthen Aspo 's capital structure , '' commented Gustav Nyberg , CEO of Aspo .","However , the company saw its net profit for the third quarter down to EUR1 .4 m from EUR1 .5 m for the corresponding period of 2009 .",0,0.37260246
"The fourth quarter saw Rapala swing back to a pretax profit of 1.5 mln eur from a year earlier loss of 1.2 mln on the back of a 30 pct uplift in sales to 44.8 mln eur , and a stronger performance in North America .",The stock rose for a third day on Tuesday bringing its three-day rise to GBX10 .50 or 1.8 % .,1,0.8212904
"Salcomp Oyj , the Finnish maker of mobile phone chargers , Monday posted a EUR1 .49 million loss in the second quarter compared with a 1.70 million profit in the same period the previous year .",It has80 branches in Finland with annual revenue in Finland of ?,0,0.697605
"In January , traffic , measured in revenue passenger kilometres RPK , went up by 3.2 % and capacity , measured in available seat kilometres ASK , rose by 12.2 % .","Profit per share was EUR 1.03 , up from EUR 0.87 .",1,0.6722642
"( ADPnews ) - Feb 3 , 2010 - Finland-based steel maker Rautaruukki Oyj ( HEL : RTRKS ) , or Ruukki , said today it slipped to a larger-than-expected pretax loss of EUR 46 million ( USD 64.5 m ) in the fourth quarter of 2009 from a","Ragutis , which is based in Lithuania 's second-largest city Kaunas , boosted its sales last year 22.3 per cent to 36.4 million liters .",0,0.688216
The transaction included also the transfer of the lease agreement concerning manufacturing premises and employment agreements related to these operations .,RL-Nordic is a part of Raiffeisen-Banking-Group Austria and is a subsidiary to Raiffeisen-Leasing GmbH in Austria .,1,0.46911728
Operating loss amounted to EUR 0.9 mn in the first half of 2006 compared to a profit of EUR 0.5 mn in the first half of 2005 .,Earnings per share EPS rose to EUR 0.11 from EUR 0.03 .,0,0.7338966
Cash flow from operations in January-December 2008 was a negative EUR 18.1 mn compared to EUR 39.0 mn in the corresponding period in 2007 .,"Profit for the period totalled EUR 0.8 mn , down from EUR 1.1 mn in the corresponding period in 2008 .",1,0.88070506
"Metso expects its net sales to increase by about 10 % in 2008 , at comparable exchange rates .","According to Finnish FIM Bank , Alpro 's price would be around EUR 100mn-150mn .",0,0.5365008
"According to CapMan Plc 's Corporate Governance , the majority of the committees ' members shall be independent of the Company .",The company 's board of directors has proposed a dividend of EUR0 .12 per share for 2006 .,1,0.46636543
"Insurer Axa ( PAR : CS ) slid by 5.35 % to EUR 14.15 , after Citigroup and ING slashed their targets on the stock .",Finnish-Swedish TietoEnator is expanding its business quickly in Russia .,0,0.35352495
"Acando AB ( ACANB SS ) fell 8.9 percent to 13.35 kronor , the lowest close since Dec. 11 .","Sales in Finland decreased by 2.0 % , and international sales decreased by 9.3 % in terms of euros , and by 15.1 % in terms of local currencies .",1,0.760184
An international conference call and audio webcast concerning the financial result January-March 2010 will begin at 14.00 EET .,Net sales fell by 33 % from the third quarter of 2008 to EUR 130.5 mn .,0,0.41036683
The group 's net sales in 2007 were EUR683 .6 m.,The company also equipped the sculptural complex Rabochy i Kolkhoznitsa A Worker and a Collective Farmer in Moscow with snow melting system .,1,0.24099755
"HELSINKI AFX - Salcomp , the mobile phone charger manufacturer , said it has appointed Markku Hangasjarvi as its new CEO , following the resignation of Mats Eriksson .","In the second quarter of 2010 , the group 's net profit rose to EUR3 .1 m from EUR2 .5 m in April-June 2009 .",0,0.42215014
Aspo 's Group structure and business operations are continually developed without any predefined schedules .,"The share capital of Alma Media Corporation business ID 1944757-4 is EUR 44,767,513.80 and it is divided into 74,612,523 shares .",1,0.25355917
"According to Viking Line 's Managing Director , Nils-Erik Eklund , the company 's Board of Directors is very satisfied with Viking Line 's performance .","Finnish GeoSentric 's net sales decreased to EUR 939,000 in January-March 2009 .",0,0.24133332
"a January 11 , 2010 EPHC board of directors has approved an increase in the quarterly dividend from $ 0.03 to $ 0.05 per share .",Return on capital employed rose by 4.8 percentage points to 19.6 % .,1,0.6705445
"Trading in the new shares , which have right to dividends and other distributions of funds , will start on the exchange in Helsinki tomorrow .","HELSINKI Thomson Financial - Shares in Cargotec fell sharply in early afternoon trade after the cargo handling group posted a surprise drop in April-June profits , which overshadowed the large number of new orders received during the three months .",0,0.39021236
Comptel Corporation will publish its financial statements for 2008 on 12 February 2009 .,"F-Secure , a developer of security solutions as a service through Internet Service Providers and mobile operators , announced results from its annual Online Wellbeing Survey .",1,0.5441799
The value of the order is nearly EUR400m .,"Operating profit totalled EUR 0.4 mn , up from an operating loss of EUR 0.8 mn year-on-year .",0,0.6021237
"However , net sales in 2010 are seen to have grown to EUR598 .3 m from EUR582 .3 m in 2009 .",Cash flow from business operations totalled EUR 0.4 mn compared to a negative EUR 15.5 mn in the first half of 2008 .,1,0.69393176
The company moved to an operating profit of EUR10 .9 m versus an operating loss of EUR15 .3 m. It also turned to EPS of EUR0 .08 versus loss per share of EUR0 .04 .,"Deliveries of Nokia 1112 , Nokia 2310 and Nokia 2610 are expected to start in the second quarter of 2006 .",0,0.5467336
"Finnish Suominen Corporation that specialises in wet wipes , nonwovens , and flexible packaging reports net sales of EUR 44.1 mn in the second quarter of 2010 , up from EUR 43.3 mn in the second quarter of 2009 .","HELSINKI ( AFX ) - Retail and wholesale group Kesko reported net sales of 659.4 mln eur for February , an increase of 10.8 pct year-on-year .",1,0.7904585
"Country : , Finland Sector : Construction-Real Estate Target : Pohjolan Design-Talo Oy Buyer : CapMan Oyj Vendor : Ruukki Group Oyj Deal size in USD : 102.6 m Type : Divestment Status : Agreed","Finnish power supply solutions and systems provider Efore Oyj said its net loss widened to 3.2 mln euro $ 4.2 mln for the first quarter of fiscal 2006-2007 ending October 31 , 2007 from 900,000 euro $ 1.2 mln for the same period of fiscal 2005-06 .",0,0.6552831
"In 2007 Talentum will disclose three Interim Reports - Q1 ( January - March ) on Friday , 27 April , 2007 - Q2 ( April - June ) on Friday , 20 July , 2007 - Q3 ( July - September ) on Friday , 26 October , 2007 .","`` Each year , personal entertainment plays a more significant role in determining whether a fitness facility 's workout experience is pleasurable or a chore , '' said Brian Wilson , director of marketing for Precor 's Entertainment & Services Division .",1,0.48626083
"Neste Oil will publish its third quarter 2008 results on Friday , 24 October 2008 at approximately 9 am ( EET ) .",Net sales fell by 5 % from the previous accounting period .,0,0.3454136
"At this growth rate , paying off the national debt will be extremely painful .",Operating profit for continuing operations fell to EUR 48.3 mn from EUR 72.4 mn in the first half of 2007 .,1,0.45680523
"The company said that paper demand increased in all of its main markets , including of publication papers , and that it increased average paper prices by 4 percent compared with last year .",The company 's model is based on developer contracting construction projects and customer focused project management .,0,0.16270143
"Danske Bank A-S DANSKE DC jumped 3.7 percent to 133.4 kroner , rebounding from yesterday s 3.5 percent slide .","`` After a long , unprofitable period the Food Division posted a profitable result , which speaks of a healthier cost structure and a new approach in business operations , '' Rihko said .",1,0.49359897
The transaction is expected to be finalized by Dec 2009 .,Loss for the period totalled EUR 15.6 mn compared to a profit of EUR 6.3 mn in 2008 .,0,0.43430787
"The company also appointed Leif Rosen head of the Special Plate unit which includes the quarto plate units in Degerfors , Sweden , and New Castle , USA , the unit in Willich , Germany , as well as Pressplate and Prefab in Avesta and Plate Service Centre Nordic in Degerfors .","The broad-based WIG index ended Thursday 's session 0.1 pct up at 65,003.34 pts , while the blue-chip WIG20 was 1.13 down at 3,687.15 pts .",1,0.34905988
"The total donation amount is EUR 1,115,000 .",Net sales dropped by 6 % year-on-year to EUR 11.9 million .,0,0.4492082
"The Australian company Mirabela Nickel has awarded Outokumpu Technology a contract for grinding technology for its nickel sulfide project in Bahia State , Brazil .","Both operating profit and net sales for the 12-month period increased , respectively from EUR4 .7 m and EUR26 .7 m , as compared to 2004 .",1,0.24443112
Return on investment ROI was 4.1 % compared to 43.8 % in the first half of 2008 .,"A Helsinki : ELIiV today reported EPS of EUR1 .13 for 2009 , an increase over EPS of EUR1 .12 in 2008 .",0,0.6811228
"In addition to the Tulikivi Corporation , he is also currently a member of the Board of the following companies : Altia Corporation , J+ñrvi-Suomen Portti Osuuskunta , Osuuskunta KPY , Profile Vehicles Oy and Voimatel Oy .",The appointments will be in force until the new CEO has been appointed .,1,0.48695582
"Both operating profit and sales for the three-month period increased , respectively from EUR0 .3 m and EUR13 .1 m , as compared to the corresponding period in 2005 .","In the fourth quarter of 2006 , OKO Banks expects the operating environment for Banking and Investment Services to remain similar to that in January-September 2006 .",0,0.5054518
About Dopplr Dopplr is a service for smart travellers .,The total value of the deliveries is some EUR65m .,1,0.28154033
"The company said that the operations will be sold to a newly established company , CPS GmbH , where the present management of the plastics business is a co-owner .",The Department Store Division 's sales fell by 8.6 % to EUR 140.2 mn .,0,0.33340707
Net sales fell by 5 % from the previous accounting period .,"Operating profit totalled EUR 1.22 mn , down from EUR 3.56 mn in the first quarter of 2008 .",1,0.7753035
The identity of the buyer is not yet known .,"Pretax profit rose to EUR 1,019 mn from EUR 1,007 in the corresponding period in 2005 .",0,0.125914
"However , the proportion of the paid standing orders grew in 2009 .","The chain posted sales of 298 million euros for full 2005 , a rise of 19.5 percent , year-on-year .",1,0.6554737
"Full-year net sales are expected to increase by approximately 10 % , the company said .","Operating result showed a loss of EUR 2.9 mn , while a year before , it showed a profit of EUR 0.6 mn .",0,0.5190722
"The value of the contract is about EUR1 .0 m. Poyry , headquartered in Vantaa , Finland provides consulting and engineering services to the energy , forestry and infrastructure & environment sectors .",There have not been previous share subscriptions with 2004 stock options .,1,0.31178242
"ADPnews - Aug 3 , 2009 - Finnish media group Ilkka-Yhtyma Oyj HEL : ILK2S said today its net profit fell 45 % on the year to EUR 5.9 million USD 8.4 m in the first half of 2009 .",Amanda Capital has investments in 22 private equity funds and in over 200 unquoted companies mainly in Europe .,0,0.55293
"`` After a long , unprofitable period the Food Division posted a profitable result , which speaks of a healthier cost structure and a new approach in business operations , '' Rihko said .",Net sales in 2007 are expected to be 10 % up on 2006 .,1,0.45243847
"Local government commissioner of +àm+Ñl , Kurt Svensson , says he will contact the management of Finnish company Componenta to find out if there are any alternatives to the company 's decision to close down its plant in +àm+Ñl .",Market share decreased on the route between Helsinki in Finland and Tallinn in Estonia by 0.1 percentage points to 24.8 % .,0,0.43486354
The financial details of the transaction were not disclosed .,"Iso Omena is based in the Matinkyla district of the southern part of the city of Espoo , southern Finland .",1,0.16799587
"Finnish Suominen Corporation that makes wipes , nonwovens , and flexible packaging , expects changes in the market situation to reduce sales of Suominen 's nonwovens and wet wipes from the previously estimated volumes .","Simultaneously , his responsibility area is extended from legal affairs to cover also mergers and acquisitions .",0,0.37227532
"However , the broker gave an `` outperform '' recommendation on the stock .","Operating loss was EUR 179mn , compared to a loss of EUR 188mn in the second quarter of 2009 .",1,0.59250647
Diluted earnings per share ( EPS ) declined to EUR 0.78 from EUR 1.76 .,"Cargotec Corporation , Press Release , August 26 , 2008 at 10 a.m. Finnish time Cargotec 's MacGREGOR business area providing marine cargo handling and offshore load handling solutions has received significant offshore crane retrofit order .",0,0.2948429
Nordea sees a return to positive growth for the Baltic countries in 2011 .,The robust growth was the result of the inclusion of clothing chain Lindex in the Group in December 2007 .,1,0.57097864
"Foodservice and consumer goods markets are served by approximately 13,000 people in 54 manufacturing units and several sales offices in 33 countries .",Swedbank 's shares have been hardest hit of the Swedish banks by the ongoing international financial crisis .,0,0.37391078
Activities range from the development of natural resources to the retailed marketing of finished products .,"In providing managed services , Nokia takes responsibility for building , operating and transferring as well as optimising the Indosat 3G network .",1,0.4451157
"Profit per share was EUR 1.03 , up from EUR 0.87 .",The real estate company posted a net loss of +ó  x201a -¼ 59.3 million +ó  x201a -¼ 0.21 per share compared with a net profit of +ó  x201a -¼ 31 million +ó  x201a -¼ 0.11 per share for the corresponding quarter of 2007 .,0,0.6973081
"The Internal Revenue Service sees about 20 percent of all taxpayers wait until the last two weeks to file , with about 40 million returns filed in April .",The terms and conditions of Stock Option Scheme 2004 are available on the Group 's website .,1,0.3234621
"Latin America currently accounts for approximately 40 % of sales at Tecnotree , company president and CEO Eero Mertano recently told BNamericas .","Net sales rose by 25.5 % year-on-year to EUR59 .6 m , as the number of chargers delivered went up by 41 % to 65.9 million pieces .",0,0.70534885
The contract value amounts to EUR 2.4 million .,"The 19,200-square metre technology center is located near University of Tampere in central Tampere .",1,0.48272282
"Profit for the period was EUR 5.9 mn , up from EUR 1.3 mn .",The company will release its 2010 results on 11 February 2011 .,0,0.40327787
"Finnish GeoSentric 's net sales decreased to EUR 939,000 in January-March 2009 .","Finnish financial software solutions developer BasWare Oyj said its net profit fell to 884,000 euro ( $ 1.2 mln ) for the first quarter of 2007 from 2.0 mln euro ( $ 2.7 mln ) a year earlier .",1,0.88610125
"Earnings per share ( EPS ) in the first half of 2007 amounted to EUR0 .29 , down from EUR0 .40 year ago .",The company also equipped the sculptural complex Rabochy i Kolkhoznitsa A Worker and a Collective Farmer in Moscow with snow melting system .,0,0.22954807
Operating loss amounted to EUR 0.7 mn compared to a profit of EUR 0.8 mn in the second quarter of 2005 .,"Operating margin , however , slipped to 14.4 % from 15.1 % , dragged down by a poor performance in enterprise solutions .",1,0.6758163
No financial or pricing details were disclosed .,"`` UPM 's deliveries increased during the third quarter by 4 percent , and the efficiency of operations improved , '' Chief Executive Jussi Pesonen said .",0,0.013430968
The profit after taxes was EUR 57.7 11.1 million .,"The market making in accordance with the agreement will begin on September 24 , 2009 .",1,0.5464752
"The company 's plant in Russia will continue to make tyres for its near markets , while the plant in Nokia in Finland will manufacture tyres for other markets .",Swedbank 's shares have been hardest hit of the Swedish banks by the ongoing international financial crisis .,0,0.33812442
"In Finland , the five largest brands control 90 % of the beer market .","Tikkurila , a division of Kemira group , controls about 23 % of the Russian market in its field and owns St. Petersburg paint producer TEX. .",1,0.6796355
"The value of the contract is about EUR1 .0 m. Poyry , headquartered in Vantaa , Finland provides consulting and engineering services to the energy , forestry and infrastructure & environment sectors .",Affecto expects its net sales for the whole 2010 to increase from the 2009 level when they reached EUR 103 million .,0,0.45608896
It was decided that the auditors are reimbursed according to invoice .,Autotank Group is part of Aspo 's Systems Division .,1,0.527833
"A Helsinki : ELIiV today reported EPS of EUR1 .13 for 2009 , an increase over EPS of EUR1 .12 in 2008 .","The tests , conducted at Nokia Siemens ' LTE center of competence in Espoo , Finland , follow the company 's production start of LTE-ready Flexi Multiradio Base Stations for the 800 MHz band in April 2010 , and complement earlier tests with Nokia on the 2100 MHz and 2600 MHz bands .",0,0.646677
Operating loss amounted to EUR 0.7 mn compared to a profit of EUR 0.8 mn in the second quarter of 2005 .,"Operating loss totaled EUR 0.8 mn , compared to a profit of EUR 0.5 mn .",1,0.9131042
"Production levels have been agreed with producers a long time ago , so a fall in consumption will lead to losses .",The company also said that in Poland a profitability program has been launched at the Oborniki steel frame and sandwich panel plant .,0,0.41333538
Net sales fell by 5 % from the previous accounting period .,LONDON MarketWatch -- Share prices ended lower in London Monday as a rebound in bank stocks failed to offset broader weakness for the FTSE 100 .,1,0.6510294
"Cohen & Steers , Inc. : 5 534 626 shares representing 4.985 % of the share capital and voting rights .","By 14:29 CET on Monday , shares in Bavarian Nordic had climbed 1.21 % to DKK250 on the stock exchange in Copenhagen after having lost 7.41 % in the past month .",0,0.60786927
Name of Company in which holdings have been acquired : Citycon Oyj 2 .,"The number of class A shares remains unchanged at 9,526,089 shares .",1,0.26754946
"Finnish GeoSentric 's net sales decreased to EUR 939,000 in January-March 2009 .","Pre-tax profit totaled EUR 397.4 mn , up from EUR 164.7 mn .",0,0.64570105
"Qualcomm estimated a first-quarter profit between 46 and 50 cents a share , excluding certain items , below the analyst estimate of 61 cents a share .",Finnish business software group AffectoGenimap Oyj said its net profit halved to 1.2 mln euro ( $ 1.5 mln ) in the first nine months of 2006 from 2.2 mln euro ( $ 2.8 mln ) in the same period of 2005 .,1,0.6915082
SAMPO PLC Jarmo Salonen Head of Investor Relations and Group Communications tel. +358 10 516 0030 Distribution : NASDAQ OMX Helsinki The principal media Financial Supervisory Authority www.sampo.com This announcement is distributed by Thomson Reuters on behalf of Thomson Reuters clients .,Finnish Bank of +àland reports its operating profit fell to EUR 4.9 mn in the third quarter of 2007 from EUR 5.6 mn in the third quarter of 2006 .,0,0.4570046
"Finnair 's Tallinn-based subsidiary , Aero AS , carried 23,335 passengers , a decline of 60.8 % , on routes between Helsinki and the Baltic capitals and within Southern Finland .","Cerberus Capital Management LP-backed printing paper maker NewPage Corp. has posted mixed second-quarter results , casting a cloud over its planned initial public offering .",1,0.5966506
"The company 's transportation business is conducted through Florida Rock & Tank Lines , which is a Southeastern transportation company concentrating in the hauling by motor carrier of liquid and dry bulk commodities .",Net sales decreased to EUR 91.6 mn from EUR 109mn in the corresponding period in 2005 .,0,0.25489086
Profit before taxes decreased to EUR 31.6 mn from EUR 50.0 mn the year before .,Earnings per share ( EPS ) dropped to EUR 0.21 from EUR 0.31 .,1,0.8675928
"The currency effect had a 3.0 pct , or 20 mln euro ( $ 31.3 mln ) , negative impact on the revenue .",EBIT margin was up from 1.4 % to 5.1 % .,0,0.3339486
"( ADP News ) - Oct 29 , 2008 - Finnish lifting equipment maker Konecranes Oyj ( OMX : KCR1V ) said today that its net profit rose to EUR 116.6 million ( USD 149.1 m ) in the first nine months of 2008 from EUR 73.6 million for the s",Operating profit improved by 27 % to EUR 579.8 mn from EUR 457.2 mn in 2006 .,1,0.74748456
Cash flow from operations in January-December 2008 was a negative EUR 18.1 mn compared to EUR 39.0 mn in the corresponding period in 2007 .,"L+ñnnen Tehtaat 's Food Division was reorganised into two strategic business units , Apetit Frozen Foods and Jams , and Apetit Fish .",0,0.33722717
Orders received grew by 55 % year-on-year to EUR732m .,"Both operating profit and net sales for the six-month period increased , respectively from EUR18 .1 m and EUR127 .6 m , as compared to the corresponding period in 2006 .",1,0.825539
"Alma Media 's operating profit amounted to EUR 11.9 mn , down from EUR 15.0 mn a year earlier .","Net income from life insurance doubled to EUR 6.8 mn from EUR 3.2 mn , and net income from non-life insurance rose to EUR 5.2 mn from EUR 1.5 mn in the corresponding period in 2009 .",0,0.76791555
Exports grew 16.5 percent to 19.1 million liters .,"The total delivery volume of paper businesses in 2010 was 1,155,000 tonnes , up from 1,132,000 tonnes in 2009 .",1,0.7457903
Earnings per share ( EPS ) in 2005 decreased to EUR1 .87 from EUR1 .89 in 2003 .,The parties have agreed not to disclose the transaction value .,0,0.3596713
STOCK EXCHANGE ANNOUNCEMENT 20 July 2006 1 ( 1 ) BASWARE SHARE SUBSCRIPTIONS WITH WARRANTS AND INCREASE IN SHARE CAPITAL A total of 119 850 shares have been subscribed with BasWare Warrant Program .,An audio webcast will be available live and archived on Cerner 's Web site at www.cerner.com .,1,0.3371958
"`` Lining stone sales were also good in the early autumn , and order books are strong to the end of the year .","According to Finnish petrol station chain St1 's managing director Kim Wiio , the company was forced to make purchases with rising prices in the first half of 2008 , and now consumer prices are going down almost daily due to competition .",0,0.49102834
The company turned to earnings per share ( EPS ) of EUR 0.03 versus loss per share of EUR 0.01 .,`` Demand for sports equipment was good in 2005 .,1,0.38364902
Diluted earnings per share ( EPS ) rose to EUR 1.05 from EUR 0.64 .,"In the Baltic countries , sales fell by 42.6 % .",0,0.6415045
"Therefore , the company 's 2005 result will remain weaker than that of 2004 .",`` Those uncertainties cloud the long-term outlook . '',1,0.6198863
Shares of Nokia Corp. rose Thursday after the cell phone maker said its third-quarter earnings almost doubled and its share of the global handset market increased .,Basware finances the acquisition with a bank loan .,0,0.28135985
"Following the registration , the share capital of Biotie is EUR 52,556,678.10 .","The share capital of Alma Media Corporation business ID 1944757-4 is EUR 44,767,513.80 and it is divided into 74,612,523 shares .",1,0.8037138
Its market share is 6 percent according to AC Nielsen 's 2008 data .,"Food sales totalled EUR 323.5 mn in October 2009 , representing a decrease of 5.5 % from October 2008 .",0,0.6395628
Operating profit rose to EUR2 .4 m from EUR1 .6 m year earlier .,Finnish financial group Aktia 's operating profit for 2009 increased to EUR 47.0 mn from EUR 6.6 mn in 2008 .,1,0.83293986
Consolidated operating profit from continuing operations decreased by 62.3 % to EUR 51.2 mn from EUR 135.7 mn in 2007 .,The markets expect Heineken to sell Hartwall as a whole or in parts .,0,0.35650933
Operating profit decreased to EUR 11.2 mn from EUR 16.6 mn .,"Profit before taxes decreased by 9 % to EUR 187.8 mn in the first nine months of 2008 , compared to EUR 207.1 mn a year earlier .",1,0.79142237
"Cooper SH , the UK distributor for lift equipment manufacturer Konecranes , won the five-year deal which involves low maintenance and fuel saving technologies .","On the following workday customers can check from their home computers how their purchases are divided between different ingredient groups , how much energy various products contain and what is the nutritional content of all purchases .",0,0.40663078
Aspo has also investigated the sales opportunities of Kaukomarkkinat 's electronics business .,"In his current position , Manty has worked since 1996 .",1,0.2140206
"The contract covers the supply of temporary heating equipment for LKAB 's new pellet plant in Kiruna , in northern Sweden .",Finnish meat company Atria can no longer promise a sufficient amount of domestic beef to its customers .,0,0.40665257
"In the building and home improvement trade , net sales totalled EUR 1,173 mn , down from EUR 1,566 mn a year earlier .","Samsung currently occupies third place and lost ground during the quarter , dropping by 1.8 % to an 11.1 % share overall .",1,0.67330384
Operating profit for 2009 lower than outlook published earlier .,Sales in Finland rose by 3.9 % and international growth was 0.7 % .,0,0.5909469
"CapMan , an asset manager , has EUR 3bn worth of assets under management in the Nordic region .","The biggest sellers in the chain 's supermarkets in Finland are organic Pirkka tomatoes , carrots , eggs , and meat products .",1,0.41471776
Scanfil has also issued a profit warning .,Net sales grew in the period to  x20ac 402 million $ 585US million from  x20ac 401 million in 2006 .,0,0.33180395
"Operating profit totalled EUR 21.1 mn , up from EUR 18.6 mn in 2007 , representing 9.7 % of net sales .","London 's leading shares today jumped almost 100 points , or 1.7 % , as the market opened .",1,0.76169443
Filmiteollisuus Fine Ab will be transferred to Talentum Oyj in the form of a subsidiary .,"Operating loss was EUR 179mn , compared to a loss of EUR 188mn in the second quarter of 2009 .",0,0.3617156
"Viking will pay EUR 130 million for the new ship , which will be completed in January 2008 .","Conference Call To participate via a conference call , please dial in 5-10 minutes before the beginning of the event : +44 0 20 7162 0025 Europe or +1 334-á323-á6201 USA .",1,0.59667337
"Aug. 17 , 2010 ( Curbed delivered by Newstex ) -- And now , the latest from Racked , covering shopping and retail from the sidewalks up .",Earnings per share EPS in 2005 decreased to EUR0 .66 from EUR1 .15 in 2004 .,0,0.33452815
"These sections will be put into place to form the load-bearing steel structure of the bridge , '' says Sami Eronen , Senior Vice President , Infrastructure and Northern Europe , Ruukki Construction .",Peigs www.peigs.se will become part of Sardus Latta Maltider Light Meals unit .,1,0.33210915
It also turned to earnings per share ( EPS ) of EUR 0.08 versus loss per share of EUR 0.04 .,Operating profit in the fourth quarter fell to EUR33m from EUR39m a year earlier .,0,0.6162591
"Samsung currently occupies third place and lost ground during the quarter , dropping by 1.8 % to an 11.1 % share overall .",Finnish automation solutions developer Cencorp Corporation ( OMX Helsinki : CNC1V ) issued on Thursday ( 18 September ) a profit warning for the third quarter of 2008 .,1,0.59402645
"Finnair 's passenger load factor , which measures the number of sold seats as a share of all available seats , dropped by 1.3 percentage points to 76.7 % in September .",TELE2 Affarsvarlden gave a `` buy '' recommendation on mobile operator Tele2 AB and a share price target of 142 crowns ( $ 23.54 - 15.19 euro ) .,0,0.45667163
Sports equipment sales also progressed well owing to the prolonged winter season .,"The chain posted sales of 298 million euros for full 2005 , a rise of 19.5 percent , year-on-year .",1,0.35489833
"We succeeded in increasing our market share of sold apartment '' , comments Mr Kari Kauniskangas , Head of YIT International Construction Services .",The parties have therefore agreed to leave Avena out of the deal .,0,0.056035154
"We succeeded in increasing our market share of sold apartment '' , comments Mr Kari Kauniskangas , Head of YIT International Construction Services .",Olvi expects sales and market share to increase in the first quarter of 2010 .,1,0.58260703
Operating profit rose to 22.1 mln eur from 19.9 mln .,"The floor area of the Yliopistonrinne project will be 7,900 sq m 85,030 sq ft and the building 's gross area will total 12,800 sq m. A total 25.1 % of the facilities have been let .",0,0.58544266
"The Marubeni Group focuses on creating `` value chain '' from upstream to downstream , encompassing a wide variety of business fields , including oil & gas , metals , mineral resources , foods , pulp & paper and chemicals , among others .","The product range includes marinated olives , cold cuts , and pates , for example .",1,0.51693434
Operating profit increased to EUR 14.0 mn from EUR 4.9 mn in the corresponding period in 2005 .,Finnish meat company Atria can no longer promise a sufficient amount of domestic beef to its customers .,0,0.29081246
"Tecnomen 's solution can be used for prepaid and post-paid billing , for charging and rating of voice and video calls , data traffic and any kind of content services in both mobile and fixed networks .","In 2008 , AVC Systemhaus had net sales of EUR 10 million USD 7.1 m .",1,0.31071272
Revenue grew 1 percent to euro742 .2 million US$ 964 million from euro735 million .,"In September alone , the market declined by 10.2 percent year-on-year to 19.28 million liters .",0,0.62773883
"Advertising and circulation revenues grew by 3.4 % and by 0.4 % , respectively .",Rautaruukki said construction group YIT has awarded it a 2.5 mln eur contract to supply the steel structures for a new bridge spanning the Kemijoki river in Northern Finland .,1,0.2701193
"Operating profit totalled EUR 9.6 mn , down from EUR 42.0 mn the year before .","The company is involved in the the sale of financial products including insurance , mortgages , car and personal loans , financial brokerage and equipment finance leasing .",0,0.28863716
Repeats sees 2008 operating profit down y-y ( Reporting by Helsinki Newsroom ) Keywords : TECNOMEN-RESULTS,Operating profit was EUR 1.6 mn in 2005 compared to EUR 5.9 mn in 2004 .,1,0.63832045
All YIT Capital Markets Day materials will be available on the company 's Internet site at www.yitgroup.com/investors at 10:30 on September 26 .,Orders received grew by 55 % year-on-year to EUR732m .,0,0.44838703
Finnlines will announce in week 17 of 2006 what measures it will take to tackle the situation .,The number of customers is one of the most important parameters in determining the price of electricity networks .,1,0.35477343
"The business has sales of about ( Euro ) 35 million ( $ 44million ) , and has been responsible for sales and marketing of Lanxess 's paper chemicals business , which Kemira bought for ( Euro ) 88 million early this year ( CW , Jan. 11 , p. 22 ) .","After the reporting period , BioTie North American licensing partner Somaxon Pharmaceuticals announced positive results with nalmefene in a pilot Phase 2 clinical trial for smoking cessation .",0,0.5202216
"With the new arrangement , customer responsibilities will become mainly regional .","The tests , conducted at Nokia Siemens ' LTE center of competence in Espoo , Finland , follow the company 's production start of LTE-ready Flexi Multiradio Base Stations for the 800 MHz band in April 2010 , and complement earlier tests with Nokia on the 2100 MHz and 2600 MHz bands .",1,0.25968593
"Finnish Kemira 's net sales EUR decreased to EUR 1,259.6 mn in January-June 2009 from EUR 1,425.1 mn in January-June 2008 .",The Department Store Division reported an increase in sales of 4 per cent .,0,0.49386457
Terms were not disclosed .,Stora is due to release its fourth-quarter and 2009 full-year earnings on Feb. 4 .,1,0.050663643
"Progress Group , QPR 's representative in Saudi Arabia and North Africa , has signed a framework agreement for a long term strategic relationship with ISE .",The operating margin of Aker Yards Cruise & Ferries division went down from 8.3 % to 6.4 % in the first quarter of 2007 .,0,0.18551089
Net sales increased to EUR193 .3 m from EUR179 .9 m and pretax profit rose by 34.2 % to EUR43 .1 m. ( EUR1 = USD1 .4 ),Return on equity stood at 18.3 % compared to 15.4 % in the third quarter of 2005 .,1,0.76472354
"OUTOTEC OYJ PRESS RELEASE , FEBRUARY 19 , 2008 AT 11.00 AM Outotec has won two large minerals processing technology orders from Mirabela Mineracao do Brasil Ltda , Brazil and from Cumerio Med JSCo , Bulgaria .","Before Kemira 's installation NordAlu was producing 3,500 tons of liquid and solid aluminum waste per year .",0,0.621038
"The Committee proposes the following remuneration : a monthly remuneration of EUR 5,000 for the Chairman , EUR 3,500 for the Deputy Chairman , and EUR 2,500 for the other Board members .",The expansion is to be finalized in the autumn of 2009 .,1,0.40463117
"Operating loss of the Pulp & Paper Machinery unit was over EUR 3mn in September 2007 - August 2008 , compared to a profit of EUR 3.7 mn a year earlier .",The business development initiatives in North America are headed by Lynn Shanahan .,0,0.31295407
"ALEXANDRIA , Va. , March 15 -- Jaakko Vilo of Turku , Finland , has developed a panel press .","ADPnews - Dec 23 , 2009 - Norwegian financial services group SpareBank 1 Gruppen AS OSL : SBGRP said its board of directors appointed today Jarle Haug managing director of its claims collection subsidiary SpareBank 1 Gruppen Finans",1,0.5920886
"With CapMan as a partner , we will be able to further develop our business and continue to focus on providing quality restaurant services for our customers , '' says Christopher Wynne , CEO of Papa John 's Russia .",Market share decreased on the route between Helsinki in Finland and Tallinn in Estonia by 0.1 percentage points to 24.8 % .,0,0.17040694
"Operating profit decreased to nearly EUR 1.7 mn , however .",Repeats sees 2008 operating profit down y-y ( Reporting by Helsinki Newsroom ) Keywords : TECNOMEN-RESULTS,1,0.65009785
11 August 2010 - Finnish measuring equipment maker Vaisala Oyj HEL : VAIAS said today that its net loss widened to EUR4 .8 m in the first half of 2010 from EUR2 .3 m in the corresponding period a year earlier .,"Pretax profit rose to EUR 1,019 mn from EUR 1,007 in the corresponding period in 2005 .",0,0.7713155
The rationalization of the operations seeks to achieve over EUR 1 million in yearly savings as from the second quarter of the current financial year .,"Net interest income was EUR 152.2 mn , up from EUR 101.0 mn in 2008 .",1,0.7694945
11 August 2010 - Finnish measuring equipment maker Vaisala Oyj HEL : VAIAS said today that its net loss widened to EUR4 .8 m in the first half of 2010 from EUR2 .3 m in the corresponding period a year earlier .,"Sales came in at 241 mln eur , compared with 211.4 mln , and also beating consensus forecasts of 235 mln eur .",0,0.57268834
Sales in Finland rose by 3.9 % and international growth was 0.7 % .,"However , Biohit estimates its total net sales will continue to grow in 2009 , and that favourable trends in net sales will lead to a profit in 2009 .",1,0.64459383
"`` Small firms are suffering at the moment because they are likely to have money trouble , '' he added .","The Australian company Mirabela Nickel has awarded Outokumpu Technology a contract for grinding technology for its nickel sulfide project in Bahia State , Brazil .",0,0.13340777
Investments are not disclosed .,"Companies evaluated in the report include Aladdin , CA , F-Secure , Kaspersky , Marshal , McAfee , Microsoft , Panda , Proofpoint , Sophos , Symantec , Trend Micro , Tumbleweed , and Websense .",1,0.1553357
The company reports a loss for the period of EUR 0.4 mn compared to a loss of EUR 1.9 mn in the corresponding period in 2005 .,"Last year , 8.3 million passengers flew the airline , down 4 percent from 2007 .",0,0.7233083
"Thus the group 's balance sheet will have about EUR25 .8 m in goodwill for 2010 , the company added .",Choose from a Giant Countdown with red head or rainbow trout -- or the Giant Shad Rap in perch color .,1,0.2769782
"Finnish plumbing and heating systems supplier Uponor 's net sales from continuing operations decreased by 9.4 % in 2008 to EUR 949.2 mn from EUR 1,047.4 mn in 2007 .","The company recorded revenues of E658 .1 million during the fiscal year ended December 2007 , an increase of 23 % over 2006 .",0,0.6595092
Prices and delivery volumes of broadband products decreased significantly in 2005 .,Diluted earnings per share ( EPS ) stood at EUR 0.25 versus EUR 0.42 .,1,0.5792312
Payment of shares shall be effected on subscription .,Uponor improved its performance in spite of the decrease in residential construction in the US .,0,0.15850095
"Operating profit decreased to nearly EUR 1.7 mn , however .",The company said that sales in the three months to the end of March slid to EUR86 .4 m US$ 113.4 m from EUR91 .2 m last year .,1,0.7016713
"Mformation and Nokia noted they have established interoperability agreements that cover commercially proven , standards-based management of mobile devices , as well as mobile device security and mobile application management .","The other seats would go to Edgar Edmonds , an American with experience of the clothing and retail industry , and Christian Fischer , an Austrian with experience in the winter sports goods business .",0,0.45615143
"Elcoteq SE Stock Exchange Announcement February 4 , 2009 at 10.00 am ( EET ) Elcoteq will publish its financial statements bulletin 2008 on Wednesday , February 11 , at 9.00 am ( EET ) .",Combined net sales in 2006 were $ 27 million and EBITDA was $ 13.7 million .,1,0.5672559
"Russian export duties will activate harvesting in Finland , and sales in Russia will increase also .","The company expects its net sales for the whole of 2007 to be EUR 950mn-1 ,000 mn .",0,0.43033823
"Alma Media holds 70 % of this company , the remaining shares being owned by the company 's key employees .",Finnlines will announce in week 17 of 2006 what measures it will take to tackle the situation .,1,0.37891135
"The mall will be financed on a parity basis by Pearl Plaza LLC , the joint venture company established by the Chinese investor Shanghai Industrial Investment Holdings Co Ltd , and SRV Group .",Profit before taxes decreased to EUR 31.6 mn from EUR 50.0 mn the year before .,0,0.3699286
"In 2009 , Fiskars ' cash flow from operating activities amounted to EUR121m , up from EUR97m in the previous year .","( ADP News ) - Oct 1 , 2008 - Finnish consulting and engineering company Poyry Oyj ( OMX : POY1V ) said today it was awarded a EUR 5.2 million ( USD 7.4 m ) extension to their existing consultancy engineering contract with Venezuel",1,0.5700571
"The result will also be burdened by increased fixed costs associated with operations in China , and restructuring costs in Japan .",Pharmaceutical market in Poland Global Research & Data Services published recently a market analysis about the pharmaceutical markets in Poland .,0,0.44280598
Finnish consumer packaging manufacturer Huhtamaki Oyj said it swung to a net profit of 84.1 mln euro $ 105.6 mln in the first nine months of 2006 from a net loss of 2.6 mln euro $ 3.3 mln in the same period of 2005 .,"Thanks to the multiplying effect of wagon performance , transport will be much more efficient , '' says development manager Juha Malkia from VR Cargo .",1,0.35850874
"Profit before taxes decreased by 9 % to EUR 187.8 mn in the first nine months of 2008 , compared to EUR 207.1 mn a year earlier .",The deliveries are scheduled for the summer and autumn of 2008 .,0,0.48491746
"Systeemitiimi 's sales and project resources will also be strengthened , director Paul Skogberg said .","Full-year net sales are expected to increase by approximately 10 % , the company said .",1,0.47709543
"The executive said that countries such as Brazil , Chile , Argentina and Mexico will lead the adoption in the business Ethernet services segment , while Brazil and Mexico will be the early adopters of carrier Ethernet for mobile backhaul .",Earnings per share were higher at 0.48 against 0.37 a year before and ahead of market consensus of 0.40 eur .,0,0.25772524
"Finnish Metso Paper has been awarded a contract for the rebuild of Sabah Forest Industries ' ( SFI ) pulp mill in Sabah , Malaysia .","Operating profit totaled EUR 5.5 mn , up from EUR -0.7 mn .",1,0.29291505
"Finnish steel maker Rautaruukki Oyj ( HEL : RTRKS ) , or Ruukki , said today its net loss contracted to EUR 49 million ( USD 68.2 m ) for the first nine months of 2010 from EUR 229 million for the same period a year ago .","Headquartered in this city , the company is nearly 75 years old and focuses on science-based innovation and technology for environmental measurement .",0,0.53412974
"However , Biohit estimates its total net sales will continue to grow in 2009 , and that favourable trends in net sales will lead to a profit in 2009 .","Operating profit totaled EUR 37,7 mn , up slightly from EUR 37.2 mn in the corresponding period in 2006 .",1,0.6523566
"The currency effect had a 3.0 pct , or 20 mln euro ( $ 31.3 mln ) , negative impact on the revenue .","The chilled meat products category led the meat , fish and poultry market in Finland , accounting for a share of 31.4 % .",0,0.46852437
The hull of the vessel was built one block at a time and Ruukki delivered the plate material for each block as construction progressed .,Net investment income,1,0.16311094
"ADP News - Feb 25 , 2009 - Finnish printed circuit board PCB maker Aspocomp Group Oyj HEL : ACG1V said today it swung to a net profit of EUR 300,000 USD 385,000 for 2008 versus a net loss of EUR 65.3 million","In 2009 , Comptel slipped to a net loss of EUR2 .1 m from a profit of EUR6 .6 m in the previous year .",0,0.7053111
"( ADPnews ) - Feb 3 , 2010 - Finland-based steel maker Rautaruukki Oyj ( HEL : RTRKS ) , or Ruukki , said today it slipped to a larger-than-expected pretax loss of EUR 46 million ( USD 64.5 m ) in the fourth quarter of 2009 from a","In sales volume , Coca-Cola 's market share has decreased by 2.2 % to 24.2 % .",1,0.6093284
The percentages of shares and voting rights have been calculated in proportion to the total number of shares registered with the Trade Register and the total number of voting rights related to them .,"( ADPnews ) - Feb 3 , 2010 - Finland-based steel maker Rautaruukki Oyj ( HEL : RTRKS ) , or Ruukki , said today it slipped to a larger-than-expected pretax loss of EUR 46 million ( USD 64.5 m ) in the fourth quarter of 2009 from a",0,0.33950156
"The natural source of isoprene is the tree species Hevea brasiliensis , also known as the rubber tree .","The tanks will be delivered to a company which is currently building a chemical tank farm in Antwerp , northern Belgium .",1,0.468302
"Vaahto Pulp & Paper , of Finnish Vaahto Group , has been awarded an order to renovate Finnish-Swedish forest industry company Stora Enso 's paperboard machine at the Ingerois Board Mill in Finland .","( ADP News ) - Feb 12 , 2009 - Finnish construction company Lemminkainen Oyj ( HEL : LEM1S ) said today its net profit decreased to EUR 63.5 million ( USD 81.1 m ) for 2008 from EUR 80.6 million for 2007 .",0,0.5971663
"H+Ñkan Dahlstr+Âm , head of mobility services at TeliaSonera , has forecast that mobile data volume on the TeliaSonera network in Sweden will rise eight-fold to 200,000 TB by 2014 .","HELSINKI ( AFX ) - Nokian Tyres reported a fourth quarter pretax profit of 61.5 mln eur , up from 48.6 mln on the back of strong sales .",1,0.64518803
"Cohen & Steers , Inc. : 5 534 626 shares representing 4.985 % of the share capital and voting rights .","Quarterly diluted EPS on continuing operations came in at 0.21 eur , compared with last year 's 0.12 eur .",0,0.47343713
"Net sales of Kyro 's main business area , Glaston Technologies , a manufacturer of glass processing machines , decreased to EUR 161.5 mn from EUR 164.1 mn in January-September 2005 .","HELSINKI Thomson Financial - Shares in Cargotec fell sharply in early afternoon trade after the cargo handling group posted a surprise drop in April-June profits , which overshadowed the large number of new orders received during the three months .",1,0.78028226
"Customers wave cards in front of the reader to make payments , similar to `` touch and go '' cards used in transport systems .","( ADP News ) - Feb 11 , 2009 - Finnish wood products technology supplier Raute Oyj ( HEL : RUTAV ) said today its net profit decreased to EUR 4.7 million ( USD 6.1 m ) for 2008 from EUR 6.6 million for 2007 .",0,0.17235726
"The Finnish national carrier said net loss in April through June was euro26 million , down from a net profit of euro13 million a year earlier .",Operating profit for 2009 lower than outlook published earlier .,1,0.6611532
"Nokia shares hit 13.21 euros on Friday , down 50 percent from the start of the year in part because of the slow introduction of touch-screen models .","LKAB , headquartered in Lulea , Sweden , is a high-tech mining company producing upgraded iron ore products for the steel industry .",0,0.3258124
"Ragutis , controlled by the Finnish brewery Olvi , achieved a 5.7 percent rise in beer sales to 22.6 million liters and held a 10.75 percent market share .",`` Our customer has been satisfied with Basware Invoice Automation solution and extends the implementation to new geographies .,1,0.2852639
The loss for the third quarter of 2007 was EUR 0.3 mn smaller than the loss of the second quarter of 2007 .,Glaston 's net profit for the third quarter of 2007 dropped to 2.4 mln euro ( $ 3.5 mln ) from 3.5 mln euro ( $ 5.1 mln ) for the corresponding period of 2006 .,0,0.8583462
"FL Group 's private equity division manages all operating companies , including Icelandair Group , FL Travel Group , Bluebird and Sterling .",The deal is subject to approval by the Norwegian competition authorities .,1,0.36693168
"After the split , the company would have 26,885,540 Series A shares and 9,540,000 Series K shares .","Operating profit was EUR 0.6 mn , up from a loss of EUR 19mn a year earlier .",0,0.6701594
"In October , UPM reported a third-quarter net loss of euro86 million $ 110 million compared with a net profit of euro120 million in 2007 .","ADPnews - Jul 17 , 2009 - Finland-based steel maker Rautaruukki Oyj Ruukki HEL : RTRKS said today it slipped to a net loss of EUR 184 million USD 259.7 m for the first half of 2009 from a net profit of EUR 2",1,0.8264686
"ADPnews - Aug 3 , 2009 - Finnish media group Ilkka-Yhtyma Oyj HEL : ILK2S said today its net profit fell 45 % on the year to EUR 5.9 million USD 8.4 m in the first half of 2009 .",Sales rose 10 pct to 566 mln eur on the back of strong volume and favourable currency effects .,0,0.5285151
"Turun kaupunkin , Finland based company has awarded contract to Lemminkainen Talotekniikka Oy for electrical installation work .",Nordea sees a return to positive growth for the Baltic countries in 2011 .,1,0.29405746
"Operating result for the 12-month period decreased from the profit of EUR0 .4 m while turnover decreased from EUR5 .6 m , as compared to 2004 .",The company reported net sales of 302 mln euro $ 441.6 mln and an operating margin of 16 pct in 2006 .,0,0.66054237
"Janis Arbidans , CEO of YIT Celtnieciba , said the company was focusing on housing and real estate development market .",Suomen Paikallissanomat Oy is part of Alma Media Group and it currently publishes 15 local newspapers across Finland .,1,0.35788327
"Finnish financial software solutions developer BasWare Oyj said its net profit fell to 884,000 euro ( $ 1.2 mln ) for the first quarter of 2007 from 2.0 mln euro ( $ 2.7 mln ) a year earlier .","Finnish IT consultancy Satama Interactive Oyj posted a net profit of 1.4 mln euro $ 2.0 mln for the first nine months of 2007 , compared to a net loss of 462,000 euro $ 664,000 for the same period of 2006 .",0,0.9240957
Passenger-related revenue rose by 5.1 % to EUR 460.8 mn from EUR 438.5 mn in 2009 .,"Sales in Latin America increased by 42 % to EUR 432mn , and a total of 8.7 mn mobile devices were sold in the area , representing an increase of 32 % from the corresponding period in 2009 .",1,0.8002368
It also turned to earnings per share ( EPS ) of EUR 0.08 versus loss per share of EUR 0.04 .,"The prerequisite for inclusion in the program and for receipt of any gains is that key employees acquire Aspo shares to the amount determined by the Board in advance , in the maximum .",0,0.49290156
"HELSINKI Thomson Financial - Shares closed little changed , with Cargotec and Huhtamaki dropping sharply on disappointing second-quarter reports .",Finnish waste management and cleaning group Lassila & Tikanoja Oyj ( L&T ) net profit went down to 32.2 mln euro ( $ 47.7 mln ) for 2007 from 35.3 mln euro ( $ 52.3 mln ) for 2006 .,1,0.74253035
"The redesigned crushing circuit has been in operation since the start of September and its overall production rate on a weekly basis is in excess of an average of 40,000 tonnes a day .","Both operating profit and net sales for the six-month period increased , respectively from EUR7 .5 m and EUR655 .5 m , as compared to the corresponding period in 2005 .",0,0.71895385
Negotiations with representatives of the personnel regarding the restructuring process have now been ended .,"Tecnotree 's convergent charging solution includes functionality for prepaid and post-paid billing , charging and rating of voice calls , video calls and raw data traffic for both mobile and fixed networks .",1,0.18289678
"Profit for the period totalled EUR 1.1 mn , down from EUR 1.6 mn in the third quarter of 2008 .",Operating profit improved by 27 % to EUR 579.8 mn from EUR 457.2 mn in 2006 .,0,0.80106586
The growth of net sales has continued favourably in the Middle East and Africaand in Asia Pacific .,"Metsaliitto , however , narrowed its net loss for the second quarter of 2007 to 5.0 mln euro $ 6.9 mln from 61 mln euro $ 83.7 mln a year ago .",1,0.26528794
It also turned in earnings per share ( EPS ) of EUR 0.44 versus loss per share of EUR 2.26 .,Construction is expected to be completed in the summer of 2011 .,0,0.29855445
"Operating result for the 12-month period decreased from the profit of EUR0 .4 m while turnover decreased from EUR5 .6 m , as compared to 2004 .","Sales in Finland decreased by 2.0 % , and international sales decreased by 9.3 % in terms of euros , and by 15.1 % in terms of local currencies .",1,0.8759191
"In July-September 2009 , Konecranes ' sales decreased to EUR 368.7 mn from EUR 520.4 mn in July-September 2008 .",Grounds for the notification : Tiimari Plc 12/30/2010 issued Capital Convertible Loan allocation decision by the Board on 01/31/2011 .,0,0.40315807
Pretax loss totalled EUR 162.3 mn compared to a profit of EUR 253.5 mn in 2007 .,"( ADPnews ) - May 4 , 2010 - Finnish cutlery and hand tools maker Fiskars Oyj Abp ( HEL : FISAS ) said today its net profit declined to EUR 12.9 million ( USD 17m ) in the first quarter of 2010 from EUR 17 million in the correspond",1,0.74749243
Pretax profit decreased to EUR 33.8 mn from EUR 40.8 mn in the fourth quarter of 2005 .,Net sales grew in the period to  x20ac 402 million $ 585US million from  x20ac 401 million in 2006 .,0,0.5666827
"Yara Suomi Ltd also provides nitrogen chemicals and technical nitrates to various sectors of industry , as well as products used in environmental protection .","Its customers include local companies Slo Oy , Kiilto Oy , Toptronics Oy , Normark Suomi Oy , Pellonpaja Oy and Mansner Oy .",1,0.5227978
Finnish Vacon has signed significant deals with Norwegian Scandinavian Electric Systems ( SES ) on the supply of AC drives .,"Operating loss before non-recurring items was EUR 0.9 mn , compared to a profit of EUR 11.5 mn in 2008 .",0,0.3447752
Revenues at the same time grew 14 percent to 43 million euros .,"At the same time profit of the company increased by 10 % in H1 and reached Ls 79,000 .",1,0.7235212
"Profit for the period was EUR 9.8 mn , up from EUR 6.0 mn in 2004 .","Finnish electronics contract manufacturer Scanfil reports net sales of EUR 58.9 mn in the second quarter of 2007 , down from EUR 62.4 mn a year earlier .",0,0.80523
"Profitability ( EBIT % ) was 13.6 % , compared to 14.3 % in Q2 2009 .","However , the growth margin slowed down due to the financial crisis .",1,0.46554938
Exports grew 16.5 percent to 19.1 million liters .,Finnair said that the cancellation of flights would cause daily losses of  x20ac 2.5 million US$ 3 million .,0,0.48860663
The real estate company posted a net loss of +ó  x201a -¼ 59.3 million +ó  x201a -¼ 0.21 per share compared with a net profit of +ó  x201a -¼ 31 million +ó  x201a -¼ 0.11 per share for the corresponding quarter of 2007 .,Operating profit in the fourth quarter fell to EUR33m from EUR39m a year earlier .,1,0.878268
The value of the contract is EUR 25mn .,The fair value of the company 's investment properties went down to EUR 2.768 billion at the end of 2009 from EUR 2.916 billion a year earlier .,0,0.5792843
Subscription sales decreased slightly .,Operating profit fell to EUR 23.26 mn from EUR 32.86 mn .,1,0.56383824
"Earnings per share for the quarter were also higher year-on-year at 0.33 eur versus 0.27 , and above market expectations of 0.28 eur .","However , the growth margin slowed down due to the financial crisis .",0,0.49926692
"LCS 's services cover the whole life cycle of software and information systems , from process modelling and tailored software development , to hosting services , solution management , maintenance and support .","Iso Omena is based in the Matinkyla district of the southern part of the city of Espoo , southern Finland .",1,0.23717903
23 April 2010 - Finnish construction and engineering company Outotec Oyj HEL : OTE1V said today it slipped to a net loss of EUR7 .3 m in the first quarter of 2010 from a net profit of EUR12 .5 m in the corresponding period last year .,"9 September 2010 - Finnish stationery and gift retailer Tiimari HEL : TII1V said today its net sales rose by 2 % year-on-year to EUR5 .7 m in August 2010 , driven by growth in Finland , while demand in the Baltics remained weak .",0,0.8018021
L&T 's net profit for the whole 2010 dropped to EUR 36 million from EUR 45 million for 2009 .,"Finnish IT solutions provider Affecto Oyj HEL : AFE1V said today its slipped to a net loss of EUR 115,000 USD 152,000 in the second quarter of 2010 from a profit of EUR 845,000 in the corresponding period a year earlier .",1,0.8770452
"Tallink Silja attributes the significant drop to problems with the booking system that was taken into operation in October , the sale of trailer ferry ` Sky Wind ' and the route between Stockholm and Riga , which has won passengers from the Helsinki-Stockholm route .",The aforementioned shareholders have informed that they will propose to the Annual General Meeting that the number of members of the Board of Directors shall be five and that besides the present members of the Board of Directors also Mr Lassi Noponen shall be elected to the Board of Directors .,0,0.41174775
Diluted earnings per share ( EPS ) declined to EUR 0.78 from EUR 1.76 .,"Finnish electronics contract manufacturer Scanfil reports net sales of EUR 241.2 mn in 2006 , down from EUR 321.6 mn in 2005 .",1,0.62201476
"Subscribers of China Unicom , the nation 's second largest mobile phone operator after China Mobile , are expected to release pictures , videos and blog on the Internet via mobile phones as of March 2008 .","Operating profit totalled EUR 9.6 mn , down from EUR 42.0 mn the year before .",0,0.5075366
Sanoma News ' advertising sales decreased by 22 % during the year .,"According to Finnish petrol station chain St1 's managing director Kim Wiio , the company was forced to make purchases with rising prices in the first half of 2008 , and now consumer prices are going down almost daily due to competition .",1,0.6939351
"CapMan , with offices in Helsinki , Stockholm , Copenhagen and Oslo , manages Nordic buyout , mezzanine , technology , life science and real estate funds with approximately EUR2 .6 bn in total capital .","Budapest , August 10 MTI - Finnish electronics maker Elcoteq will lay off 700 workers at its plants in Pecs S Hungary at the end of September because of falling orders , communications director for Elcoteq 's local unit , Zoltan Krippl told MTI on Monday .",0,0.5051123
Profit for the period was EUR 15.6 mn compared to EUR 14.1 mn in 2007 .,"Russian export duties will activate harvesting in Finland , and sales in Russia will increase also .",1,0.3788624
"Kesko Agro Eesti , the retailer and wholesaler of grain , agricultural and warehousing machinery and accessories , had net sales of 81 million euros in 2007 , an increase by one-tenth over the preceding year .",Device volume in the area decreased by 21 % to 2.7 mn units .,0,0.53617215
"However , the broker gave an `` outperform '' recommendation on the stock .",The company expects its net sales in 2008 to increase 5-10 % from 2007 .,1,0.3474116
"Simultaneously , his responsibility area is extended from legal affairs to cover also mergers and acquisitions .",Operating profit of the Asian plants grew markedly .,0,0.4160136
"The total investment necessary will be EUR40m , the company estimated .",Payment of shares shall be effected on subscription .,1,0.4366545
"Operating profit fell to EUR 35.4 mn from EUR 68.8 mn in 2007 , including vessel sales gain of EUR 12.3 mn .",Cargotec 's business areas also include the container handling solutions business area Kalmar and the marine cargo handling and offshore load handling solutions business area MacGREGOR .,0,0.19497564
"The contractor of the shopping center , China State Construction Engineering Corporation , has previously built e.g. airports , hotels and factories for large international customers in different parts of the world .","OTHER  North-Rhine Westphalia - Is to issue a benchmark , 5 year fixed rate deal in Euros .",1,0.30829564
"( ADP News ) - Feb 12 , 2009 - Finnish construction company Lemminkainen Oyj ( HEL : LEM1S ) said today its net profit decreased to EUR 63.5 million ( USD 81.1 m ) for 2008 from EUR 80.6 million for 2007 .",Kesko has previously published a stock exchange release concerning the deal on 7 February 2007 .,0,0.5399122
Operating profit excluding non-recurring items increased by 27 % to EUR 81.9 mn from EUR 64.4 mn in the corresponding period in 2008 .,Construction volumes meanwhile grow at a rate of 10-15 percent annually .,1,0.6527458
Operating loss totaled EUR 0.3 mn compared to a profit of EUR 2.2 mn in the corresponding period in 2007 .,The negotiations will concern the plant 's department producing winded roving that employs 10 people .,0,0.42099607
An audio webcast will be available live and archived on Cerner 's Web site at www.cerner.com .,"Product coverage : baked goods ; biscuits ; breakfast cereals Data coverage : market sizes historic and forecasts , company shares , brand shares and distribution data .",1,0.21252039
"Finnish airline Finnair has won a deal with the UK public sector to be the official airline for flights from London Heathrow to Osaka in Japan , as well as flights between Manchester in the UK and Helsinki in Finland .","Publishing Sweden 's operating loss was EUR 1.1 mn in Q1 of 2009 , compared to a profit of EUR 0.6 mn a year ago .",0,0.41793126
17 March 2011 - Goldman Sachs estimates that there are negative prospects for the Norwegian mobile operations of Norway 's Telenor ASA OSL : TEL and Sweden 's TeliaSonera AB STO : TLSN in the short term .,"In sales volume , Coca-Cola 's market share has decreased by 2.2 % to 24.2 % .",1,0.53379595
"Operating profit , excluding non-recurring items , totaled EUR 0.2 mn , down from EUR 0.8 mn in the corresponding period in 2006 .","Established in 1987 , the SRV Group is a private Finnish construction concern with operations in Finland , the Baltic countries and Russia .",0,0.43267444
Closing of such transaction took place today .,"The firm is headquartered in Vantaa , southern Finland and has 16 employees .",1,0.25031835
The operating margin of Aker Yards Cruise & Ferries division went down from 8.3 % to 6.4 % in the first quarter of 2007 .,ZAO YIT Moskovia builds housing in Moscow and its surrounding cities .,0,0.21096148
"In January-June 2010 , diluted loss per share stood at EUR0 .3 versus EUR0 .1 in the first half of 2009 .","Profit for the period totalled EUR 0.8 mn , down from EUR 1.1 mn in the corresponding period in 2008 .",1,0.87706554
Affecto has participated in the program for the development of the Norwegian pension system since 2007 .,"Operating loss totalled EUR 4.0 mn , compared to a profit of EUR 8.6 mn in the second quarter of 2008 .",0,0.5962493
All depends on financing .,"Incap Corporation Stock Exchange Announcement 29 April 2010 at 1 p.m. INVITATION TO A NEWS CONFERENCE ON INCAP 'S INTERIM REPORT Q1-2010 Incap will publish its interim report for January-March 2010 on Wednesday , 5 May 2010 .",1,0.16975206
Ruukki Group calculates that it has lost EUR 4mn in the failed project .,In 2008 Stockmann earned 3.398 million lats in profit on 48.012 million lats in turnover .,0,0.58930683
No financial details were revealed .,The contract has been allotted as per lowest price criteria .,1,0.308407
Finnish Aktia Group 's operating profit rose to EUR 17.5 mn in the first quarter of 2010 from EUR 8.2 mn in the first quarter of 2009 .,"Panostaja owns a 68.77 pct of share capital and the voting rights of Suomen Helasto shares following an exchange of shares which was carried out on May 30 , 2007 .",0,0.71624976
"EPS for the quarter came in at 0.36 eur , up from 0.33 eur a year ago and ahead of forecast of 0.33 eur .","Operating profit was EUR 9.8 mn , compared to a loss of EUR 12.7 mn in the corresponding period in 2009 .",1,0.7404429
Operating profit rose to EUR 13.1 mn from EUR 8.7 mn in the corresponding period in 2007 representing 7.7 % of net sales .,"The company generates net sales of about 600 mln euro $ 775.5 mln annually and employs 6,000 .",0,0.75192696
Diluted earnings per share ( EPS ) stood at EUR 0.25 versus EUR 0.42 .,"Operating loss totaled EUR 0.8 mn , compared to a profit of EUR 0.5 mn .",1,0.7378148
"Operating result showed a loss of EUR 2.9 mn , while a year before , it showed a profit of EUR 0.6 mn .","Both operating profit and net sales for the three-month period increased , respectively from EUR15 .1 m and EUR131 .5 m , as compared to the corresponding period in 2005 .",0,0.6262566
Return on investment ROI was 4.1 % compared to 43.8 % in the first half of 2008 .,"Loss after financial items totalled EUR 9.7 mn , compared to a profit of EUR 1.3 mn in the corresponding period in 2008 .",1,0.8487364
` Very recommendable ' is the Nokian Z G2 according to the ` ADAC judgement ' in the latest summer tyre test of the German automobile association ADAC .,"Berling Capital , Umo Capital and Veikko Laine are the biggest shareholders in Amanda Capital .",0,0.44146246
"In Middle East & North Africa , Tecnotree has grown considerably in the recent years .","In 2009 , Fiskars ' cash flow from operating activities amounted to EUR121m , up from EUR97m in the previous year .",1,0.6335639
The Swedish subsidiary holds 1.0 % net smelter return `` NSR '' royalties over two advanced copper projects in northern Sweden - the Viscaria and Adak Projects - being developed by Avalon Minerals Ltd. ASX : AVI .,"Budapest , August 10 MTI - Finnish electronics maker Elcoteq will lay off 700 workers at its plants in Pecs S Hungary at the end of September because of falling orders , communications director for Elcoteq 's local unit , Zoltan Krippl told MTI on Monday .",0,0.54174477
"Earnings per share ( EPS ) were EUR0 .03 , up from the loss of EUR0 .083 .",HELSINKI AFX - Outokumpu said its technology unit has won a 28 mln eur contract from Bosnia-Herzegovina 's Aluminij dd Mostar to upgrade an anode plant .,1,0.49329716
Finnish technology company Raute Corporation ( OMX Helsinki : RUTAV ) issued on Tuesday ( 23 September ) a profit warning for the financial year 2008 .,"According to Seikku , the retail sector in Finland is controlled by 3-4 large actors , while food manufacturers are still relatively small .",0,0.46730042
According to an  posted by the World Intellectual Property Organization : `` The present invention relates to hydrocarbons and particularly to the manufacture of hydrocarbon components suitable as aviation fuels or jet fuels and as blending stocks for aviation fuels .,"However , the brokers ' ratings on the stock differ .",1,0.27044076
"Finnish shipping company Finnlines , of the Grimaldi Group , reports its net sales decreased to EUR 241.8 mn in January-June 2009 from EUR 384.0 mn in the corresponding period in 2008 .",No decision on such sale of the now issued or existing treasury shares to YA Global has been made yet .,0,0.44082358
The bank sees a potential for Getinge share to rise .,"Both operating profit and turnover for the nine-month period increased , respectively from EUR2 .4 m and EUR43 .8 m , as compared to the corresponding period a year ago .",1,0.5757803
"Satama 's net profit for the third quarter of 2007 rose to 275,000 euro ( $ 395,000 ) from 270,000 euro ( $ 388,000 ) for the same period of 2006 .","Operating loss totalled EUR 4.0 mn , compared to a profit of EUR 8.6 mn in the second quarter of 2008 .",0,0.81557643
The EPS improved to EUR0 .38 from EUR0 .27 .,` Very recommendable ' is the Nokian Z G2 according to the ` ADAC judgement ' in the latest summer tyre test of the German automobile association ADAC .,1,0.49492198
Net profit was 35.5 mln compared with 29.8 mln .,"Profit for the period totalled EUR 1.1 mn , down from EUR 1.6 mn in the third quarter of 2008 .",0,0.7717018
"According to Finnish petrol station chain St1 's managing director Kim Wiio , the company was forced to make purchases with rising prices in the first half of 2008 , and now consumer prices are going down almost daily due to competition .","Operating loss totalled EUR 12.7 mn , compared to a profit of EUR 17.7 mn in the first half of 2008 .",1,0.6753644
"Ahlstrom 's 5,700 employees serve customers via sales offices and production facilities in more than 20 countries on six continents .",Operating loss amounted to EUR 0.9 mn in the first half of 2006 compared to a profit of EUR 0.5 mn in the first half of 2005 .,0,0.4729519
"Pretax profit totalled EUR 2.0 mn , compared to a loss of EUR 159.2 mn in the fourth quarter of 2008 .","Markets had been expecting a poor performance , and the company 's stock was up 6 percent at  x20ac 23.89 US$ 33.84 in early afternoon trading in Helsinki .",1,0.6893654
No financial information was provided .,The agreement strengthens our long-term partnership with Nokia Siemens Networks .,0,0.07780939
"Finnish electronics manufacturing services EMS company Elcoteq SE posted a net loss of 66.4 mln euro $ 91.2 mln for the first half of 2007 , compared to a net profit of 7.1 mln euro $ 9.8 mln for the same period of 2006 .",Operating profit decreased to EUR 11.2 mn from EUR 16.6 mn .,1,0.74257094
"HELSINKI ( Thomson Financial ) - Kone said it has won four orders in Saudi Arabia , United Arab Emirates and Qatar worth 40 mln eur .",The plant is expected to enter commercial operation by mid-2009 .,0,0.35834897
"Last July , the group said it intended to relocate warehouse and office space in Loudeac and Saint Marcel to Morvillars , in the east of France , where it already operates a hook manufacturing and distribution unit .","The shares subscribed for under the stock options were registered in the Trade Register on 20 January 2011 , as of which date the new shares will establish shareholder rights .",1,0.59659016
The company slipped to an operating loss of EUR 2.6 million from a profit of EUR 1.3 million .,The company expects net sales to significantly increase from 2009 .,0,0.2919908
"In the Baltic states the company reports net sales of EUR 11.9 mn , down from EUR 14.2 mn , and an operative EBIT of EUR -2.2 mn , down from EUR -1.7 mn .","External net sales from the printing business fell by 43.7 % , partly due to the termination of the printing contract between Ilkka-Yhtyma 's printing house I-print Oy and sector player HSS Media AB in December 2009 and the fall in printing prices .",1,0.5586951
"From 2003 on , the emphasis of Kyro 's strategy has been on Glaston 's growth .",Return on equity stood at 18.3 % compared to 15.4 % in the third quarter of 2005 .,0,0.5058663
Finnish technology company Raute Corporation ( OMX Helsinki : RUTAV ) issued on Tuesday ( 23 September ) a profit warning for the financial year 2008 .,The Department Store Division 's sales fell by 8.6 % to EUR 140.2 mn .,1,0.536307
"Nokia shares hit 13.21 euros on Friday , down 50 percent from the start of the year in part because of the slow introduction of touch-screen models .","Koduextra is operating a retail chain of 11 stores , controlled by Finnish Non-Food Center KY , Rukax OY , and Scan-Tukka OY .",0,0.38479638
Net profit fell by almost half to +é 5.5 million from +é 9.4 million at the end of 2007 .,"Operating result showed a loss of EUR 2.9 mn , while a year before , it showed a profit of EUR 0.6 mn .",1,0.812847
"Result before taxes decreased to nearly EUR 14.5 mn , compared to nearly EUR 20mn in the previous accounting period .",Rapala Fishing Frenzy 2009 .,0,0.3063584
Cargotec will also move Hallberg-Ivarsson 's service and installation business under the same roof with its service center for Kalmar and MacGregor solutions in Gothenburg .,The value of the total investment is about EUR 600mn .,1,0.22652234
Finnish financial group Aktia 's operating profit for 2009 increased to EUR 47.0 mn from EUR 6.6 mn in 2008 .,"`` Over the years , the color orange has become synonymous with quality .",0,0.38324368
The company 's market share is continued to increase further .,Olvi has posted a strong set of figures for the first six months of this year .,1,0.5221886
"Finnish IT consultancy Satama Interactive Oyj posted a net profit of 1.4 mln euro $ 2.0 mln for the first nine months of 2007 , compared to a net loss of 462,000 euro $ 664,000 for the same period of 2006 .",Talvivaara is listed on the London Stock Exchange Main Market and NASDAQ OMX Helsinki and is included in the FTSE 250 Index .,0,0.49795043
"( ADP News ) - Feb 4 , 2009 - Finnish broadband data communication systems and solutions company Teleste Oyj ( HEL : TLT1V ) said today its net profit decreased to EUR 5.5 million ( USD 7.2 m ) for 2008 from EUR 9.4 million for 200",Operating profit fell to EUR 23.26 mn from EUR 32.86 mn .,1,0.75350523
"The Tecnomen Convergent Charging solution includes functionality for prepaid and post-paid billing , charging and rating of voice calls , video calls , raw data traffic and any type of content services in both mobile and fixed networks .","Finnish electronics contract manufacturer Scanfil had net sales of EUR 52.2 mn in the first quarter of 2007 , down from EUR 60.1 mn a year before .",0,0.19915095
"Commission income decreased to EUR 3.8 mn , compared to EUR 4.6 mn in the third quarter of 2007 .",Diluted earnings per share ( EPS ) stood at EUR 0.25 versus EUR 0.42 .,1,0.69155866
Operating result including non-recurring items rose to EUR 146mn from a loss of EUR 267mn in 2009 .,Pretax loss totaled EUR 117mn compared to a loss of EUR 65mn in the corresponding period .,0,0.7876736
"The Lithuanian beer market made up 14.41 million liters in January , a rise of 0.8 percent from the year-earlier figure , the Lithuanian Brewers ' Association reporting citing the results from its members .",Diluted EPS rose to EUR3 .68 from EUR0 .50 .,1,0.59947336
The acquisition will considerably increase Kemira 's sales and market position in the Russian metal industry coatings market .,"Due to the rapid decrease in net sales , personnel reductions have been carried out on a wider scale than initially expected .",0,0.4170468
"Jan. 6 -- Ford is struggling in the face of slowing truck and SUV sales and a surfeit of up-to-date , gotta-have cars .",Finnish automation solutions developer Cencorp Corporation ( OMX Helsinki : CNC1V ) issued on Thursday ( 18 September ) a profit warning for the third quarter of 2008 .,1,0.46512884
"Revenue was slightly down , at  x20ac 495 million $ 634 million , compared to  x20ac 497 million a year earlier .","Elisa said mobile subscriptions grew 7 percent during 2007 , mainly because of customers adopting so-called third generation mobile technology .",0,0.5784944
Finnish developer and manufacturer of mobile phone chargers Salcomp Plc OMX Helsinki : SAL1V on Wednesday 19 November lowered its full-year net sales estimate .,Consolidated pretax profit decreased by 69.2 % to EUR 41.0 mn from EUR 133.1 mn in 2007 .,1,0.70368135
"Nevertheless , its market share rose to 49.14 percent from 48.51 percent a year earlier .",The serial bond is part of the plan to refinance the short-term credit facility .,0,0.17227787
"Last week , the Finnish metals and technology group announced plans to sell more than 80 percent of its technology unit to further the company 's strategic goal of becoming the world 's largest stainless steel maker .",Outotec 's net profit for the second quarter of 2007 jumped to 16.8 mln euro ( $ 23.1 mln ) from 4.6 mln euro ( $ 6.3 mln ) a year ago .,1,0.6499785
"Operating loss totalled EUR 4.0 mn , compared to a profit of EUR 8.6 mn in the second quarter of 2008 .","comparable operating profit totaled EUR 854mn , up from EUR 730mn in 2004 .",0,0.806877
"The currency effect had a 3.0 pct , or 20 mln euro ( $ 31.3 mln ) , negative impact on the revenue .",Pharmaceuticals group Orion Corp reported a fall in its third-quarter earnings that were hit by larger expenditures on R&D and marketing .,1,0.7533745
Finnish fibers and plastic products maker Suominen Corporation said its net loss narrowed to 1.6 mln euro $ 2.0 mln in the first nine months of 2006 from 2.16 mln euro $ 2.7 mln in the same period of 2005 .,Sales at the unit slumped last year after the industry was hit by poor snowfall in the major resorts in the winter of 2006-07 .,0,0.74168015
"( ADP News ) - Feb 11 , 2009 - Finnish wood products technology supplier Raute Oyj ( HEL : RUTAV ) said today its net profit decreased to EUR 4.7 million ( USD 6.1 m ) for 2008 from EUR 6.6 million for 2007 .","Operating loss of the Pulp & Paper Machinery unit was over EUR 3mn in September 2007 - August 2008 , compared to a profit of EUR 3.7 mn a year earlier .",1,0.8240464
`` These developments partly reflect the government 's higher activity in the field of dividend policy . '',"In October , UPM reported a third-quarter net loss of euro86 million $ 110 million compared with a net profit of euro120 million in 2007 .",0,0.30402783
Orion 's net profit for the third quarter of 2007 decreased to 36.5 mln euro ( $ 52.1 mln ) from 40.3 mln euro ( $ 57.5 mln ) a year earlier .,"Operating loss of the Pulp & Paper Machinery unit was over EUR 3mn in September 2007 - August 2008 , compared to a profit of EUR 3.7 mn a year earlier .",1,0.9130317
The company expects its net sales in 2008 to increase 5-10 % from 2007 .,"The change in holdings in accordance with Chapter 2 , Section 9 of the Finnish Securities Markets Act is described below .",0,0.35213935
"In January-September 2007 , the group 's net sales from continuing operations rose to EUR 213.1 mn from EUR 172.6 mn in the corresponding period in 2006 .",Finnish Vacon has signed significant deals with Norwegian Scandinavian Electric Systems ( SES ) on the supply of AC drives .,1,0.35063726
It also confirmed its earnings guidance for the whole 2009 issued in its report for the whole 2008 .,"OUTOTEC OYJ PRESS RELEASE , FEBRUARY 19 , 2008 AT 11.00 AM Outotec has won two large minerals processing technology orders from Mirabela Mineracao do Brasil Ltda , Brazil and from Cumerio Med JSCo , Bulgaria .",0,0.58866143
"The purchase price will be paid in cash upon the closure of the transaction , scheduled for April 1 , 2009 .","Typical end-uses include roof structures , floorings , walls and ceilings , non-visible structures in vehicles , packaging and boxes , construction site structures , fencing and shelters , and formwork with a limited number of concrete pourings .",1,0.2033231
Commission income fell to EUR 4.6 mn from EUR 5.1 mn in the corresponding period in 2007 .,The size of a cider bottle will remain unchanged .,0,0.21802726
"Operating profit fell to EUR 35.4 mn from EUR 68.8 mn in 2007 , including vessel sales gain of EUR 12.3 mn .","Operating profit was EUR -0.1 mn , down from EUR 1.3 mn .",1,0.83934724
4 ) Complete name of the shareholder : Otto Henrik Bernhard Nyberg 5 ) Further information : The amount of shares now transferred corresponds to 5.68 % of the total number of shares in Aspo Plc. .,"Having a China based operation will not only enable us to fully leverage our resources and expertise in wireless solutions , but also strengthen our capability to offer industry-leading products for our customers in China . ''",0,0.29314125
Cash Flow from Operations for the most recent quarter also reached a eight year low .,Finnish meat company Atria can no longer promise a sufficient amount of domestic beef to its customers .,1,0.44106448
"Finnish pulp and paper machinery maker Vaahto Group Oyj swung to a 1.1 mln euro $ 1.4 mln net profit in the fiscal 2005-06 , ended August 31 , 2006 , from a 249,000 euro $ 319,000 net loss in the fiscal 2004-05 .",The situation of coated magazine printing paper will continue to be weak .,0,0.27183327
"Operating profits in the half were  0.8 m , down from  0.9 m as Glisten invested in the brand and the management team .","Raute reported a loss per share of EUR0 .86 for the first half of 2009 , against EPS of EUR0 .74 in the corresponding period of 2008 .",1,0.7214547
Operating loss amounted to EUR 0.9 mn in the first half of 2006 compared to a profit of EUR 0.5 mn in the first half of 2005 .,Terms of the acquisition were not disclosed .,0,0.24744357
"Finnish plumbing and heating systems supplier Uponor 's net sales from continuing operations decreased by 9.4 % in 2008 to EUR 949.2 mn from EUR 1,047.4 mn in 2007 .","Operating profit was EUR -0.1 mn , down from EUR 1.3 mn .",1,0.750116
The pretax profit of the group 's life insurance business increased to EUR36m from EUR27m .,"The result will also be burdened by increased fixed costs associated with operations in China , and restructuring costs in Japan .",0,0.52346134
"Finnish flexible packaging manufacturer Suominen Corporation reports net sales of EUR 54.5 mn in the first quarter of 2008 , compared with EUR 54.3 mn a year earlier .","Metsaliitto , however , narrowed its net loss for the second quarter of 2007 to 5.0 mln euro $ 6.9 mln from 61 mln euro $ 83.7 mln a year ago .",1,0.79903245
"( ADP News ) - Feb 12 , 2009 - Finnish IT solutions provider Affecto Oyj ( HEL : AFE1V ) said today its net profit rose to EUR 8.5 million ( USD 11m ) in 2008 from EUR 7 million in 2007 .","The contracts between Raute Corporation and Muling Kemian Wood Products Co. , Ltd. , which were announced on 3 November 2010 , have taken effect .",0,0.5788372
Talentum 's net sales in September were smaller than expected .,Operating profit for continuing operations fell to EUR 48.3 mn from EUR 72.4 mn in the first half of 2007 .,1,0.7020899
Finnish meat company Atria can no longer promise a sufficient amount of domestic beef to its customers .,"In the reporting period , net sales rose by 8 % year-on-year to EUR64 .3 m , due to the business acquisitions realized during the first half of 2008-09 , the effect of which was EUR10 .9 m in the review period .",0,0.29022035
"Our customers come from the following countries : UK , USA , Spain , France , Italy , Germany , China , Hong Kong , Sweden , Norway , Netherlands , Austria , Belgium , Switzerland , Czech Republic , Finland , Canada , Russia , Ukraine , Denmark , Ireland , South Korea and Liechtenstein .","Unit prices for straddle carriers vary between EUR700 ,000 and EUR900 ,000 , the company added .",1,0.51439786
Diluted earnings per share ( EPS ) declined to EUR 0.78 from EUR 1.76 .,"In the third quarter , net sales increased by 12 % year-on-year to EUR159 .5 m , or by 6 % at comparable currency rates growth .",0,0.4590412
"Copper , lead and nickel also dropped ... HBOS ( HBOS ) plummeted 20 % to 70.3 pence after saying this year+ó ??","Operating profit totalled EUR 9.6 mn , down from EUR 42.0 mn the year before .",1,0.71925604
"Operating loss totalled EUR 5.2 mn , compared to a loss of EUR 3.4 mn in the corresponding period in 2008-2009 .","Citigroup , Inc ( NYSE : C ) has announced that its Global Transaction Services ( GTS ) business has been awarded a new mandate by Finland-based Pohjola Bank Group .",0,0.39768112
"In the Baltic countries , sales fell by 42.6 % .","Operating result for the 12-month period decreased from the profit of EUR0 .4 m while turnover decreased from EUR5 .6 m , as compared to 2004 .",1,0.80794084
"According to the company , in addition to normal seasonal fluctuation the market situation has weakened during autumn 2008 .","For the first nine months of 2010 , Talvivaara 's net loss narrowed to EUR 8.3 million from EUR 21.9 million for the same period of 2009 .",0,0.7913778
"Net sales surged by 18.5 % to EUR167 .8 m. Teleste said that EUR20 .4 m , or 12.2 % , of the sales came from the acquisitions made in 2009 .",Return on equity stood at 18.3 % compared to 15.4 % in the third quarter of 2005 .,1,0.79182726
"So far as is known , he did not sell shares that he owns personally .","Operating profit margin was 8.3 % , compared to 11.8 % a year earlier .",0,0.28326684
"`` Method and System for Controlling a Hard Disk Drive Using a Multimediacard Physical Interface '' was invented by Marko Ahvenainen Ruutana , Finland .",Fortum had previously bought the state-held stake in TGK-10 from RAO UES during its reform .,1,0.46358326
He will report to CapMan Plc 's CEO Heikki Westerlund .,"In the first nine months of 2010 , the company 's net loss narrowed to EUR 415,000 from EUR 7.4 million for the corresponding period of 2009 .",0,0.2719849
"`` Adjustment to the fall in price level , in contrast , has been less effective .","Operating profit margin was 8.3 % , compared to 11.8 % a year earlier .",1,0.46993753
"LEED is an internationally recognized green building certification system , developed by the U.S. Green Building Council .","Return on investment was 5.0 % , compared to a negative 4.1 % in 2009 .",0,0.2049871
No financial information was provided .,"The second variant offers complete final finishing of any selected apartment with foreign high quality materials ( Finland , Denmark , Germany , France ) .",1,0.009145806
"The chilled meat products category led the meat , fish and poultry market in Finland , accounting for a share of 31.4 % .","Qualcomm estimated a first-quarter profit between 46 and 50 cents a share , excluding certain items , below the analyst estimate of 61 cents a share .",0,0.5322339
Sales in Finland rose by 3.9 % and international growth was 0.7 % .,It therefore seems that Finnish shipping company Viking Line will get the subsidy it needs to order its new LNG-fuelled vessel .,1,0.44386637
Cash Flow from Operations for the most recent quarter also reached a eight year low .,Finnish Cargotec 's Kalmar has received a significant order from the US Department of Defense .,0,0.23452878
Raute said it has won an order worth around 15 mln eur to supply several plywood production lines to mills operated by Russian wood products company Sveza Group .,"Earnings per share ( EPS ) were EUR0 .03 , up from the loss of EUR0 .083 .",1,0.4485464
The company slipped to an operating loss of EUR 2.6 million from a profit of EUR 1.3 million .,"The mill will have capacity to produce 500,000 tonnes of pulp per year .",0,0.5259657
"This could be any of us at any time , '' she said .","The Point Village , designed by Scott Tallon Walker , will include a shopping center , office premises , a hotel and a cinema .",1,0.29308325
"The facility will have a lettable area of some 19,000 sq m. The plot for the plant , located in the Ratasmaki business park , will be purchased from the City of Forssa .",Efore 's results for the last quarter showed an even faster improvement as the company managed to better source its components .,0,0.31102473
"Net cash from operating activities was a negative EUR 0.3 mn , compared to EUR 30.9 mn in 2009 .","Net cash flow from operating activities was a negative EUR 3.1 mn , compared to EUR 23.3 mn in the corresponding period in 2009 .",1,0.973554
"Profit for the period was EUR 9.8 mn , up from EUR 6.0 mn in 2004 .",Return on investment ROI was 4.1 % compared to 43.8 % in the first half of 2008 .,0,0.82511914
"Alma Media holds 70 % of this company , the remaining shares being owned by the company 's key employees .","EQ Bank forecasts Olvi 's net sales at EUR 67mn in the second quarter of 2009 , and operating profit at EUR 6.4 mn .",1,0.60855174
"You need to be ready when the window opens up , Rosberg said .","Mika Stahlberg , VP F-Secure Labs , said , `` We are excited and proud that F-Secure has been recognized by AV-Comparatives as the Product of the Year .",0,0.31999373
"Danske Bank A-S DANSKE DC jumped 3.7 percent to 133.4 kroner , rebounding from yesterday s 3.5 percent slide .","With CapMan as a partner , we will be able to further develop our business and continue to focus on providing quality restaurant services for our customers , '' says Christopher Wynne , CEO of Papa John 's Russia .",1,0.30720812
"The equipment Ixonos acquires with this deal includes mechanical engineering hardware ; an RF and antenna measurement laboratory ; facilities for the measurement of audio , cameras and displays ; as well as devices and robot units for the testing of mobile devices .","Based on the first quarter result , existing order backlog and new order prospects , the company expects that full-year sales will contract by 25 % from 2008 , the gross margin will stay at a healthy level , and the operating profit margin will be lower than in 2008 due to lower sales volume .",0,0.096217126
"In addition , MIDs are always online and enable full Internet browsing .",The value of the order is USD 2.2 mn .,1,0.15338777
"Finnish power supply solutions and systems provider Efore Oyj said its net loss widened to 3.2 mln euro $ 4.2 mln for the first quarter of fiscal 2006-2007 ending October 31 , 2007 from 900,000 euro $ 1.2 mln for the same period of fiscal 2005-06 .","The share capital of Alma Media Corporation (business ID 1944757-4)is EUR 45,031,513.80 and it is divided into 75,052,523 shares .",0,0.5966357
"In Lithuania , operating profit rose to EUR 190,000 from EUR 70,000 in the corresponding period in 2005 .",The plan is estimated to generate some EUR 5 million ( USD 6.5 m ) in cost savings on an annual basis .,1,0.7166238
"According to Finnish Metso Minerals , the value of the company 's orders has gone up to EUR 1.9 bn in 12 months .","Finnish GeoSentric 's net sales decreased to EUR 939,000 in January-March 2009 .",0,0.70996475
Swedbank 's shares have been hardest hit of the Swedish banks by the ongoing international financial crisis .,"Finnair 's passenger load factor , which measures the number of sold seats as a share of all available seats , dropped by 1.3 percentage points to 76.7 % in September .",1,0.4841926
"Operating profit was EUR -0.1 mn , down from EUR 1.3 mn .","Ahlstrom 's 5,700 employees serve customers via sales offices and production facilities in more than 20 countries on six continents .",0,0.34594917
"` The stable outlook reflects Nokia 's strong market position in the global mobile handset market , strong cash flow generation , and very conservative balance sheet , ' said Raab .","Cash flow from operations totalled EUR 2.71 mn , compared to a negative EUR 0.83 mn in the corresponding period in 2008 .",1,0.359863
"Arvo Vuorenmaa , the Loviisa plant 's general manager said the application for the new licence was a `` standard '' procedure and that he was `` quite confident '' about approval being granted .","STOCKMANN plc COMPANY ANNOUNCEMENT February 20 , 2007 , at 13.40 An annual summary of Stockmann 's stock exchange and financial press releases in 2006 is available on the company 's website at the address www.stockmann.com .",0,0.260884
"However , the brokers ' ratings on the stock differ .","In the fourth quarter of 2006 , OKO Banks expects the operating environment for Banking and Investment Services to remain similar to that in January-September 2006 .",1,0.28488106
"ADP News - Nov 13 , 2008 - Finnish printed circuit board PCB maker Aspocomp Group Oyj OMX : ACG1V said today that its net loss narrowed to EUR 2 million USD 2.5 m in the first nine months of 2008 from EUR 57",Reported operating margin was a negative 5.9 % .,0,0.5022985
"However , the orders received during the period under review fell by 17 % quarter-on-quarter from the EUR 213 million recorded in the second quarter of 2010 .","In September alone , the market declined by 10.2 percent year-on-year to 19.28 million liters .",1,0.8636723
"Operating loss totalled EUR 4.0 mn , compared to a profit of EUR 8.6 mn in the second quarter of 2008 .",The terms and conditions of the year 2003 stock option scheme were published in a stock exchange release on 31 March 2003 .,0,0.44958025
"Full-year net sales are expected to increase by approximately 10 % , the company said .",The company 's market share is continued to increase further .,1,0.58773434
"Finnish power supply solutions and systems provider Efore Oyj said its net loss widened to 3.2 mln euro $ 4.2 mln for the first quarter of fiscal 2006-2007 ending October 31 , 2007 from 900,000 euro $ 1.2 mln for the same period of fiscal 2005-06 .","F-Secure Internet Security 2010 is a security service for surfing the web , online banking and shopping , e-mail , and other online activities .",0,0.358175
Finnish office supplies and computer accessories dealer Beltton-Group Plc said its net profit rose to 1.3 mln euro ( $ 1.7 mln ) in 2006 from 1.13 mln euro ( $ 1.5 mln ) in 2005 .,"Finnish software developer Basware Oyj said on November 30 , 2006 its U.S. subsidiary Basware , Inc. won an order to provide software for contract lifecycle management to an unnamed U.S. medical technology company .",1,0.6712004
"In January-September 2010 , Fiskars ' net profit went up by 14 % year-on-year to EUR 65.4 million and net sales to EUR 525.3 million from EUR 487.7 million .",The company said that sales in the three months to the end of March slid to EUR86 .4 m US$ 113.4 m from EUR91 .2 m last year .,0,0.73568916
"ADP News - Nov 6 , 2008 - Finnish retail software developer Aldata Solution Oyj OMX : ALD1V said today that it swung to a net profit of EUR 2.1 million USD 2.7 m for the first nine months of 2008 versus a net loss of EU","Finnish pulp and paper machinery maker Vaahto Group Oyj swung to a 1.1 mln euro $ 1.4 mln net profit in the fiscal 2005-06 , ended August 31 , 2006 , from a 249,000 euro $ 319,000 net loss in the fiscal 2004-05 .",1,0.86435986
Net sales of Finnish food industry company L+ñnnen Tehtaat 's continuing operations increased by 13 % in 2008 to EUR 349.1 mn from EUR 309.6 mn in 2007 .,"ADPnews - Aug 3 , 2009 - Finnish media group Ilkka-Yhtyma Oyj HEL : ILK2S said today its net profit fell 45 % on the year to EUR 5.9 million USD 8.4 m in the first half of 2009 .",0,0.72638655
"Lassila & Tikanoja 's operating profit excluding non-recurring and imputed items for the second quarter was EUR11 .3 m , down from EUR13 .8 m a year ago .","Finnish plumbing and heating systems supplier Uponor 's net sales from continuing operations decreased by 9.4 % in 2008 to EUR 949.2 mn from EUR 1,047.4 mn in 2007 .",1,0.79060555
"In Q1 of 2009 , the company 's operating loss totalled EUR 0.3 mn , compared to a profit of EUR 3.6 mn in Q1 of 2008 .","About 36 % of this came from Aspo Chemicals , 39 % from Aspo Shipping and 25 % from Aspo Systems .",0,0.5822653
"According to the company , in addition to normal seasonal fluctuation the market situation has weakened during autumn 2008 .","2009 3 February 2010 - Finland-based steel maker Rautaruukki Oyj ( HEL : RTRKS ) , or Ruukki , said today it slipped to a larger-than-expected pretax loss of EUR46m in the fourth quarter of 2009 from a year-earlier profit of EUR45m .",1,0.7237359
"Operating profit , excluding non-recurring items , totalled EUR 2.2 mn , down from EUR 2.7 mn in the corresponding period in 2008 .","`` Method and System for Controlling a Hard Disk Drive Using a Multimediacard Physical Interface '' was invented by Marko Ahvenainen Ruutana , Finland .",0,0.26071027
Operating profit excluding non-recurring items was EUR 7.8 million compared to EUR 11.2 million .,SRV lowered its net sales estimate for the whole of 2008 due to uncertainties in housing sales .,1,0.5601763
"Motorola accounted for 11.5 percent of the South Korean handset market as of the end of April , Samsung held 55 percent and LG Electronics 19 percent , according to Korea-based ATLAS Research Group .",The fair value of the company 's investment properties went down to EUR 2.768 billion at the end of 2009 from EUR 2.916 billion a year earlier .,0,0.68948317
Operating loss totaled EUR 25mn compared to a profit of EUR 63mn in the corresponding period in 2005 .,Scanfil has also issued a profit warning .,1,0.36133292
"In the fourth quarter of 2006 , OKO Banks expects the operating environment for Banking and Investment Services to remain similar to that in January-September 2006 .","Adjusted for changes in the Group structure , the Division 's net sales increased by 1.7 % .",0,0.48838788
Shuweihat 2 got under way in July 2008 when the project was awarded to desalination and power contractors .,"Elcoteq 's Electronics Manufacturing Services ( EMS ) Business Segment serves customers globally in Engineering , Manufacturing and Fulfillment services .",1,0.39132157
"That address also happens to house Italian megamart Eataly , meaning that `` Come on , kids , we 're going to the Toy Building ! ''",- Operating profit rose by 26.9 % to EUR 105.8 ( 83.4 ) million .,0,0.32351398
Vaisala 's net profit for the third quarter of 2007 dropped to 3.0 mln euro ( $ 4.3 mln ) from 6.8 mln euro ( $ 9.8 mln ) for the same period of 2006 .,"HELSINKI Thomson Financial - Shares closed little changed , with Cargotec and Huhtamaki dropping sharply on disappointing second-quarter reports .",1,0.7693982
Return on investment was 16.6 % compared to 15.8 % in 2004 .,Operating profit fell to EUR 38.1 mn from EUR 55.3 mn in 2007 .,0,0.7118969
Operating result including non-recurring items rose to EUR 146mn from a loss of EUR 267mn in 2009 .,"The company 's net profit rose 11.4 % on the year to 82.2 million euros in 2005 on sales of 686.5 million euros , 13.8 % up on the year , the company said earlier .",1,0.7467998
Operating profit excluding non-recurring items increased by 27 % to EUR 81.9 mn from EUR 64.4 mn in the corresponding period in 2008 .,It has some 30 offices worldwide and more than 90 pct of its net sales are generated outside Finland .,0,0.6946387
"Managing Director 's comments : `` Net sales for the first quarter were notably lower than a year before , especially in Finland , Russia and the Baltic countries .","HELSINKI Thomson Financial - Shares in Cargotec fell sharply in early afternoon trade after the cargo handling group posted a surprise drop in April-June profits , which overshadowed the large number of new orders received during the three months .",1,0.770072
No decision on such sale of the now issued or existing treasury shares to YA Global has been made yet .,"Operating profit totalled EUR 9.6 mn , down from EUR 42.0 mn the year before .",0,0.30427778
Arena Partners Oy is a development company for electronic business .,"Cohen & Steers , Inc. : 5 534 530 shares representing 4.985 % of the share capital and voting rights .",1,0.27645656
"The Finnish national carrier said net loss in April through June was euro26 million , down from a net profit of euro13 million a year earlier .",The online ice chart shows no ice in the area of Estonia 's sea ports on the coast of the Gulf of Finland .,0,0.3868153
Rautaruukki said construction group YIT has awarded it a 2.5 mln eur contract to supply the steel structures for a new bridge spanning the Kemijoki river in Northern Finland .,"The company said that paper demand increased in all of its main markets , including of publication papers , and that it increased average paper prices by 4 percent compared with last year .",1,0.45310557
EBIT excluding non-recurring items was estimated to increase from 2009 .,"SSH Communications Security Corporation is headquartered in Helsinki , Finland .",0,0.17469755
"The Annual Report will be sent automatically to shareholders holding at least 2,000 Sampo plc shares .","On preliminary estimate , the hotel will operate under the brand Novotel .",1,0.37365797
The loss for the third quarter of 2007 was EUR 0.3 mn smaller than the loss of the second quarter of 2007 .,The hull of the vessel was built one block at a time and Ruukki delivered the plate material for each block as construction progressed .,0,0.2636503
"( ADP News ) - Feb 11 , 2009 - Finnish wood products technology supplier Raute Oyj ( HEL : RUTAV ) said today its net profit decreased to EUR 4.7 million ( USD 6.1 m ) for 2008 from EUR 6.6 million for 2007 .","Result before taxes decreased to nearly EUR 14.5 mn , compared to nearly EUR 20mn in the previous accounting period .",1,0.7682294
"Publishing Sweden 's operating loss was EUR 1.1 mn in Q1 of 2009 , compared to a profit of EUR 0.6 mn a year ago .",`` The issues identified by Stonesoft affect a range of content inspection technology .,0,0.15431799
"The company 's set of services include digital printing , printing preparation , offset-printing , after-treatment services and send out services .",The non-recurring costs caused to Talentum 's Premedia business area by the restructuring will amount to 2.0 mln euro $ 2.7 mln and will be included in the company 's financial results for the second quarter of 2007 .,1,0.26257473
"Profit before taxes was EUR 5.4 mn , up from EUR 3.6 mn a year earlier .","Our customers come from the following countries : UK , USA , Spain , France , Italy , Germany , China , Sweden , Norway , Netherlands , Austria , Belgium , Switzerland , Czech Republic , Serbia , Finland , Canada , Russia , Ukraine , Portugal , Denmark , Ireland , South Korea , Estonia and Liechtenstein .",0,0.33664095
Diluted earnings per share ( EPS ) declined to EUR 0.78 from EUR 1.76 .,"Operating profit excluding non-recurring items amounted to EUR 40.6 mn , down from EUR 57.3 mn year-on-year .",1,0.736614
Operating profit rose to EUR2 .4 m from EUR1 .6 m year earlier .,"Digia will also set up two subsidiaries , Digia Norway AS and Digia USA Inc. .",0,0.24810024
The value of the multi-year agreement is over EUR 2mn a year .,"The new majority owners of Aspocomp Thailand Co. , Ltd are certain private persons belonging to immediate circle of Aspocomp 's present Joint Venture partner , Saha Pathana Inter-Holding Plc. .",1,0.41553205
COPYRIGHT AFX News and AFX Financial News Logo are registered trademarks of AFX News Limited,"Seven-month sales of Ragutis , which is controlled by the Finnish brewery Olvi , declined by 11.2 percent , to 15.41 million liters , and the company held 9.89 percent of the market .",0,0.27729923
Pharmaceutical market in Czech Republic Global Research & Data Services published recently a market analysis about the pharmaceutical markets in Czech Republic .,The total value of the deliveries is some EUR65m .,1,0.39498755
"Budapest , August 10 MTI - Finnish electronics maker Elcoteq will lay off 700 workers at its plants in Pecs S Hungary at the end of September because of falling orders , communications director for Elcoteq 's local unit , Zoltan Krippl told MTI on Monday .","Sukhraj Dulai , of the 2900 block of Boni Sue Court , a cul-de-sac on the city 's north side , started the vehicle and went inside his house about 8 a.m. Tuesday , leaving the garage door open .",0,0.57844305
The measures taken will cause one-time costs during the final part of 2006 .,`` Our Vaalipalvelu-service was especially developed for use by communities and organizations .,1,0.15450935
"In addition , the contract includes modification of the effluent treatment plant at Follum .",Finnish handling systems company Cargotec Oyj ( HEL : CGCBV ) said today that it won a EUR 13 million ( USD 16.6 m ) contract to deliver MacGregor hatch covers for ships ordered by Norwegian shipowner Grieg Shipping .,0,0.34744483
"Typically , the transmission power level can be decreased when the interference noise is above a predefined value .",The share subscription period for C options will commence on 1 September 2008 and expire on 31 March 2011 .,1,0.34160104
"After the transaction , Tikkurila has no powder coatings related operations .","Konecranes Oyj KCR1V FH fell 5.5 percent to 20.51 euros , the biggest fall since June .",0,0.2834549
Finnish investment company Neomarkka is the main owner of Kuitu Finland 's successor .,"Votorantim Celulose e Papel ( VCP ) is part of the Votorantim Group , a major Brazilian conglomerate .",1,0.53666276
"For the current year , Raute expects its net sales to increase and the operating result -- to be positive .","HELSINKI Thomson Financial - Shares in Cargotec fell sharply in early afternoon trade after the cargo handling group posted a surprise drop in April-June profits , which overshadowed the large number of new orders received during the three months .",0,0.29284033
The combined capital of these funds is expected to be EUR 100mn-150mn .,"The Committee proposes the following remuneration : a monthly remuneration of EUR 5,000 for the Chairman , EUR 3,500 for the Deputy Chairman , and EUR 2,500 for the other Board members .",1,0.53162885
"Mika Stahlberg , VP F-Secure Labs , said , `` We are excited and proud that F-Secure has been recognized by AV-Comparatives as the Product of the Year .",Finnair said that the cancellation of flights would cause daily losses of  x20ac 2.5 million US$ 3 million .,0,0.28906822
EUR 220 million of the transaction consideration was paid in the form of four-year interest-bearing vendor notes .,The front surfaces of these valve plates are directed towards each other .,1,0.10757284
A few employees would remain at the Oulu plant in support functions for other group units .,Last year SysOpen Digia invested in IBM product know-how in the building of portal and trading place systems and successfully implemented customer solutions supported by it .,0,0.36440957
"In the fourth quarter of 2006 , OKO Banks expects the operating environment for Banking and Investment Services to remain similar to that in January-September 2006 .","Under the deal , Know IT will pay SEK90m ( USD12 .8 m-EUR8 .6 m ) in cash and stock .",1,0.46884418
"However , the broker gave an `` outperform '' recommendation on the stock .",Sanoma News ' advertising sales decreased by 22 % during the year .,0,0.45992398
Earnings per share were higher at 0.48 against 0.37 a year before and ahead of market consensus of 0.40 eur .,Finnish cutlery and hand tools maker Fiskars Oyj Abp ( HEL : FISAS ) said today its net profit rose to EUR 24.1 million ( USD 33.6 m ) in the third quarter of 2010 from EUR 17.9 million a year earlier .,1,0.7495083
"According to HK Ruokatalo , almost all the meat used by the company comes from Finland .","In October , UPM reported a third-quarter net loss of euro86 million $ 110 million compared with a net profit of euro120 million in 2007 .",0,0.3941028
"Net cash from operating activities was a negative EUR 0.3 mn , compared to EUR 30.9 mn in 2009 .",Ruukki Group calculates that it has lost EUR 4mn in the failed project .,1,0.7689936
Return on investment ROI was 4.1 % compared to 43.8 % in the first half of 2008 .,"Shareholder 's full name and ID code : - Petri Ailus , born 15.9.1966 For further information , please contact Isto Hantila , CEO , tel. +358 9 591 8342 .",0,0.37823582
"Profit before taxes decreased by 9 % to EUR 187.8 mn in the first nine months of 2008 , compared to EUR 207.1 mn a year earlier .","Sales in Finland decreased by 2.0 % , and international sales decreased by 9.3 % in terms of euros , and by 15.1 % in terms of local currencies .",1,0.8186686
"Sales in Finland decreased by 10.5 % in January , while sales outside Finland dropped by 17 % .","Finnish silicon wafer technology company Okmetic Oyj OMX Helsinki : OKM1V reported on Thursday 30 October an operating profit of EUR7 .4 m for January-September 2008 , up from EUR6 .1 m in the corresponding period in 2007 .",0,0.71512437
"Quartal Oy now owns 2,094,063 shares in Satama Interactive Plc , which represents 5,19 per cent of the share capital and voting rights .","The sale will be finalized in September or October , the company said .",1,0.381732
"Operating result showed a loss of EUR 2.9 mn , while a year before , it showed a profit of EUR 0.6 mn .","Profitability ( EBIT % ) was 13.9 % , compared to 13.1 % in the previous-year period .",0,0.71933776
"Nevertheless , its market share rose to 49.14 percent from 48.51 percent a year earlier .",20 October 2010 - Finnish metal products company Componenta Oyj HEL : CTH1V said yesterday that its net loss narrowed to EUR7m for the first nine months of 2010 from EUR23 .3 m for the same period of 2009 .,1,0.5627893
"Based in Helsinki , Finland , Ramirent has branches in 13 Nordic , central and Eastern European countries .","In the second quarter of 2010 , the company 's net profit was EUR1 .7 m compared to a net loss of EUR1 .3 m in April-June 2009 .",0,0.34782636
The combined value of the orders is EUR 45mn .,"One can also apply for jobs directly from the iPad , select which CV to attach and which covering letter is most appropriate for each position .",1,0.099426925
EPS dropped to EUR0 .2 from EUR0 .3 .,"The value of the contract is about EUR1 .0 m. Poyry , headquartered in Vantaa , Finland provides consulting and engineering services to the energy , forestry and infrastructure & environment sectors .",0,0.32064053
"20 October 2010 - Finnish environmental management company Lassila & Tikanoja Oyj HEL : LAT1V , or L&T , said Monday it expects its operating profit , excluding non-recurring items , for the whole 2010 to be slightly lower than in 2009 .","The company 's profit totaled Ls 578,100 in H1 2007 , down 30.9 % year-on-year .",1,0.64287275
"Ahlstrom 's 5,700 employees serve customers via sales offices and production facilities in more than 20 countries on six continents .","Revenue in July to September grew 14 percent to ( EURO ) 467 million from a year earlier , the company said Thursday .",0,0.6216139
"External net sales from the printing business fell by 43.7 % , partly due to the termination of the printing contract between Ilkka-Yhtyma 's printing house I-print Oy and sector player HSS Media AB in December 2009 and the fall in printing prices .","Operating profit margin was 8.3 % , compared to 11.8 % a year earlier .",1,0.6578185
"Finnish financial software solutions developer BasWare Oyj said its net profit fell to 884,000 euro ( $ 1.2 mln ) for the first quarter of 2007 from 2.0 mln euro ( $ 2.7 mln ) a year earlier .",Finnish Bank of +àland 's consolidated net operating profit increased from EUR 4.8 mn in the first quarter of 2005 to EUR 6.4 mn in the first quarter of 2006 .,0,0.77704215
- Cash flow from operating activities before investments was EUR 7.6 million EUR 2.5 million .,The company 's board of directors has proposed a dividend of EUR0 .12 per share for 2006 .,1,0.6613656
"POYRY PLCCompany Announcement 10 December 2010 at 4.10 p.m. Pursuant to Poyry PLC 's stock option program 2004 , 63 792 new shares of the company have been subscribed since 27 October 2010 with stock options 2004B .",Return on capital employed rose by 4.8 percentage points to 19.6 % .,0,0.6537536
The terms and conditions of the year 2003 stock option scheme were published in a stock exchange release on 31 March 2003 .,Net investment income,1,0.3682711
"Net profit in the three months through March 31 fell to (  x20ac ) 103 million ( US$ 165 million ) from (  x20ac ) 131 million a year earlier , the Finnish company said .",It also said its third quarter diluted EPS came in at 0.34 eur compared with 0.16 eur in the same quarter a year ago .,0,0.826149
Circulation revenue has increased by 5 % in Finland and 4 % in Sweden in 2008 .,Finnish Aktia Group 's operating profit rose to EUR 17.5 mn in the first quarter of 2010 from EUR 8.2 mn in the first quarter of 2009 .,1,0.81997365
Loss for the period totalled EUR 15.6 mn compared to a profit of EUR 6.3 mn in 2008 .,"Quarterly diluted EPS on continuing operations came in at 0.21 eur , compared with last year 's 0.12 eur .",0,0.7371821
"The result will also be burdened by increased fixed costs associated with operations in China , and restructuring costs in Japan .",Ruukki Group calculates that it has lost EUR 4mn in the failed project .,1,0.24371107
"( ADP News ) - Feb 12 , 2009 - Finnish construction company Lemminkainen Oyj ( HEL : LEM1S ) said today its net profit decreased to EUR 63.5 million ( USD 81.1 m ) for 2008 from EUR 80.6 million for 2007 .",The negotiations will concern the plant 's department producing winded roving that employs 10 people .,0,0.6015644
"Profitability ( EBIT % ) was 13.9 % , compared to 13.1 % in the previous-year period .","According to HKScan Finland , the plan is to increase J+ñrvi-Suomen Portti 's net sales to EUR 80mn to EUR 100mn .",1,0.5792303
"( ADP News ) - Feb 12 , 2009 - Finnish construction company Lemminkainen Oyj ( HEL : LEM1S ) said today its net profit decreased to EUR 63.5 million ( USD 81.1 m ) for 2008 from EUR 80.6 million for 2007 .","Nevertheless , its market share rose to 49.14 percent from 48.51 percent a year earlier .",0,0.52351856
Operating profit fell to EUR 38.1 mn from EUR 55.3 mn in 2007 .,"Earnings per share ( EPS ) in the first half of 2007 amounted to EUR0 .29 , down from EUR0 .40 year ago .",1,0.8754363
"Pre-tax loss totaled EUR 0.3 mn , compared to a loss of EUR 2.2 mn in the first quarter of 2005 .","2009 3 February 2010 - Finland-based steel maker Rautaruukki Oyj ( HEL : RTRKS ) , or Ruukki , said today it slipped to a larger-than-expected pretax loss of EUR46m in the fourth quarter of 2009 from a year-earlier profit of EUR45m .",0,0.7872971
"In October , UPM reported a third-quarter net loss of euro86 million $ 110 million compared with a net profit of euro120 million in 2007 .",The net sales decreased to EUR 49.8 million from EUR 59.9 million .,1,0.7377075
"Teleste 's hybrid TV solution includes components for the whole process of delivering video services to consumers from content acquisition and service creation to delivery through a range of access solutions , including HFC ( hybrid fibre-coaxial ) , xDSL , EttH , and FttH .","The company 's profit totaled Ls 578,100 in H1 2007 , down 30.9 % year-on-year .",0,0.11960213
"The group 's operating loss was EUR 0.8 mn , down from a profit of EUR 2.5 mn in 2004 .","Operating profit excluding non-recurring items amounted to EUR 40.6 mn , down from EUR 57.3 mn year-on-year .",1,0.8223449
Name of Company in which holdings have been acquired : Citycon Oyj 2 .,"Finnish management software solutions provider Ixonos Oyj net profit decreased to 369,000 euro ( $ 575,000 ) for the first quarter of 2008 from 669,000 euro ( $ 1.0 mln ) for the same period of 2007 .",0,0.23758781
Pretax loss totaled EUR 117mn compared to a loss of EUR 65mn in the corresponding period .,"`` The implementation of these programs has had , and will have , negative impacts on 2006 and 2007 earnings , '' Mr Meiklejohn said .",1,0.44989228
Finnish office supplies and computer accessories dealer Beltton-Group Plc said its net profit rose to 1.3 mln euro ( $ 1.7 mln ) in 2006 from 1.13 mln euro ( $ 1.5 mln ) in 2005 .,"Nokia shares hit 13.21 euros on Friday , down 50 percent from the start of the year in part because of the slow introduction of touch-screen models .",0,0.7116587
"In the Baltic countries , sales fell by 42.6 % .","Operating profit , excluding non-recurring items , totalled EUR 2.2 mn , down from EUR 2.7 mn in the corresponding period in 2008 .",1,0.69494283
Pretax profit decreased by 37 % to EUR 193.1 mn from EUR 305.6 mn .,Altogether 150 subjects with mildly elevated cholesterol levels participated in the four-month long intervention .,0,0.5502571
"According to Sweden 's Minister for Local Government and Financial Markets , Mats Odell , the decision to sell the State 's shares in telecom group TeliaSonera can only be carried out in cooperation with the State of Finland .",The order was worth EUR 8mn .,1,0.24271625
Finnish retail software developer Aldata Solution Oyj reported a net loss of 11.7 mln euro $ 17.2 mln for 2007 versus a net profit of 2.5 mln euro $ 3.7 mln for 2006 .,"After the split , the number of K shares will be 9 540 000 and the number of A shares 26 885 540 .",0,0.58791256
"Finnish power supply solutions and systems provider Efore Oyj said its net loss widened to 3.2 mln euro $ 4.2 mln for the first quarter of fiscal 2006-2007 ending October 31 , 2007 from 900,000 euro $ 1.2 mln for the same period of fiscal 2005-06 .","Comparable operating profit totaled EUR 4.7 mn , down from EUR 5.1 mn in the corresponding period in 2005 , representing 7.4 % of net sales .",1,0.7969043
A meeting of Glisten shareholders to vote on the bid will be held on 12 March .,"HELSINKI Thomson Financial - Shares closed little changed , with Cargotec and Huhtamaki dropping sharply on disappointing second-quarter reports .",0,0.2790083
"Fiskars is also engaged in the global supply of marine and energy equipment solutions and services through its associated company , Wartsila Corporation .",The company says the measures are no longer needed .,1,0.22305591
"It generated an operating loss of EUR 96.3 mn , down from a profit of EUR 43.9 mn .","The Marubeni Group focuses on creating `` value chain '' from upstream to downstream , encompassing a wide variety of business fields , including oil & gas , metals , mineral resources , foods , pulp & paper and chemicals , among others .",0,0.2101309
"The reductions will be implemented immediately , beginning in October 2009 .",The solution will be installed in the USA to support the North American operations of the customer .,1,0.43877548
Passenger-related revenue rose by 5.1 % to EUR 460.8 mn from EUR 438.5 mn in 2009 .,Swedbank 's shares have been hardest hit of the Swedish banks by the ongoing international financial crisis .,0,0.38327932
Net interest income increased by 4.5 % to EUR 31.4 mn from EUR 30.0 mn in 2004 .,Sanoma Magazines Finland 's net sales grew to EUR 140.1 mn from EUR 131.8 mn .,1,0.7043761
"According to Finnish petrol station chain St1 's managing director Kim Wiio , the company was forced to make purchases with rising prices in the first half of 2008 , and now consumer prices are going down almost daily due to competition .",Finnish construction group Lemmink+ñinen has been awarded two road building contracts by the Lithuanian transport administration .,0,0.42184663
"The last quarter was the best quarter of 2009 in net sales , and the operating margin rose to 12.2 % .","Operating profit totalled EUR 83.0 mn , up from EUR 23.5 mn year-on-year .",1,0.7686329
"In the third quarter , net sales increased by 12 % year-on-year to EUR159 .5 m , or by 6 % at comparable currency rates growth .",Operating loss totaled EUR 0.3 mn compared to a profit of EUR 2.2 mn in the corresponding period in 2007 .,0,0.6048326
KONE is listed on the Nordic Exchange in Helsinki .,"In 2008 , AVC Systemhaus had net sales of EUR 10 million USD 7.1 m .",1,0.38029397
"Operating result showed a loss of EUR 2.9 mn , while a year before , it showed a profit of EUR 0.6 mn .",Cargo volume increased by approximately 5 % .,0,0.48439217
This corresponds to 6.81 percent of Okmetic 's share capital and voting rights .,The value of the contract is in total USD12m .,1,0.6796062
"The announcement pushed Freenet shares down 6.3 % , or EUR0 .71 , in Frankfurt trade to EUR10 .65 as investors gave up hope United Internet AG and Drillisch would pursue their own takeover and breakup of Freenet .",Boomerang Boats had net sales of EUR 4.1 mn and it made an operating profit of EUR 0.4 mn in 2006 .,0,0.5952449
The transaction is expected to be completed next spring .,"Vaisala 's Present Weather Detector measures visibility up to 20 km , as well as precipitation type and intensity .",1,0.3313043
"In the building and home improvement trade , net sales totalled EUR 1,173 mn , down from EUR 1,566 mn a year earlier .",STOCK EXCHANGE ANNOUNCEMENT 20 July 2006 1 ( 1 ) BASWARE SHARE SUBSCRIPTIONS WITH WARRANTS AND INCREASE IN SHARE CAPITAL A total of 119 850 shares have been subscribed with BasWare Warrant Program .,0,0.68264484
The company confirmed its estimate for lower revenue for the whole 2009 than the year-ago EUR93 .9 m as given in the interim report on 5 August 2009 .,The total capital of funds managed by the bank decreased by 28 % to EUR 284mn by the end of September 2008 .,1,0.7555747
Net sales of Finnish food industry company L+ñnnen Tehtaat 's continuing operations increased by 13 % in 2008 to EUR 349.1 mn from EUR 309.6 mn in 2007 .,"However , the orders received during the period under review fell by 17 % quarter-on-quarter from the EUR 213 million recorded in the second quarter of 2010 .",0,0.6372609
"Operating profit totaled EUR 825mn , up from EUR 763mn in 2004 .","Pre-tax loss totaled EUR 0.3 mn , compared to a loss of EUR 2.2 mn in the first quarter of 2005 .",1,0.78641784
"Digia said its consolidated net sales for January-June 2010 were EUR67 .8 m , up 9.7 % on the same period in 2009 ( EUR61 .9 m ) .",SRV lowered its net sales estimate for the whole of 2008 due to uncertainties in housing sales .,0,0.5448213
"The order comprises four ball mills , which will be organized in two different streams for treating ore in the Pilanesberg platinum mine .","Tiimari 's registered share capital is 16,474,755 shares as per today .",1,0.46459612
After 1 April 2007 Cencorp will not have any own employees in the territory .,"Finnish Suominen Corporation that makes wipes , nonwovens , and flexible packaging , expects changes in the market situation to reduce sales of Suominen 's nonwovens and wet wipes from the previously estimated volumes .",0,0.39877555
It estimates the operating profit to further improve from the third quarter .,"The company 's operating income ( EBIT ) totalled EUR 0.0 mn , up from EUR -0.3 mn year-on-year .",1,0.6039012
"The deal includes all rental equipment and related merchandise , the rental contract of the depot and two employees , the company said .",The total capital of funds managed by the bank decreased by 28 % to EUR 284mn by the end of September 2008 .,0,0.23897517
Group net sales in the third quarter of 2007 totaled EUR 142.3 mn and operating profit EUR 4.3 mn .,Nokia Messaging 1.1 enables customers to receive e-mails from up to 10 e-mail accounts on their mobile phone supporting all POP or IMAP e-mail services .,1,0.36827815
Operating result including non-recurring items rose to EUR 146mn from a loss of EUR 267mn in 2009 .,"The contract also includes installation work in a new multistorey carpark for close on 1,000 vehicles .",0,0.37644795
"EUR928 ,000 in Q1 2010 6 May 2010 - Finnish textile and clothing design company Marimekko Oyj ( HEL : MMO1V ) said today its net profit rose to EUR928 ,000 in the first quarter of 2010 from EUR13 ,000 in the corresponding period a year earlier .",Operating profit rose to EUR 26.7 mn from EUR 14.9 mn in the corresponding period in 2006 .,1,0.8148609
With this appointment Kaupthing Bank aims to further co-ordinate Capital Markets activities within the Group and to improve the overall service to clients .,"Changes in the market situation and tougher price competition have substantially reduced demand for bread packaging manufactured at the Kauhava plant , according to the company .",0,0.45404172
"Profitability ( EBIT % ) was 13.9 % , compared to 13.1 % in the previous-year period .","Progress Group , QPR 's representative in Saudi Arabia and North Africa , has signed a framework agreement for a long term strategic relationship with ISE .",1,0.33050635
Okmetic expects its net sales for the first half of 2009 to be less than in 2008 .,Merrill Lynch analyst Campbell Morgan upgraded his recommendation on PaperlinX from `` neutral '' to `` buy '' in May .,0,0.6365234
"Due to the rapid decrease in net sales , personnel reductions have been carried out on a wider scale than initially expected .",Operating profit decreased to EUR 11.2 mn from EUR 16.6 mn .,1,0.6582544
The agreement includes application maintenance and support services .,`` I am extremely delighted with this project and the continuation of cooperation with Viking Line .,0,0.38911992
"Kalnapilio-Tauro Grupe ( Kalnapilis-Tauras Group ) , which is owned by Denmark 's Royal Unibrew , raised its market share to 25.18 percent from 23.74 percent , as beer sales for the seven months jumped by 14.5 percent to 40.5 million liters .","Turnover surged to EUR61 .8 m from EUR47 .6 m due to increasing service demand , especially in the third quarter , and the overall growth of its business .",1,0.77770084
"Net sales of Kyro 's main business area , Glaston Technologies , a manufacturer of glass processing machines , decreased to EUR 161.5 mn from EUR 164.1 mn in January-September 2005 .","( ADP News ) - Feb 12 , 2009 - Finnish IT solutions provider Affecto Oyj ( HEL : AFE1V ) said today its net profit rose to EUR 8.5 million ( USD 11m ) in 2008 from EUR 7 million in 2007 .",0,0.6396365
Pretax loss totaled EUR 117mn compared to a loss of EUR 65mn in the corresponding period .,"`` The implementation of these programs has had , and will have , negative impacts on 2006 and 2007 earnings , '' Mr Meiklejohn said .",1,0.44989228
Diluted earnings per share ( EPS ) rose to EUR 0.52 versus EUR 0.09 .,Registration is required .,0,0.14152214
Operating profit fell to EUR 15.1 mn from EUR 24.6 mn in 2006 .,Consolidated operating profit from continuing operations decreased by 62.3 % to EUR 51.2 mn from EUR 135.7 mn in 2007 .,1,0.90990716
"TietoEnator was down 1.13 pct to 18.38 , extending recent lows after last week 's second-quarter report , dealers said .","The acquired plant has an annual capacity of some 300,000 tonnes and most of its production is sold to domestic customers .",0,0.54357666
"However , the growth margin slowed down due to the financial crisis .",Finnish automation solutions developer Cencorp Corporation ( OMX Helsinki : CNC1V ) issued on Thursday ( 18 September ) a profit warning for the third quarter of 2008 .,1,0.42077556
"The orders are for 26 machine-room-less KONE MonoSpace elevators , which would be installed during 2006 .","After the reporting period , BioTie North American licensing partner Somaxon Pharmaceuticals announced positive results with nalmefene in a pilot Phase 2 clinical trial for smoking cessation .",0,0.38557902
"Look out for vintage fabric cushion covers , '70s coffee pots , ceramic serving dishes , cocktail glasses , and stainless steel party dishes .",Their offering also covers localisation services related to production transfer to the Finnish company 's customers that already have production in Asian market or have made the decision to transfer production there .,1,0.31098765
The company is presently examining whether the project would be financially feasible .,"Adjusted for changes in the Group structure , the Division 's net sales increased by 1.7 % .",0,0.29712635
Market share decreased on the route between Helsinki in Finland and Tallinn in Estonia by 0.1 percentage points to 24.8 % .,Operating profit fell to EUR 15.1 mn from EUR 24.6 mn in 2006 .,1,0.8114733
"Profitability ( EBIT % ) was 13.6 % , compared to 14.3 % in Q2 2009 .","Profit for the period totaled EUR 39.4 mn , up from EUR 33.9 mn in the corresponding period in 2006 .",0,0.81829846
"Operating profit totaled EUR 9.4 mn , down from EUR 11.7 mn in 2004 .",The Group 's order portfolio decreased from EUR 42.9 mn in 9-2007 to EUR 33.3 mn in 2-2008 .,1,0.802136
The terms and conditions of Stock Option Scheme 2004 are available on the Group 's website .,The operating margin came down to 2.4 % from 5.7 % .,0,0.24600038
The stock rose for a second day on Wednesday bringing its two-day rise to GBX12 .0 or 2.0 % .,Shares of Nokia Corp. rose Thursday after the cell phone maker said its third-quarter earnings almost doubled and its share of the global handset market increased .,1,0.74637157
Finnair said that the cancellation of flights would cause daily losses of  x20ac 2.5 million US$ 3 million .,He wore a black beanie-type cap and a black jacket .,0,0.05056553
Nordea was the cheapest also for a couple in their 30s with debt .,"The cost of the deal could range from 70 million to 90 million euros depending on the financial results of the two companies in 2008 , the statement says .",1,0.44241053
"The operating loss amounted to EUR 0.8 mn , compared to a profit of EUR 3.9 mn a year earlier .",The office space will rise above the remodeled Cannon Street underground station .,0,0.24140066
The EPS improved to EUR0 .38 from EUR0 .27 .,"Department store sales improved by 14 % to EUR 1,070.6 mn .",1,0.7426362
Operating profit fell to EUR 38.1 mn from EUR 55.3 mn in 2007 .,1 February 2011 - Finnish textile and clothing company Marimekko Oyj HEL : MMO1V said today its preliminary operating profit grew to EUR8 .2 m in 2010 from EUR6 .3 m in 2009 .,0,0.712391
23 April 2010 - Finnish construction and engineering company Outotec Oyj HEL : OTE1V said today it slipped to a net loss of EUR7 .3 m in the first quarter of 2010 from a net profit of EUR12 .5 m in the corresponding period last year .,"Konecranes Oyj KCR1V FH fell 5.5 percent to 20.51 euros , the biggest fall since June .",1,0.775148
The agreement includes application maintenance and support services .,"According to Nordic financial group Nordea 's analyst Sami Sarkamies , this makes Nokia 's portfolio competitive again .",0,0.35846543
"Ragutis , controlled by the Finnish brewery Olvi , achieved a 5.7 percent rise in beer sales to 22.6 million liters and held a 10.75 percent market share .",Olvi expects sales and market share to increase in the first quarter of 2010 .,1,0.5646956
"Exports of goods fell by 59 % , and imports by 16.7 % .",The company 's equipment rental portfolio consists primarily of tools for small and mid-sized customers in the construction industry .,0,0.29241568
"However , the growth margin slowed down due to the financial crisis .","The airline estimated that the cancellation of its flights due to the closure of European airspace , and the process of recommencing traffic , have caused a the company a loss of EUR20m , including the costs of stranded passengers ' accommodation .",1,0.7095331
Coffee will be served starting at 14:30 EET as well as after the event .,"EUR928 ,000 in Q1 2010 6 May 2010 - Finnish textile and clothing design company Marimekko Oyj ( HEL : MMO1V ) said today its net profit rose to EUR928 ,000 in the first quarter of 2010 from EUR13 ,000 in the corresponding period a year earlier .",0,0.52515846
"Production levels have been agreed with producers a long time ago , so a fall in consumption will lead to losses .","Operating profit totalled EUR 9.6 mn , down from EUR 42.0 mn the year before .",1,0.50218827
Finnish software developer Done Solutions Oyj said its net profit increased to 3.5 mln euro ( $ 4.6 mln ) in 2006 from 2.3 mln euro ( $ 3.0 mln ) in 2005 .,Talentum 's net sales in September were smaller than expected .,0,0.5705453
"Cash flow from operations totalled EUR 7.4 mn , compared to a negative EUR 68.6 mn in the second quarter of 2008 .",The value of the firm 's forestry holdings increased by SEK 3.6 bn .,1,0.600224
"( ADP News ) - Feb 4 , 2009 - Finnish broadband data communication systems and solutions company Teleste Oyj ( HEL : TLT1V ) said today its net profit decreased to EUR 5.5 million ( USD 7.2 m ) for 2008 from EUR 9.4 million for 200","Previously , EB delivered a custom solution for LG Electronics and now is making it commercially available for other mobile terminal vendors as well as to wireless operators .",0,0.3228982
It is expected to be online by 2011 .,"The talks involved the Food and Ingredients Divisions , as well as group service functions , the company said .",1,0.24139619
LONDON MarketWatch -- Share prices ended lower in London Monday as a rebound in bank stocks failed to offset broader weakness for the FTSE 100 .,Sales increased due to growing market rates and increased operations .,0,0.22003344
Finnish software developer Done Solutions Oyj said its net profit increased to 3.5 mln euro ( $ 4.6 mln ) in 2006 from 2.3 mln euro ( $ 3.0 mln ) in 2005 .,Ruukki forecast a 15-20 % annual sales growth and a positive pretax result for 2010 .,1,0.67222553
The terms and conditions of the Stock Option Scheme 2008 are available on the Company 's internet pages www.sanoma.com .,"Last year the company raised its turnover to approximately 7 million litas EUR 2 mln , from 6.1 million litas in 2004 .",0,0.3440353
"`` The implementation of these programs has had , and will have , negative impacts on 2006 and 2007 earnings , '' Mr Meiklejohn said .","Finnish Exel Composites , a technology company that designs , manufactures , and markets composite profiles and tubes for various industrial applications , reports its net sales decreased by 0.6 % in the second quarter of 2010 to EUR 19.2 mn from EUR 19.3 mn in the corresponding period in 2009 .",1,0.5664946
"mn , and pretax profit to EUR 46.4 mn from EUR 35.8 mn in the third quarter of 2006 .","Changes in the market situation and tougher price competition have substantially reduced demand for bread packaging manufactured at the Kauhava plant , according to the company .",0,0.42521268
They both will report to Oriola-KD 's chief executive officer Eero Hautaniemi .,"The latest date for registration is on 4 April , 2006 .",1,0.40935355
The company anticipates its turnover for the whole 2010 to surpass that of the previous year when it was EUR 67.1 million .,"For 24-hour news , try ICIS news www.icis.com Click `` trial '' , then ICIS news",0,0.4913177
Device volume in the area decreased by 21 % to 2.7 mn units .,Return on investment ROI was 4.1 % compared to 43.8 % in the first half of 2008 .,1,0.5880915
"In September alone , the market declined by 10.2 percent year-on-year to 19.28 million liters .","Featuring the S60 user interface , this 135-gram model also comes with a 2.4-inch quarter VGA display and 100 megabytes of internal memory , expandable through the Micro Secure Digital slot .",0,0.2834828
"In the reporting period , the company 's operating profit grew by 43.2 % to EUR 6 million .","The company recorded revenues of E658 .1 million during the fiscal year ended December 2007 , an increase of 23 % over 2006 .",1,0.8401762
Amanda Capital has investments in 22 private equity funds and in over 200 unquoted companies mainly in Europe .,Net sales have been eaten by the weak US dollar .,0,0.29560167
The deliveries are scheduled for the summer and autumn of 2008 .,Two other sites will be included later on .,1,0.32110468
"L&T is operative in Finland , Sweden , Latvia , Russia and Norway .","Tallink Silja attributes the significant drop to problems with the booking system that was taken into operation in October , the sale of trailer ferry ` Sky Wind ' and the route between Stockholm and Riga , which has won passengers from the Helsinki-Stockholm route .",0,0.3608643
Finnish business software group AffectoGenimap Oyj said its net profit halved to 1.2 mln euro ( $ 1.5 mln ) in the first nine months of 2006 from 2.2 mln euro ( $ 2.8 mln ) in the same period of 2005 .,Scanfil issued a profit warning on 10 April 2006 .,1,0.5890889
"The business has sales of about ( Euro ) 35 million ( $ 44million ) , and has been responsible for sales and marketing of Lanxess 's paper chemicals business , which Kemira bought for ( Euro ) 88 million early this year ( CW , Jan. 11 , p. 22 ) .","Operating profit totaled EUR 6.7 mn , down from EUR 7.2 mn in the corresponding period in 2005 .",0,0.6149609
"2009 3 February 2010 - Finland-based steel maker Rautaruukki Oyj ( HEL : RTRKS ) , or Ruukki , said today it slipped to a larger-than-expected pretax loss of EUR46m in the fourth quarter of 2009 from a year-earlier profit of EUR45m .","In the building and home improvement trade , sales decreased by 22.5 % to EUR 201.4 mn .",1,0.72717935
"Prior to the transaction , whose financial terms have not been disclosed , Alma Media owned 40 % of Kotikokki net .","Operating profit totalled EUR 7.0 mn , up from a loss of EUR 4.0 mn in the second quarter of 2009 .",0,0.5908631
LONDON MarketWatch -- Nokia nok said it 's won a five-year services contract to run Hutchison Essar 's network operations in nine locations in India .,The company is well positioned in Brazil and Uruguay .,1,0.20815325
"The company can not give up palm oil altogether , however .",Net sales surged by 30 % to EUR 36 million .,0,0.12078053
"Cerberus Capital Management LP-backed printing paper maker NewPage Corp. has posted mixed second-quarter results , casting a cloud over its planned initial public offering .","JP Morgan expects that Scala will lower Nobel Biocare 's growth forecast for 2007 from the current guidance of 23-25 pct , as well as the operating margin target from the current 34-35 pct .",1,0.6789203
"In the Baltic countries , sales fell by 40.2 % , and in Russia , by 23.2 % in terms of euros , and by 10.7 % in terms of local currency .",Nokia was up 0.12 pct to 16.70 eur after kicking off the morning in negative territory .,0,0.6303508
BM4 middle layer headbox will be equipped with a dilution control system .,Lemmink+ñinen started the manufacture of roofing felt in 1920 and the production of asphalt in the 1930s .,1,0.343821
Finnish Vacon has signed significant deals with Norwegian Scandinavian Electric Systems ( SES ) on the supply of AC drives .,"The board machine , which will have a wire width of 6.25 m and a design speed of 900 m-min , will produce close to 1,400 tonnes of folding boxboard per day .",0,0.4245691
The operating margin came down to 2.4 % from 5.7 % .,"Group EBIT for the first half was EUR13 .6 m US$ 17.8 m , falling short of the EUR22 .5 m it posted for the same period of 2009 .",1,0.6876066
Net sales increased to EUR193 .3 m from EUR179 .9 m and pretax profit rose by 34.2 % to EUR43 .1 m. ( EUR1 = USD1 .4 ),He wore a black beanie-type cap and a black jacket .,0,0.058951467
"schwalm ( at ) outotec.com Eila Paatela , Vice President - Corporate Communications tel. +358 20 529 2004 , mobile +358 400 817198 e-mail eila .","The divested company is part of TietoEnator 's business area Government , Manufacturing & Retail .",1,0.6402516
Odell has not contacted the State of Finland in this issue .,Sales rose 10 pct to 566 mln eur on the back of strong volume and favourable currency effects .,0,-0.023298532
"Payment for acquired shares will be made in cash , and the price per share will be EUR 1 plus an administration fee .",Their offering also covers localisation services related to production transfer to the Finnish company 's customers that already have production in Asian market or have made the decision to transfer production there .,1,0.3895655
Their names have not yet been released .,"Finnish flexible packaging manufacturer Suominen Corporation reports net sales of EUR 54.5 mn in the first quarter of 2008 , compared with EUR 54.3 mn a year earlier .",0,0.09786658
"Section : Regional News - The demand in Finnair 's Asian traffic , measured in passenger kilometers , was up 34.9 % in August compare to last year .","2010 16 July 2010 - Finnish steel maker Rautaruukki Oyj HEL : RTRKS , or Ruukki , said today it turned to a net profit of EUR20m in the second quarter of 2010 from a net loss of EUR94m in the corresponding period last year .",1,0.72148466
"`` Lining stone sales were also good in the early autumn , and order books are strong to the end of the year .","Proline Plus is available in both adjustable single and multichannel models and fixed volume single-channel models , in volume ranges from 0.1 micro litres to 10 ml .",0,0.34406123
"The financial impact is estimated to be an annual improvement of EUR2 .0 m in the division 's results , as of fiscal year 2008 .","`` The number of collection errors fell considerably , and operations speeded up .",1,0.4821946
"In the third quarter , net sales increased by 12 % year-on-year to EUR 159.5 million , or by 6 % at comparable currency rates growth .",The contract value amounts to EUR 2.4 million .,0,0.5035221
"`` The implementation of these programs has had , and will have , negative impacts on 2006 and 2007 earnings , '' Mr Meiklejohn said .","Loss after financial items totalled EUR 9.7 mn , compared to a profit of EUR 1.3 mn in the corresponding period in 2008 .",1,0.5554958
"At 1411 CET , ArcelorMittal had lost 7.26 % to EUR 17.38 on Euronext Paris , coming at the lead of the blue-chip fallers .",`` I am extremely delighted with this project and the continuation of cooperation with Viking Line .,0,0.059247352
Finnish Cargotec 's Kalmar has received a significant order from the US Department of Defense .,The stock rose for a third day on Tuesday bringing its three-day rise to GBX10 .50 or 1.8 % .,1,0.25189427
"These include software development for internet and mobile telephone content , communications , value-added software , financial services , security applications , systems integration and electronics .","( ADPnews ) - Feb 3 , 2010 - Finland-based steel maker Rautaruukki Oyj ( HEL : RTRKS ) , or Ruukki , said today it slipped to a larger-than-expected pretax loss of EUR 46 million ( USD 64.5 m ) in the fourth quarter of 2009 from a",0,0.13235447
The fixed acquisition price amounts to NOK 70 ( approximately EUR 8.7 ) million and additional price NOK 15 ( EUR 1.8 ) million at maximum .,"As much biomass will be used as can be sourced locally , with the rest of the plant 's fuel needs met by peat .",1,0.38876122
"YIT CORPORATION SEPT. 24 , 2007 at 13:30 CORPORATE RELEASE STOCK EXCHANGE RELEASE YIT 'S CAPITAL MARKETS DAY IN LONDON , SEPT. 26 , 2007 On Wednesday , September 26 , 2007 , YIT will hold a Capital Markets Day for investors and analysts in London .",Finnish Bore that is owned by the Rettig family has grown recently through the acquisition of smaller shipping companies .,0,0.40264136
Clothing chain Sepp+ñl+ñ 's net sales increased by 7.0 % to EUR 30.8 mn .,"The company , which makes garden tools , scissors and other consumer goods , said earnings were boosted by 6.9 mln eur of income it received from its 16.7 pct shareholding in Finnish engineering group Wartsila .",1,0.66721845
"It is a member of the OneWorld alliance , which includes American Airlines and British Airways .",Relations with the City have been further damaged by comments from Mr Ashley criticising City investors and analysts as `` cry babies '' .,0,0.22130099
"Neste oil 's board proposed 1.00 eur dividend for the full-year 2007 , compared with 0.90 eur a year ago .",Cargo volume increased by approximately 5 % .,1,0.4571358
The growth of net sales has continued favourably in the Middle East and Africaand in Asia Pacific .,Finnish glass technology company Glaston Oyj Abp net profit decreased to 2.6 mln euro ( $ 3.8 mln ) for the first nine months of 2007 from 7.8 mln euro ( $ 11.4 mln ) for the same period of 2006 .,0,0.19334728
It estimates the operating profit to further improve from the third quarter .,"Finnish Metso Paper has been awarded a contract for the rebuild of Sabah Forest Industries ' ( SFI ) pulp mill in Sabah , Malaysia .",1,0.33768988
"The company also appointed Leif Rosen head of the Special Plate unit which includes the quarto plate units in Degerfors , Sweden , and New Castle , USA , the unit in Willich , Germany , as well as Pressplate and Prefab in Avesta and Plate Service Centre Nordic in Degerfors .",Cision says the sale will return its U.K. operation to profitability .,0,0.35877103
Net sales dropped by 6 % year-on-year to EUR 11.9 million .,"In the Baltic states the company reports net sales of EUR 11.9 mn , down from EUR 14.2 mn , and an operative EBIT of EUR -2.2 mn , down from EUR -1.7 mn .",1,0.65455246
"It generated an operating loss of EUR 96.3 mn , down from a profit of EUR 43.9 mn .",Negotiations with representatives of the personnel regarding the restructuring process have now been ended .,0,0.46757513
"In the second quarter of 2010 , the company 's net profit was EUR1 .7 m compared to a net loss of EUR1 .3 m in April-June 2009 .",Satama 's net sales would be higher than the year before .,1,0.6774945
Finnish media group Talentum has issued a profit warning .,Finnish Cargotec 's Kalmar has received a significant order from the US Department of Defense .,0,0.55622977
- Net sales for the period are expected to fall well below that of last year and the result after non-recurring items is expected to be in the red .,"However , the company saw its net profit for the third quarter down to EUR1 .4 m from EUR1 .5 m for the corresponding period of 2009 .",1,0.83158743
"According to Finnish petrol station chain St1 's managing director Kim Wiio , the company was forced to make purchases with rising prices in the first half of 2008 , and now consumer prices are going down almost daily due to competition .",Kesko has previously published a stock exchange release concerning the deal on 7 February 2007 .,0,0.5108688
15 December 2010 - Finnish-German telecoms equipment maker Nokia Siemens Networks said today it won a contract to upgrade the radio network of home-based telecommunications company Elisa Oyj HEL : ELI1V .,"Turun kaupunkin , Finland based company has awarded contract to Lemminkainen Talotekniikka Oy for electrical installation work .",1,0.69307876
A total of $ 78 million will be invested in the project .,Device volume in the area decreased by 21 % to 2.7 mn units .,0,0.41413528
"Featuring the S60 user interface , this 135-gram model also comes with a 2.4-inch quarter VGA display and 100 megabytes of internal memory , expandable through the Micro Secure Digital slot .","Finland 's Technopolis is planning to bring the first section of a technopark on stream in St. Petersburg at the end of 2008 , Kari Mikkonen , vice president of Technopolis , told reporters in Helsinki .",1,0.2976861
"The Baltimore Police and Fire Pension , which has about $ 1.5 billion , lost about $ 3.5 million in Madoff Ponzi scheme .",Rautaruukki said construction group YIT has awarded it a 2.5 mln eur contract to supply the steel structures for a new bridge spanning the Kemijoki river in Northern Finland .,0,0.5036806
"Fiskars , a 360-year-old global business best known for its orange-handled scissors , expects to derive synergies of EUR5 million a year by consolidating certain parts of the housewares division where the two compete .","( ADP News ) - Sep 30 , 2008 - Finnish security and privacy software solutions developer Stonesoft Oyj said today that it won a USD 1.9 million ( EUR 1.3 m ) order to deliver its StoneGate network security products to an unnamed Russian te",1,0.69621855
Pretax profit decreased to EUR 33.8 mn from EUR 40.8 mn in the fourth quarter of 2005 .,Orders received grew by 55 % year-on-year to EUR732m .,0,0.53326726
At CapMan Haavisto will be responsible for Group Finances and Accounting and IT .,The investment will be worth approximately EUR 100mn .,1,0.39879194
"`` Adjustment to the fall in price level , in contrast , has been less effective .",The company is presently examining whether the project would be financially feasible .,0,0.38739052
"A replay will be available until 27 October 2006 in the following numbers : US callers : +1 617-á801-á6888 , non-US callers : +44 20 7365 8427 , access code : 2659 5401 .",The combined value of the planned investments is about EUR 30mn .,1,0.5368066
"LKAB , headquartered in Lulea , Sweden , is a high-tech mining company producing upgraded iron ore products for the steel industry .","In sales volume , Coca-Cola 's market share has decreased by 2.2 % to 24.2 % .",0,0.24812938
"JP Morgan expects that Scala will lower Nobel Biocare 's growth forecast for 2007 from the current guidance of 23-25 pct , as well as the operating margin target from the current 34-35 pct .","ADPnews - Jul 17 , 2009 - Finland-based steel maker Rautaruukki Oyj Ruukki HEL : RTRKS said today it slipped to a net loss of EUR 184 million USD 259.7 m for the first half of 2009 from a net profit of EUR 2",1,0.6900176
EBIT margin was up from 1.4 % to 5.1 % .,The site will cover over six hectares .,0,0.4544719
Scanfil issued a profit warning on 10 April 2006 .,"Acando AB ( ACANB SS ) fell 8.9 percent to 13.35 kronor , the lowest close since Dec. 11 .",1,0.520519
"Finnish Bank of +àland reports operating profit of EUR 2.2 mn in the first quarter of 2010 , down from EUR 6.3 mn in the corresponding period in 2009 .","Operating profit totaled EUR 825mn , up from EUR 763mn in 2004 .",0,0.7673256
"After the restructuring , UPM 's average paper machine capacity in Europe will be 320,000 tons ( 350,000 short tons ) in coated magazine paper and 420,000 tons ( 460,000 short tons ) in coated fine paper .","The Point Village , designed by Scott Tallon Walker , will include a shopping center , office premises , a hotel and a cinema .",1,0.3624394
Finnish laboratory liquid handling and diagnostic test systems developer Biohit Oyj OMX Helsinki : BIOBV issued on Tuesday 3 June a profit warning for the financial year 2008 .,"In Finland , the five largest brands control 90 % of the beer market .",0,0.48718417
"In the method the smelt spouts 2 are separated from the working area 6 by a shielding wall 8 , 10 arranged movable in relation to the smelt spouts .",The invention carries International Patent Publication No. .,1,0.34127557
"Finnish Scanfil , a contract manufacturer and systems supplier for communication and industrial electronics reports net sales of EUR 108.7 mn in the first half of 2008 , down from EUR 111.1 mn a year earlier .","Neste oil 's board proposed 1.00 eur dividend for the full-year 2007 , compared with 0.90 eur a year ago .",0,0.7697198
Nokia was up 0.12 pct to 16.70 eur after kicking off the morning in negative territory .,"a January 11 , 2010 EPHC board of directors has approved an increase in the quarterly dividend from $ 0.03 to $ 0.05 per share .",1,0.6323084
"Finnish textiles and clothing group Marimekko Oyj posted a net profit of 7.99 mln euro $ 10.4 mln for 2006 , compared to 8.4 mln euro $ 10.9 mln for 2005 .","Finnish energy company Fortum Oyj said on November 13 , 2007 it was granted an environmental permit to build a biofuel-fired combined heat and power CHP plant in Vartan harbor in eastern Stockholm .",0,0.5322312
The firm builds components for mobile phones and other communications products .,"The operations to be sold include manufacturing units in Finland , France , Poland and Turkey , as well as sales units in Germany and Lithuania .",1,0.4948485
"Russian export duties will activate harvesting in Finland , and sales in Russia will increase also .","According to the company , in addition to normal seasonal fluctuation the market situation has weakened during autumn 2008 .",0,0.30084962
"According to Atria 's President and CEO Matti Tikkakoski , the company 's Swedish operations significantly improved in the first quarter .","Pre-tax loss totaled EUR 0.3 mn , compared to a loss of EUR 2.2 mn in the first quarter of 2005 .",1,0.5169992
Diluted earnings per share ( EPS ) stood at EUR 0.25 versus EUR 0.42 .,The plant will collect raw material from the Baltic Sea region .,0,0.28765297
"Profitability ( EBIT % ) was 13.9 % , compared to 13.1 % in the previous-year period .","( ADP News ) - Finnish handling systems provider Cargotec Oyj ( HEL : CGCBV ) announced on Friday it won orders worth EUR 10 million ( USD 13.2 m ) to deliver linkspans to Jordan , Morocco and Ireland .",1,0.62428975
"Finnish Sampo Bank , of Danish Danske Bank group , reports profit before taxes of EUR 152.3 mn in 2010 , up from EUR 32.7 mn in 2009 .",Rental of building equipment accounted for 88 percent of the operating income .,0,0.57456255
In 2008 Stockmann earned 3.398 million lats in profit on 48.012 million lats in turnover .,"UPM-Kymmene www.upm-kymmene.com produces magazine papers and newsprint , as well as fine and specialty papers , converting materials and wood products .",1,0.3245644
It also said its third quarter diluted EPS came in at 0.34 eur compared with 0.16 eur in the same quarter a year ago .,"According to the company , in addition to normal seasonal fluctuation the market situation has weakened during autumn 2008 .",0,0.65107787
"`` The enterprise value of the Fray Bentos pulp mill and Forestal Oriental totals approximately euro1 .6 billion , '' UPM said .","Tiimari 's registered share capital is 16,474,755 shares as per today .",1,0.727306
"Finland 's leading metals group Outokumpu said its fourth-quarter net profit more than tripled on the back of strong global demand for stainless steel , soaring base metal prices and proceeds from the sale of its technology unit .","At the end of March 2009 , the company 's loans amounted to EUR 10.113 mn .",0,0.56601757
A survey conducted by Taloustutkimus for Sampo Life shows that companies are badly prepared to losing key staff members .,"2009 3 February 2010 - Finland-based steel maker Rautaruukki Oyj ( HEL : RTRKS ) , or Ruukki , said today it slipped to a larger-than-expected pretax loss of EUR46m in the fourth quarter of 2009 from a year-earlier profit of EUR45m .",1,0.65948844
Glaston 's net profit for the third quarter of 2007 dropped to 2.4 mln euro ( $ 3.5 mln ) from 3.5 mln euro ( $ 5.1 mln ) for the corresponding period of 2006 .,"HELSINKI ( Thomson Financial ) - Kone said it has won four orders in Saudi Arabia , United Arab Emirates and Qatar worth 40 mln eur .",0,0.6352993
The fair value of the company 's investment properties went down to EUR2 .769 bn at the end of September 2009 from EUR2 .878 bn a year earlier .,Net sales fell by 5 % from the previous accounting period .,1,0.6927895
The appointments will be in force until the new CEO has been appointed .,Net sales decreased to EUR 220.5 mn from EUR 470.0 mn in the corresponding period in 2009 .,0,0.23690036
"Last year the company raised its turnover to approximately 7 million litas EUR 2 mln , from 6.1 million litas in 2004 .","We succeeded in increasing our market share of sold apartment '' , comments Mr Kari Kauniskangas , Head of YIT International Construction Services .",1,0.5357714
Valmet Automotive reports net sales of EUR 85mn and operating profit of EUR 8mn .,Stora Enso 's third-quarter pre-tax profit doubled to EUR 197mn .,0,0.6678953
"Making matters more difficult , the company said it has been grappling with higher oil and gas prices , which have pushed up the cost of energy , raw materials and transportation .","It generated an operating loss of EUR 96.3 mn , down from a profit of EUR 43.9 mn .",1,0.4898746
Pretax profit decreased to EUR 33.8 mn from EUR 40.8 mn in the fourth quarter of 2005 .,The company expects its net sales in 2008 to increase 5-10 % from 2007 .,0,0.51423645
Currency conversions are based on exchange rates at the time of the deal .,"UPM-Kymmene www.upm-kymmene.com produces magazine papers and newsprint , as well as fine and specialty papers , converting materials and wood products .",1,0.38111505
SCANIA Morgan Stanley lifted the share target on Swedish heavy-duty truck and bus maker Scania AB to 330 crowns ( $ 42.4 - 35.2 euro ) from 310 crowns ( $ 39.8 - 33.1 euro ) .,The value of this kind of order amounts usually between Euro 2 and 3 million .,0,0.5371834
"a January 11 , 2010 EPHC board of directors has approved an increase in the quarterly dividend from $ 0.03 to $ 0.05 per share .",The company reports a loss for the period of EUR 0.4 mn compared to a loss of EUR 1.9 mn in the corresponding period in 2005 .,1,0.62002355
"Simultaneously , his responsibility area is extended from legal affairs to cover also mergers and acquisitions .",Operating profit rose to EUR 1.6 mn from EUR 1.1 mn in the corresponding period in 2006 .,0,0.3134942
"Liquid handling products include electronic and mechanical pipettes , disposable tips as well as pipette maintenance and calibration services for research institutions , healthcare and industrial laboratories .",Altogether 150 subjects with mildly elevated cholesterol levels participated in the four-month long intervention .,1,0.21804497
"Additionally , the company will use the solutions to automate the preparation of financial statements according to IFRS standard .","`` Small firms are suffering at the moment because they are likely to have money trouble , '' he added .",0,0.26197505
"The order includes a log handling line , peeling line and drying line for the production of parquet base layer veneer for Plyfa 's Hassela mill , central Sweden .","The contract value amounts to about EUR11m , the company added .",1,0.34482402
- Counter your competitor 's strengths and target their weaknesses .,23 April 2010 - Finnish construction and engineering company Outotec Oyj HEL : OTE1V said today it slipped to a net loss of EUR7 .3 m in the first quarter of 2010 from a net profit of EUR12 .5 m in the corresponding period last year .,0,0.2053605
"In the reporting period , net sales rose by 8 % year-on-year to EUR64 .3 m , due to the business acquisitions realized during the first half of 2008-09 , the effect of which was EUR10 .9 m in the review period .",Finnish construction group Lemmink+ñinen has been awarded two road building contracts by the Lithuanian transport administration .,1,0.32202
"2010 16 July 2010 - Finnish steel maker Rautaruukki Oyj HEL : RTRKS , or Ruukki , said today it turned to a net profit of EUR20m in the second quarter of 2010 from a net loss of EUR94m in the corresponding period last year .","Insurer Axa ( PAR : CS ) slid by 5.35 % to EUR 14.15 , after Citigroup and ING slashed their targets on the stock .",0,0.7230114
"The world 's second largest stainless steel maker said net profit in the three-month period until Dec. 31 surged to euro603 million US$ 781 million , or euro3 .33 US$ 4.31 per share , from euro172 million , or euro0 .94 per share , the previous year .",Olvi has posted a strong set of figures for the first six months of this year .,1,0.60208356
"Following the registration , the number of issued and outstanding shares of Basware is 12,890,829 .","The Baltimore Police and Fire Pension , which has about $ 1.5 billion , lost about $ 3.5 million in Madoff Ponzi scheme .",0,0.4849118
21 October 2010 - Finnish fishing tackle company Rapala VMC Corp ( HEL : RAP1V ) said today its net profit rose to EUR18 .9 m for the first nine months of 2010 from EUR15 .1 m for the same period a year earlier .,"` The stable outlook reflects Nokia 's strong market position in the global mobile handset market , strong cash flow generation , and very conservative balance sheet , ' said Raab .",1,0.43965805
"The Finnish government announced Wednesday that it sold a 32 percent stake in chemicals and fertilizer group Kemira Oyj for (  x20ac ) 655.6 million ( $ 890US million ) , sending the company 's share price up 6 percent .",The maximum number of new shares to be offered is 22 million .,0,0.5690027
Net sales increased to EUR193 .3 m from EUR179 .9 m and pretax profit rose by 34.2 % to EUR43 .1 m. ( EUR1 = USD1 .4 ),"However , sales returned to growth in April-June 2010 , CEO Pekka Eloholma said .",1,0.73874724
Net profit fell by almost half to +é 5.5 million from +é 9.4 million at the end of 2007 .,"The Point Village , designed by Scott Tallon Walker , will include a shopping center , office premises , a hotel and a cinema .",0,0.15132537
The Bank is also examining the benefits of transferring the Swedish business to operate as a branch office so that the operations would be governed by Finland 's laws .,IonPhasE 's second major owner is venture capital firm Aura Capital .,1,0.32686716
"Quarterly diluted EPS on continuing operations came in at 0.21 eur , compared with last year 's 0.12 eur .","The deal covers Stockmann Auto Oy Ab 's sales and after-sales services concerning Volkswagen and Audi in Helsinki , Espoo and Vantaa .",0,0.285584
"These include software development for internet and mobile telephone content , communications , value-added software , financial services , security applications , systems integration and electronics .","The acquired plant has an annual capacity of some 300,000 tonnes and most of its production is sold to domestic customers .",1,0.24368495
"Finnish plumbing and heating systems supplier Uponor 's net sales in continuing business operations decreased to EUR 249.1 mn in July-September 2008 , compared to EUR 262.1 mn in the third quarter of 2007 .",Operating profit rose to EUR 4.7 mn from EUR 4.6 mn .,0,0.57692724
"ADP News - Apr 22 , 2009 - Finnish business information systems developer Solteq Oyj HEL : STQ1V said today its net loss widened to EUR 189,000 USD 245,000 for the first quarter of 2009 from EUR 10,000 for the same peri","The steelmaker said that the drop in profit was explained by the continuing economic uncertainty , mixed with the current drought in bank lending , resulting in a decline in demand for its products as customers find it increasingly difficult to fund operations .",1,0.5557543
17 March 2011 - Goldman Sachs estimates that there are negative prospects for the Norwegian mobile operations of Norway 's Telenor ASA OSL : TEL and Sweden 's TeliaSonera AB STO : TLSN in the short term .,Vacon recently announced plans to build its North American headquarters at 5 Business Park in Chambersburg .,0,0.35426936
Operating profit for 2009 lower than outlook published earlier .,Net sales dropped by 6 % year-on-year to EUR 11.9 million .,1,0.70440114
"In the reporting period , the company 's operating profit grew by 43.2 % to EUR 6 million .","Nokia Siemens Networks provides mobile and fixed network infrastructure , communications and networks service platforms , as well as professional services , to operators and service providers .",0,0.25421047
"The purchase price will be paid in cash upon the closure of the transaction , scheduled for April 1 , 2009 .","The new company , DiaPol S.r.l. , would manufacture tools meant for glass and stone pre-processing .",1,0.36694598
Orders received grew by 55 % year-on-year to EUR732m .,"A coker crane will be supplied to Tesoro Corporation 's Golden Eagle Refinery in Martinez , California , while a similar crane will be delivered to BP 's Castell refinery in Spain .",0,0.16982757
Pretax loss totalled EUR 162.3 mn compared to a profit of EUR 253.5 mn in 2007 .,Net sales fell by 5 % from the previous accounting period .,1,0.6899126
`` They want my credit card info and my personal details .,"Sales in Finland decreased by 2.0 % , and international sales decreased by 9.3 % in terms of euros , and by 15.1 % in terms of local currencies .",0,0.16600817
"In September alone , the market declined by 10.2 percent year-on-year to 19.28 million liters .",Scanfil issued a profit warning on 10 April 2006 .,1,0.5085021
The pretax profit of the group 's life insurance business increased to EUR36m from EUR27m .,Name of Company in which holdings have been acquired : Citycon Oyj 2 .,0,0.33887511
"Both operating profit and net sales for the three-month period increased , respectively from EUR16 .0 m and EUR139m , as compared to the corresponding quarter in 2006 .","The transaction will have a positive impact of around EUR2m on earnings , which Ruukki will recognize during the fourth quarter of this year .",1,0.79879403
Sales of mid-strength beer decreased by 40 % .,"Neste Oil will publish its third quarter 2008 results on Friday , 24 October 2008 at approximately 9 am ( EET ) .",0,0.43474096
Scanfil has also issued a profit warning .,"Changes in the market situation and tougher price competition have substantially reduced demand for bread packaging manufactured at the Kauhava plant , according to the company .",1,0.41273636
- Profit before taxes was EUR 105.9 82.7 million .,"Agricultural newspaper Maaseudun Tulevaisuus had 318,000 readers , representing a decrease of 6 % .",0,0.56073534
"According to Atria 's President and CEO Matti Tikkakoski , the company 's Swedish operations significantly improved in the first quarter .","Excluding non-recurring items , pre-tax profit surged 45 % to EUR80m .",1,0.5685395
"In 2009 , Comptel slipped to a net loss of EUR2 .1 m from a profit of EUR6 .6 m in the previous year .","Sampo Housing Loan Bank , a unit of Finland 's Sampo Bank , has priced its EUR1bn ( USD1 .3 bn ) bond at 99.889 % , Reuters reported .",0,0.5589337
"Kesko Agro Eesti , the retailer and wholesaler of grain , agricultural and warehousing machinery and accessories , had net sales of 81 million euros in 2007 , an increase by one-tenth over the preceding year .",The value of the firm 's forestry holdings increased by SEK 3.6 bn .,1,0.71895576
The online ice chart shows no ice in the area of Estonia 's sea ports on the coast of the Gulf of Finland .,"Metsaliitto , however , narrowed its net loss for the second quarter of 2007 to 5.0 mln euro $ 6.9 mln from 61 mln euro $ 83.7 mln a year ago .",0,0.25302327
Operating profit in the fourth quarter fell to EUR33m from EUR39m a year earlier .,L&T 's net profit for the whole 2010 dropped to EUR 36 million from EUR 45 million for 2009 .,1,0.8500189
"Finnish Suominen Corporation that makes wipes , nonwovens , and flexible packaging , expects changes in the market situation to reduce sales of Suominen 's nonwovens and wet wipes from the previously estimated volumes .","Like all other mechanical pipettors from Biohit , also Proline Plus is CE-IVD marked and comes with a 3-year warranty .",0,0.34832656
Incap Contract Manufacturing Services Private Limited has inked agreements with six new customers in India .,LONDON MarketWatch -- Nokia nok said it 's won a five-year services contract to run Hutchison Essar 's network operations in nine locations in India .,1,0.6949862
"Konecranes Oyj KCR1V FH fell 5.5 percent to 20.51 euros , the biggest fall since June .","It now owns 80,565 shares in Amer Sports Corporation , equaling 0.11 % of the company 's share capital and voting rights .",0,0.64747256
"The repo rate will gradually reach 2 % at the end of 2010 , according to Nordea 's Economic Outlook .",Benefon will turn the Salo unit into a B2B business unit and establish a B2C business unit in the UK .,1,0.42347834
"The refining margin for the year was $ 13.39 - bbl , compared to $ 10.46 - bbl in the prior year .","Jan. 6 -- Ford is struggling in the face of slowing truck and SUV sales and a surfeit of up-to-date , gotta-have cars .",0,0.48208842
"Profit for the period was EUR 10.9 mn , down from EUR 14.3 mn in 2009 .","( ADP News ) - Jan 22 , 2009 - Finnish mobile phones maker Nokia Oyj ( OMX : NOK1V ) said today its operating profit decreased to EUR 5 billion ( USD 6.5 bn ) for 2008 from EUR 8 billion for 2007 .",1,0.70339394
"Finnish IT solutions provider Affecto Oyj HEL : AFE1V said today its slipped to a net loss of EUR 115,000 USD 152,000 in the second quarter of 2010 from a profit of EUR 845,000 in the corresponding period a year earlier .","These new units will be built at Cargotec 's state of the art manufacturing facility in San Antonio , Texas , USA , which started operations in 2009 .",0,0.47511905
Sales of security and system packaging increased slightly .,The investments and operational changes enable additional optimisation of the working hours and thereby further cost savings of some 7 % -9 % .,1,0.701524
"In the building and home improvement trade , sales decreased by 6.3 % , totalling EUR 154.1 mn .",Terms of the acquisition were not disclosed .,0,0.21353853
"In addition , the company is considering the start of production in Russia .","Aldata Solution , a global company engaged in supplier to consumer business process optimization , has announced the details of its Dollars for Dinosaurs program .",1,0.44727805
"The Finnish national carrier said net loss in April through June was euro26 million , down from a net profit of euro13 million a year earlier .",He is a Chartered Accountant in British Columbia and Alberta as well as a Certified Public Accountant in Washington State .,0,0.3782189
"9 September 2010 - Finnish stationery and gift retailer Tiimari HEL : TII1V said today its net sales rose by 2 % year-on-year to EUR5 .7 m in August 2010 , driven by growth in Finland , while demand in the Baltics remained weak .","Finnish lifting equipment maker Konecranes Oyj said on July 30 , 2008 that its net profit rose to 71.2 mln euro ( $ 111.1 mln ) for the first half of 2008 from 57.1 mln euro ( $ 89.1 mln ) for the same period of 2007 .",1,0.88199484
"According to CapMan Plc 's Corporate Governance , the majority of the committees ' members shall be independent of the Company .","Finnish electronics manufacturing services EMS company Elcoteq SE posted a net loss of 66.4 mln euro $ 91.2 mln for the first half of 2007 , compared to a net profit of 7.1 mln euro $ 9.8 mln for the same period of 2006 .",0,0.34670743
"Professional and consumer applications include personal navigation , personal safety , field and workflow management , and asset tracking .",Kemira 's partner in the project is St. Petersburg Water Works .,1,0.40433848
"Finnish Sampo-Rosenlew manufactures approximately seven forest machines monthly , and about half of machines are exported .",Diluted earnings per share ( EPS ) rose to EUR 0.29 from EUR 0.05 .,0,0.50652814
"The company is involved in the the sale of financial products including insurance , mortgages , car and personal loans , financial brokerage and equipment finance leasing .","Neste Oil s refineries have a combined crude oil refining capacity of approximately 260,000 barrels a day .",1,0.3950771
"The company 's net profit amounted to EE 55.5 mn , which was 36 % more than in 2004 .","Sales in Finland decreased by 10.5 % in January , while sales outside Finland dropped by 17 % .",0,0.6997268
"However , Biohit estimates its total net sales will continue to grow in 2009 , and that favourable trends in net sales will lead to a profit in 2009 .","Sales improved to SEK 1,553 mn , compared with SEK 1,408 mn .",1,0.6371836
"The company generates net sales of about 600 mln euro $ 775.5 mln annually and employs 6,000 .","Operating profit , excluding non-recurring items , totalled EUR 1.0 mn , down from EUR 1.6 mn .",0,0.58424217
"Operating profit totaled EUR 3.8 mn , down from EUR 4.5 mn in the corresponding period in 2005 .",Finnish media group Talentum has issued a profit warning .,1,0.4527607
"( ADP News ) - Oct 1 , 2008 - Finnish consulting and engineering company Poyry Oyj ( OMX : POY1V ) said today it was awarded a EUR 5.2 million ( USD 7.4 m ) extension to their existing consultancy engineering contract with Venezuel","That address also happens to house Italian megamart Eataly , meaning that `` Come on , kids , we 're going to the Toy Building ! ''",0,0.5190934
"Pretax profit totaled EUR 9.0 mn , down from EUR 36.3 mn in 2007 .","In a separate announcement to the Helsinki stock exchange , Atria revealed that the company 's third quarter profits declined from EUR13 .9 m in the third quarter of last year to EUR12 .7 m in this year 's Q3 .",1,0.75786436
"The Baltimore Police and Fire Pension , which has about $ 1.5 billion , lost about $ 3.5 million in Madoff Ponzi scheme .","In the third quarter of 2007 , net sales totaled EUR 25.95 mn , and operating profit EUR 3.88 mn .",0,0.6541823
"RAPALA TOURNAMENT FISHING : With all the major titles already out for the holidays , bargain-priced games such as Rapala aim for a smaller audience .",Connectivity Services include outsourced Scan and Capture which transfers paper invoices into electronic format and Basware Business Transactions Service enables the customer to receive and send invoices in an electronic format .,1,0.30055743
"From 2003 on , the emphasis of Kyro 's strategy has been on Glaston 's growth .","In Q1 of 2009 , the company 's operating loss totalled EUR 0.3 mn , compared to a profit of EUR 3.6 mn in Q1 of 2008 .",0,0.3862948
"The company operates its business through two reportable segments , including Banking and Investment Services , and Non-Life Insurance .",It posted a turnover of 4.5 mln euro $ 6.1 mln and an operating profit of 1.5 mln euro $ 2.0 mln for 2006 .,1,0.39014494
"The Helsinki-based company , which also owns the Salomon , Atomic and Suunto brands , said net profit rose 15 percent in the three months through Dec. 31 to (  x20ac ) 47 million ( $ 61US million ) , from (  x20ac ) 40.8 million a year earlier .","In April-June 2008 , Scanfil 's net sales totalled EUR 58.7 mn and operating profit EUR 6.6 mn .",0,0.7922616
"Tallink Silja attributes the significant drop to problems with the booking system that was taken into operation in October , the sale of trailer ferry ` Sky Wind ' and the route between Stockholm and Riga , which has won passengers from the Helsinki-Stockholm route .","The OMX Helsinki index was down 0.34 pct at 8,256.02 on turnover of 813.191 mln eur .",1,0.64265233
"Due to the rapid decrease in net sales , personnel reductions have been carried out on a wider scale than initially expected .","The 3C Expo is a signature show in Dongguan , which is supported by the Dongguan Municipal Government every year , featuring computer accessories , software , communication and network products .",0,0.2645954
"Equity ratio was 60.9 % compared to 54.2 % In the third quarter of 2007 , net sales of the Frozen Foods Business totaled EUR 11.0 , up by about 5 % from the third quarter of 2006 .","Finnish steel maker Rautaruukki Oyj ( Ruukki ) said on July 7 , 2008 that it won a 9.0 mln euro ( $ 14.1 mln ) contract to supply and install steel superstructures for Partihallsforbindelsen bridge project in Gothenburg , western Sweden .",1,0.59936345
Stora Enso Oyj said its second-quarter result would fall by half compared with the same period in 2007 .,EBIT margin was up from 1.4 % to 5.1 % .,0,0.51713413
"Consisting of seven interconnected units , Mega Image 's logistics center will be 347 metres in length and 12 metres in height .","Previously , the company expected its 2008 financial performance to remain at the same level as in 2008 .",1,0.32205996
Operating profit rose to EUR 4.7 mn from EUR 3.6 mn .,"According to the company , in addition to normal seasonal fluctuation the market situation has weakened during autumn 2008 .",0,0.51713204
The sales of the Tiimari segment fell by 4.0 % year-on-year to EUR3 .3 m in June 2010 .,"Earnings per share ( EPS ) in the first half of 2007 amounted to EUR0 .29 , down from EUR0 .40 year ago .",1,0.811868
The acquisition will have an immediate positive impact on Aspocomp 's financial result .,Pretax profit decreased to EUR 33.8 mn from EUR 40.8 mn in the fourth quarter of 2005 .,0,0.121158004
The company confirmed its estimate for lower revenue for the whole 2009 than the year-ago EUR93 .9 m as given in the interim report on 5 August 2009 .,"Finnish plumbing and heating systems supplier Uponor 's net sales in continuing business operations decreased to EUR 249.1 mn in July-September 2008 , compared to EUR 262.1 mn in the third quarter of 2007 .",1,0.76138854
"Operating margin , however , slipped to 14.4 % from 15.1 % , dragged down by a poor performance in enterprise solutions .","On preliminary estimate , the hotel will operate under the brand Novotel .",0,0.19947317
"Rautalinko was resposnible also for Mobility Services , and his job in this division will be continued by Marek Hintze .","Previously , the company expected its 2008 financial performance to remain at the same level as in 2008 .",1,0.45227653
Finnish glass technology company Glaston Oyj Abp net profit decreased to 2.6 mln euro ( $ 3.8 mln ) for the first nine months of 2007 from 7.8 mln euro ( $ 11.4 mln ) for the same period of 2006 .,"The price of raw material aluminium went up at the end of 2005 , but the company considers its outlook for 2006 favourable .",0,0.6958231
"Thanks to the multiplying effect of wagon performance , transport will be much more efficient , '' says development manager Juha Malkia from VR Cargo .","For the last quarter of 2010 , Componenta 's net sales doubled to EUR131m from EUR76m for the same period a year earlier , while it moved to a zero pre-tax profit from a pre-tax loss of EUR7m .",1,0.45286906
"It generated an operating loss of EUR 96.3 mn , down from a profit of EUR 43.9 mn .",The net sales of the Power Plants business were EUR 710.3 million in 2005 .,0,0.66153955
"Following the demerger , the vice president of the group 's pharmaceutical trade in Finland , Jukka Niemi , will be appointed managing director of Oriola in addition to his current responsibilities .",Timo Penttila has been appointed new manager responsible for the asset management of Nordea 's institutional customers in Finland .,1,0.82569313
Finnish Bore that is owned by the Rettig family has grown recently through the acquisition of smaller shipping companies .,"Sullivan said some of the boards `` really involve a lot of work , and people should get paid for their time . ''",0,0.45096147
"Financial , strategic and operational factors are considered .",Alfa group will have 43.9 % of voting stock in the new company and Telenor 35.4 % with a free float of 20.7 % .,1,0.21135288
Finnish meat company Atria can no longer promise a sufficient amount of domestic beef to its customers .,It therefore seems that Finnish shipping company Viking Line will get the subsidy it needs to order its new LNG-fuelled vessel .,0,0.4528887
Repeats sees 2008 operating profit down y-y ( Reporting by Helsinki Newsroom ) Keywords : TECNOMEN-RESULTS,Scanfil issued a profit warning on 10 April 2006 .,1,0.64170647
"The total restructuring costs are expected to be about EUR 30mn , of which EUR 13.5 mn was booked in December 2008 .",Finnish business software group AffectoGenimap Oyj said its net profit halved to 1.2 mln euro ( $ 1.5 mln ) in the first nine months of 2006 from 2.2 mln euro ( $ 2.8 mln ) in the same period of 2005 .,0,0.701601
According to an  posted by the World Intellectual Property Organization : `` The present invention relates to hydrocarbons and particularly to the manufacture of hydrocarbon components suitable as aviation fuels or jet fuels and as blending stocks for aviation fuels .,"Together with Latvia , Cramo will operate 54 rental outlets in the Baltic States .",1,0.28636813
"Profit per share was EUR 1.03 , up from EUR 0.87 .","The parties have agreed not to disclose the price of the deal , the group said in a press release .",0,0.22091123
"Both operating profit and sales for the three-month period increased , respectively from EUR0 .3 m and EUR13 .1 m , as compared to the corresponding period in 2005 .",The EPS improved to EUR0 .38 from EUR0 .27 .,1,0.74445987
"A total of 16.5 mn passenger ship journeys took place in the northern Baltic Sea in 2007 , slightly down from 16.5 mn in 2006 .",Her present position is the director of Stockmann 's international department stores .,0,0.35553694
Pretax profit rose to EUR 17.8 mn from EUR 14.9 mn in 2005 .,Satama 's net sales would be higher than the year before .,1,0.7254241
Operating profit for continuing operations fell to EUR 48.3 mn from EUR 72.4 mn in the first half of 2007 .,The issuer is solely responsible for the content of this announcement .,0,0.14448798
"In the Baltic states the company reports net sales of EUR 11.9 mn , down from EUR 14.2 mn , and an operative EBIT of EUR -2.2 mn , down from EUR -1.7 mn .","( ADPnews ) - May 4 , 2010 - Finnish cutlery and hand tools maker Fiskars Oyj Abp ( HEL : FISAS ) said today its net profit declined to EUR 12.9 million ( USD 17m ) in the first quarter of 2010 from EUR 17 million in the correspond",1,0.7381046
"In volume , the focus is already outside Finland , as 60 % of the group 's products are made in Poland and the Baltic countries .","Earnings per share ( EPS ) amounted to EUR1 .37 , down from EUR2 .30 .",0,0.5891514
Raute said it has won an order worth around 15 mln eur to supply several plywood production lines to mills operated by Russian wood products company Sveza Group .,"However , net sales in 2010 are seen to have grown to EUR598 .3 m from EUR582 .3 m in 2009 .",1,0.4843195
"Tieto 's service is also used to send , process and receive materials related to absentee voting .","( ADPnews ) - May 4 , 2010 - Finnish cutlery and hand tools maker Fiskars Oyj Abp ( HEL : FISAS ) said today its net profit declined to EUR 12.9 million ( USD 17m ) in the first quarter of 2010 from EUR 17 million in the correspond",0,0.23243123
"Country : , Switzerland Sector : Pharmaceuticals Target : Synosia Therapeutics Holding AG Buyer : Biotie Therapies Corp Deal size in USD : 129.4 m Type : Corporate acquisition Financing : All-stock Status : Closed","In addition , the company is considering the start of production in Russia .",1,0.3122198
Mr. Doring has been with Eaton since 1989 and acted as the Business Unit Manager for Eaton 's Power Controls Business Unit since January 2007 .,Operating profit rose from EUR 1.94 mn to EUR 2.45 mn .,0,0.48760617
"Cargotec Corporation , Press Release , August 26 , 2008 at 10 a.m. Finnish time Cargotec 's MacGREGOR business area providing marine cargo handling and offshore load handling solutions has received significant offshore crane retrofit order .",Marimekko Group 's full-year net sales are estimated to increase by about 10 % .,1,0.5228003
"For 24-hour news , try ICIS news www.icis.com Click `` trial '' , then ICIS news",Net sales fell by 33 % from the third quarter of 2008 to EUR 130.5 mn .,0,0.29321873
"Finnish broadband data communication systems provider Teleste Oyj HEL : TLT1V said yesterday it returned to a net profit of EUR 2.7 million USD 3.8 m for the first nine months of 2010 versus a net loss of EUR 579,000 for the same period of 2009 .","Both operating profit and net sales for the three-month period increased , respectively from EUR15 .1 m and EUR131 .5 m , as compared to the corresponding period in 2005 .",1,0.6963627
Arena Partners Oy is a development company for electronic business .,Productional situation has now improved .,0,0.20634574
"The total scope of the project is about 38,000 square metres and it is valued at a total of around EUR75m .","Indigo and Somoncom serve 377,000 subscribers and had a market share of approximately 27 % as of May 2007 .",1,0.7013744
"The Company operates through four principal divisions : Consumer Packaging ; Office Papers ; Speciality Papers , as well as Market Pulp and Energy .","However , Biohit estimates its total net sales will continue to grow in 2009 , and that favourable trends in net sales will lead to a profit in 2009 .",0,0.1769194
Operating profit fell from EUR 7.9 mn in the second quarter of 2005 to EUR 5.1 mn in the second quarter of 2006 .,Ruukki Group calculates that it has lost EUR 4mn in the failed project .,1,0.78030026
"Based on the 2005 calendar year the combined company had EUR15 .8 bn in pro forma annual revenues and is expected to start operations with 60,000 employees .","Cooper SH , the UK distributor for lift equipment manufacturer Konecranes , won the five-year deal which involves low maintenance and fuel saving technologies .",0,0.60057336
"Finnish electronics manufacturing services EMS company Elcoteq SE posted a net loss of 66.4 mln euro $ 91.2 mln for the first half of 2007 , compared to a net profit of 7.1 mln euro $ 9.8 mln for the same period of 2006 .","Finnish textiles and clothing group Marimekko Oyj posted a net profit of 7.99 mln euro $ 10.4 mln for 2006 , compared to 8.4 mln euro $ 10.9 mln for 2005 .",1,0.9044626
Satama 's net sales would be higher than the year before .,"The casing comprises a first side casing member provided with the first side vat segment and a second side casing member provided with the second side vat segment , at least the first side casing member being pivotable about a rotation axis .",0,0.21377224
Repeats sees 2008 operating profit down y-y ( Reporting by Helsinki Newsroom ) Keywords : TECNOMEN-RESULTS,"Net cash from operating activities was a negative EUR 0.3 mn , compared to EUR 30.9 mn in 2009 .",1,0.6925586
"The EU Commission said earlier it had fined ThyssenKrupp , United Technologies Corp 's Otis , Schindler AG and Kone Oyj a total of 992.3 mln eur for alleged cartel activity in the lift market going back twelve years .","Sanoma also has an Executive Committee , in accordance with the Company 's Articles of Association , that prepares proposals for matters to be decided or noted by the Board of Directors .",0,0.34711626
"Finland 's leading metals group Outokumpu said its fourth-quarter net profit more than tripled on the back of strong global demand for stainless steel , soaring base metal prices and proceeds from the sale of its technology unit .","For example , net sales increased by 5.9 % from the first quarter , and EBITDA increased from a negative EUR 0.2 mn in the first quarter of 2009 .",1,0.6712315
"Operating loss totalled EUR 12.7 mn , compared to a profit of EUR 17.7 mn in the first half of 2008 .","Sukhraj Dulai , of the 2900 block of Boni Sue Court , a cul-de-sac on the city 's north side , started the vehicle and went inside his house about 8 a.m. Tuesday , leaving the garage door open .",0,0.40039602
"Vaahto Pulp & Paper , of Finnish Vaahto Group , has been awarded an order to renovate Finnish-Swedish forest industry company Stora Enso 's paperboard machine at the Ingerois Board Mill in Finland .","Profitability ( EBIT % ) was 13.9 % , compared to 13.1 % in the previous-year period .",1,0.3173982
The investments and operational changes enable additional optimisation of the working hours and thereby further cost savings of some 7 % -9 % .,Kemira shares closed at (  x20ac ) 16.66 ( $ 22US .71 ) .,0,0.21242878
"ADPnews - Feb 5 , 2010 - Finnish real estate investor Sponda Oyj HEL : SDA1V said today that it slipped to a net loss of EUR 81.5 million USD 11.8 m in 2009 from a profit of EUR 29.3 million in 2008 .",Sanoma News ' advertising sales decreased by 22 % during the year .,1,0.71542567
The value of the deal was not disclosed .,"At the end of the review period , Nordic Aluminium 's order book stood at EUR 8.77 mn compared to EUR 7.04 in 2005 .",0,0.28907275
"Operating profit margin was 8.3 % , compared to 11.8 % a year earlier .",The net sales decreased to EUR 49.8 million from EUR 59.9 million .,1,0.67606425
"Iso Omena is based in the Matinkyla district of the southern part of the city of Espoo , southern Finland .","( ADP News ) - Feb 11 , 2009 - Finnish wood products technology supplier Raute Oyj ( HEL : RUTAV ) said today its net profit decreased to EUR 4.7 million ( USD 6.1 m ) for 2008 from EUR 6.6 million for 2007 .",0,0.36078453
"The Marubeni Group focuses on creating `` value chain '' from upstream to downstream , encompassing a wide variety of business fields , including oil & gas , metals , mineral resources , foods , pulp & paper and chemicals , among others .","New Delhi , July 17 -- Sahlberg Teppo , Kallio Timo and Mustonen Tuomas of M Real OYJ , Espoo , Finland have developed novel markings and methods of producing the same .",1,0.45017806
"The EU Commission said earlier it had fined ThyssenKrupp , United Technologies Corp 's Otis , Schindler AG and Kone Oyj a total of 992.3 mln eur for alleged cartel activity in the lift market going back twelve years .",This wood lacquered clock comes with a stripy hand-crocheted cover .,0,0.28140858
An earn-out payment of up to 4.0 mln euro ( $ 5.3 mln ) can also be paid depending on Intellibis financial performance in 2007 .,The order also includes start-up and commissioning services .,1,0.38913321
"Profit before taxes was EUR 5.4 mn , up from EUR 3.6 mn a year earlier .","The report profiles 158 companies including many key and niche players including major Nonwovens manufacturers such as Ahlstrom Corporation , Asahi Kasei Corporation , Buckeye Technologies , Inc. , EI .",0,0.29878628
"Commission income increased by 22 % to EUR 4.4 mn , and lending volume rose by 13.5 % .",Operating profit improved by 27 % to EUR 579.8 mn from EUR 457.2 mn in 2006 .,1,0.78985083
"LEED is an internationally recognized green building certification system , developed by the U.S. Green Building Council .",The net sales of the whole fiscal year 2008 will be lower than in 2007 and operating profit is estimated to be negative .,0,0.22742678
"HELSINKI Thomson Financial - Shares closed little changed , with Cargotec and Huhtamaki dropping sharply on disappointing second-quarter reports .",Sales at the unit slumped last year after the industry was hit by poor snowfall in the major resorts in the winter of 2006-07 .,1,0.71374446
"The Lithuanian beer market made up 14.41 million liters in January , a rise of 0.8 percent from the year-earlier figure , the Lithuanian Brewers ' Association reporting citing the results from its members .","Rockwell Collins is a provider of flight deck , cabin and information management solutions for business aircraft operators .",0,0.3286229
"YIT 's Baltic sales in the first three quarters of 2008 totaled 106.2 million euros , representing a drop of 29 percent year on year .",Salonen added that data shows producers ' pulp inventories in North America are declining . ',1,0.63011956
Operating profit rose to EUR 3.11 mn from EUR 1.22 mn in the corresponding period in 2009 .,"After the restructuring , UPM 's average paper machine capacity in Europe will be 320,000 tons ( 350,000 short tons ) in coated magazine paper and 420,000 tons ( 460,000 short tons ) in coated fine paper .",0,0.62043434
The value of this kind of order amounts usually between Euro 2 and 3 million .,"` Sanoma is a buyer not a target , ' he said .",1,0.12692806
"The redesigned crushing circuit has been in operation since the start of September and its overall production rate on a weekly basis is in excess of an average of 40,000 tonnes a day .","HELSINKI ( AFX ) - Shares closed higher , led by Nokia after it announced plans to team up with Sanyo to manufacture 3G handsets , and by Nokian Tyres after its fourth-quarter earnings report beat analysts ' expectations , dealers said .",0,0.5395247
"The 19,200-square metre technology center is located near University of Tampere in central Tampere .","After the split , the company would have 26,885,540 Series A shares and 9,540,000 Series K shares .",1,0.4913485
"Finland-based Elcoteq SE , a privately held provider of electronics manufacturing services to communications companies , said Thursday it signed a long-term manufacturing supply deal with communications equipment company Andrew Corp. .","Finnish IT solutions provider Affecto Oyj HEL : AFE1V said today its slipped to a net loss of EUR 115,000 USD 152,000 in the second quarter of 2010 from a profit of EUR 845,000 in the corresponding period a year earlier .",0,0.5863833
"Finnish software developer Basware Oyj said on November 30 , 2006 its U.S. subsidiary Basware , Inc. won an order to provide software for contract lifecycle management to an unnamed U.S. medical technology company .",Production capacity will increase from 36 000 to 85 000 tonnes per year and the raw material will continue to be recycled paper and board .,1,0.37823716
Operating result including non-recurring items rose to EUR 146mn from a loss of EUR 267mn in 2009 .,"With five different game modes , co-op tournaments , 4 player split-screen and multiplayer modes , players can have as much fun as they would if they were actually fishing .",0,0.16373669
"The announcement pushed Freenet shares down 6.3 % , or EUR0 .71 , in Frankfurt trade to EUR10 .65 as investors gave up hope United Internet AG and Drillisch would pursue their own takeover and breakup of Freenet .",Diluted earnings per share ( EPS ) stood at EUR 0.25 versus EUR 0.42 .,1,0.5566957
"Aspocomp Group , headquartered in Helsinki , Finland , develops interconnection solutions for the electronics industry .",Finnish investment group Norvestia Oyj said its net profit fell to 23.5 mln euro $ 30.6 mln in 2006 from 33.5 mln euro $ 43.6 mln in 2005 .,0,0.3328231
"In Q2 of 2009 , profit before taxes amounted to EUR 13.6 mn , down from EUR 26.8 mn in Q2 of 2008 .","Finnish power supply solutions and systems provider Efore Oyj said its net loss widened to 3.2 mln euro $ 4.2 mln for the first quarter of fiscal 2006-2007 ending October 31 , 2007 from 900,000 euro $ 1.2 mln for the same period of fiscal 2005-06 .",1,0.7845419
"In total , more than 3000 surveillance cameras will be handled and managed according to a variety of needs , the company said .",The actions are expected to deliver annual cost savings of some EUR15-20m .,0,0.45888954
Operating profit rose to EUR 3.2 mn from EUR 1.0 mn in the corresponding period in 2008 .,"The Lithuanian beer market made up 14.41 million liters in January , a rise of 0.8 percent from the year-earlier figure , the Lithuanian Brewers ' Association reporting citing the results from its members .",1,0.7441057
"Finnair PLC carried a record 8.8 million passengers in 2006 , an increase of 3.5 percent on the previous year , the Finnish national carrier reported Tuesday .","Revenue for the quarter totaled 27.4 billion , down 2 percent from 28.1 billion in the fourth quarter in 2008 .",0,0.7751307
"Based in Helsinki , Finland , Ramirent has branches in 13 Nordic , central and Eastern European countries .","3 January 2011 - Scandinavian lenders Sampo Bank ( HEL : SAMAS ) , Pohjola Bank ( HEL : POH1S ) and Svenska Handelsbanken ( STO : SHB A ) have provided a EUR160m ( USD213m ) line of credit to Lemminkainen Oyj ( HEL : LEM1S ) , the Finnish construction firm said on Friday .",1,0.6466273
"Tecnomen 's solution can be used for prepaid and post-paid billing , for charging and rating of voice and video calls , data traffic and any kind of content services in both mobile and fixed networks .","The company 's order book stood at 1.5 bln euro $ 2.2 bln on September 30 , 2007 , up by 24.2 pct on the year , with international orders amounting to 365 mln euro $ 534.3 mln .",0,0.273279
"The group 's operating loss was EUR 0.8 mn , down from a profit of EUR 2.5 mn in 2004 .","Therefore , the company 's 2005 result will remain weaker than that of 2004 .",1,0.71206474
"The biggest sellers in the chain 's supermarkets in Finland are organic Pirkka tomatoes , carrots , eggs , and meat products .","( ADP News ) - Feb 11 , 2009 - Finnish management software solutions provider Ixonos Oyj ( HEL : XNS1V ) said today its net profit rose to EUR 3.5 million ( USD 4.5 m ) for 2008 from EUR 3.1 million for 2007 .",0,0.48025745
"Sponda is a property investment company , specialising in commercial properties in the largest cities in Finland and Russia .",HK Ruokatalo 's target is to know the consumers .,1,0.29689878
Prices and delivery volumes of broadband products decreased significantly in 2005 .,The deal is subject to approval by the Norwegian competition authorities .,0,0.18705438
Scanfil has also issued a profit warning .,Stora Enso Oyj said its second-quarter result would fall by half compared with the same period in 2007 .,1,0.2971617
"Lithuanian beer makers sold 256.88 million liters of beer in 2005 , a rise of 4.5 per cent from the year-earlier figure of 245.92 million liters .","In the building and home improvement trade , sales decreased by 22.5 % to EUR 201.4 mn .",0,0.6267817
Net investment income,"The mill 's raw material need will increase by 100,000 m3 of wood .",1,0.21655437
"The company has the poser , who wants to impress people with the latest handset .","Finnish Bank of +àland reports operating profit of EUR 2.2 mn in the first quarter of 2010 , down from EUR 6.3 mn in the corresponding period in 2009 .",0,0.22731996
UPM stock fell 3 percent to EURO 12.49 $ 17.24 in early afternoon trading in Helsinki .,"Finnish textiles and clothing group Marimekko Oyj posted a net profit of 7.99 mln euro $ 10.4 mln for 2006 , compared to 8.4 mln euro $ 10.9 mln for 2005 .",1,0.6837834
Operating profit rose to EUR 4.7 mn from EUR 3.6 mn .,Finnish investment company Neomarkka is the main owner of Kuitu Finland 's successor .,0,0.45488375
Tekla Group 's net sales for 2006 were approximately 50 million euros and operating result 13.6 million euros .,"Kemira 's R&D organization comprises approximately 750 people , the company said .",1,0.7114278
"Finnair 's passenger load factor , which measures the number of sold seats as a share of all available seats , dropped by 1.3 percentage points to 76.7 % in September .",Finnish investment company Neomarkka is the main owner of Kuitu Finland 's successor .,0,0.35204405
Le Lay succeeds Walter G++nter and will be based in Finland .,"Following the registration , the share capital of Biotie is EUR 52,556,678.10 .",1,0.4699741
"Finnish Sampo Bank , of Danish Danske Bank group , reports profit before taxes of EUR 152.3 mn in 2010 , up from EUR 32.7 mn in 2009 .",The sales of the Tiimari segment fell by 4.0 % year-on-year to EUR3 .3 m in June 2010 .,0,0.7333635
"The result will also be burdened by increased fixed costs associated with operations in China , and restructuring costs in Japan .","Salcomp Oyj , the Finnish maker of mobile phone chargers , Monday posted a EUR1 .49 million loss in the second quarter compared with a 1.70 million profit in the same period the previous year .",1,0.28865197
The total project duration is three years and it is valued at some EUR11 .5 m.,"Finnair 's passenger load factor , which measures the number of sold seats as a share of all available seats , dropped by 1.3 percentage points to 76.7 % in September .",0,0.59320223
The transaction is planned to be financed with a EUR40m market-based loan granted by Standard Chartered Bank Hong Kong .,The value of the multi-year agreement is over EUR 2mn a year .,1,0.5127625
Profit for the period increased from EUR 2.9 mn to EUR 10.5 mn .,"The company offers payroll services , including payroll processing , payroll tax administration , and employee pay services , including direct deposit , check signing , and Readychex .",0,0.3800238
"ADPnews - Jul 17 , 2009 - Finland-based steel maker Rautaruukki Oyj Ruukki HEL : RTRKS said today it slipped to a net loss of EUR 184 million USD 259.7 m for the first half of 2009 from a net profit of EUR 2","Finnish financial software solutions developer BasWare Oyj said its net profit fell to 884,000 euro ( $ 1.2 mln ) for the first quarter of 2007 from 2.0 mln euro ( $ 2.7 mln ) a year earlier .",1,0.91268086
"Thus the group 's balance sheet will have about EUR 25.8 million of goodwill , the company added .","Cargotec Corporation , Press Release , August 26 , 2008 at 10 a.m. Finnish time Cargotec 's MacGREGOR business area providing marine cargo handling and offshore load handling solutions has received significant offshore crane retrofit order .",0,0.5061513
"In January-November 2009 , the group 's sales totalled EUR 7,801.7 mn , which was a drop of 12.6 % from the same period of 2008 .","( ADP News ) - Feb 11 , 2009 - Finnish wood products technology supplier Raute Oyj ( HEL : RUTAV ) said today its net profit decreased to EUR 4.7 million ( USD 6.1 m ) for 2008 from EUR 6.6 million for 2007 .",1,0.7913178
"`` Over the years , the color orange has become synonymous with quality .","MANAVIGATOR-September 7 , 2010-Kemira unveils Indian JV with IVRCL Finnish chemicals group Kemira ( HEL : KRA1V ) on Tuesday announced it has inked a deal to form a joint venture in India with local construction firm IVRCL Infrastructure and Projects Ltd ( BOM :530773 ) .",0,0.33137488
`` We could be there .,"Following the issue , the new shares will constitute 10 percent of the firm 's capital .",1,0.13958468
The company will propose a dividend of EUR0 .12 per share for 2008 .,23 April 2010 - Finnish construction and engineering company Outotec Oyj HEL : OTE1V said today it slipped to a net loss of EUR7 .3 m in the first quarter of 2010 from a net profit of EUR12 .5 m in the corresponding period last year .,0,0.7152042
"( ADP News ) - Finnish handling systems provider Cargotec Oyj ( HEL : CGCBV ) announced on Friday it won orders worth EUR 10 million ( USD 13.2 m ) to deliver linkspans to Jordan , Morocco and Ireland .",Net sales surged by 30 % to EUR 36 million .,1,0.55741954
Okmetic expects its net sales for the first half of 2009 to be less than in 2008 .,"Of these shares 14,747,084 are held by the Company and the number of outstanding shares and voting rights attached to the shares amounts thus to 161,256,847 .",0,0.4232555
The order is related to renewing the network of the telecommunications operator .,The value of the multi-year agreement is over EUR 2mn a year .,1,0.25050047
Finnish Vacon has signed significant deals with Norwegian Scandinavian Electric Systems ( SES ) on the supply of AC drives .,"YIT lodged counter claims against Neste Oil totaling some EUR25m , primarily based on work carried out under the contract and additional costs incurred due to prolongation of the project .",0,0.49996582
"Turun kaupunkin , Finland based company has awarded contract to Lemminkainen Talotekniikka Oy for electrical installation work .","Finnish financial group Aktia reports operating profit of EUR 44.4 mn in January-September 2009 , up from EUR 37.3 mn in the corresponding period in 2008 .",1,0.41551322
"Finnish electronics contract manufacturer Scanfil reports net sales of EUR 58.9 mn in the second quarter of 2007 , down from EUR 62.4 mn a year earlier .",Productional situation has now improved .,0,0.16829517
Repeats sees 2008 operating profit down y-y ( Reporting by Helsinki Newsroom ) Keywords : TECNOMEN-RESULTS,"Changes in the market situation and tougher price competition have substantially reduced demand for bread packaging manufactured at the Kauhava plant , according to the company .",1,0.60241926
The operating margin of Aker Yards Cruise & Ferries division went down from 8.3 % to 6.4 % in the first quarter of 2007 .,"It operates under three distinct brands : United Supermarkets , Market Street and United Supermercado .",0,0.2957486
` Very recommendable ' is the Nokian Z G2 according to the ` ADAC judgement ' in the latest summer tyre test of the German automobile association ADAC .,"Finnish high technology provider Vaahto Group reports net sales of EUR 41.8 mn in the accounting period September 2007 - February 2008 , an increase of 11.2 % from a year earlier .",1,0.4948374
The Swedish subsidiary holds 1.0 % net smelter return `` NSR '' royalties over two advanced copper projects in northern Sweden - the Viscaria and Adak Projects - being developed by Avalon Minerals Ltd. ASX : AVI .,"However , sales volumes in the food industry are expected to remain at relatively good levels in Finland and in Scandinavia , Atria said .",0,0.49523744
"At this growth rate , paying off the national debt will be extremely painful .",L&T 's net profit for the whole 2010 dropped to EUR 36 million from EUR 45 million for 2009 .,1,0.53123116
"The company , which makes garden tools , scissors and other consumer goods , said earnings were boosted by 6.9 mln eur of income it received from its 16.7 pct shareholding in Finnish engineering group Wartsila .","Sampo Bank 's market share of lending was 13.6 % , down from 14.4 % in the first quarter of 2008 .",0,0.5874843
Finnish elevators and escalators maker KONE Corporation said on Tuesday ( 18 March ) that it has received a major order from Sir Robert McAlpine to supply all elevators and escalators for the Watermark Place project in the City of London .,"Order intake grew by 40 % year-on-year and 30 % year-on-year , respectively , to EUR 576 million and EUR 1.7 billion for the respective January-September and July-September 2010 periods .",1,0.4643343
Net sales grew in the period to  x20ac 402 million $ 585US million from  x20ac 401 million in 2006 .,The company said that sales in the three months to the end of March slid to EUR86 .4 m US$ 113.4 m from EUR91 .2 m last year .,0,0.61300266
The value of the order is about EUR 30mn .,"The authorisation is in force until the end of the next Annual General Meeting and repeals the authorisation to acquire own shares given by the General Meeting held on April 4 , 2007 .",1,0.4068854
"3 February 2011 - Finnish broadband data communication systems provider Teleste Oyj HEL : TLT1V said yesterday its net profit rocketed to EUR4 .8 m in 2010 from EUR416 ,000 in 2009 and it lifted its dividend proposal .","Nokia Siemens Networks provides mobile and fixed network infrastructure , communications and networks service platforms , as well as professional services , to operators and service providers .",0,0.3268105
The estimated annual value of the frame agreement is about EUR 50mn .,"Our customers include companies in the energy and process industry sectors , in particular .",1,0.22528498
The CVs of the proposed members are available for viewing from 12 March 2008 onwards on the Internet at www.sampo.com/ir .,"For example , net sales increased by 5.9 % from the first quarter , and EBITDA increased from a negative EUR 0.2 mn in the first quarter of 2009 .",0,0.4088293
"In January-September 2010 , Fiskars ' net profit went up by 14 % year-on-year to EUR 65.4 million and net sales to EUR 525.3 million from EUR 487.7 million .","Revenue in July to September grew 14 percent to ( EURO ) 467 million from a year earlier , the company said Thursday .",1,0.9179797
Viking Line manages well with its current ferries .,The server is responsible for managing devices and user accounts and a desktop client application enables remote access to the mobile phones .,0,0.23000857
"For example , net sales increased by 5.9 % from the first quarter , and EBITDA increased from a negative EUR 0.2 mn in the first quarter of 2009 .","Operating profit totaled EUR 5.5 mn , up from EUR -0.7 mn .",1,0.76954603
Finnish automation solutions developer Cencorp Corporation ( OMX Helsinki : CNC1V ) issued on Thursday ( 18 September ) a profit warning for the third quarter of 2008 .,"Outotec 's scope of delivery covers the engineering , supply of special equipment and services for a calcination plant with two circulating fluid bed calciners .",0,0.23443897
Commission income fell to EUR 4.6 mn from EUR 5.1 mn in the corresponding period in 2007 .,"Finnish management software solutions provider Ixonos Oyj net profit decreased to 369,000 euro ( $ 575,000 ) for the first quarter of 2008 from 669,000 euro ( $ 1.0 mln ) for the same period of 2007 .",1,0.8631787
"Customers wave cards in front of the reader to make payments , similar to `` touch and go '' cards used in transport systems .",Operating profit rose to EUR 9.2 mn from EUR 6.8 mn in the corresponding period in 2007 .,0,0.20112953
"`` After a long , unprofitable period the Food Division posted a profitable result , which speaks of a healthier cost structure and a new approach in business operations , '' Rihko said .","Finnish airline Finnair has won a deal with the UK public sector to be the official airline for flights from London Heathrow to Osaka in Japan , as well as flights between Manchester in the UK and Helsinki in Finland .",1,0.470128
Incap Contract Manufacturing is a subsidiary of Incap Corporation of Finland .,"External net sales from the printing business fell by 43.7 % , partly due to the termination of the printing contract between Ilkka-Yhtyma 's printing house I-print Oy and sector player HSS Media AB in December 2009 and the fall in printing prices .",0,0.30378807
"Operating result showed a loss of EUR 2.9 mn , while a year before , it showed a profit of EUR 0.6 mn .",`` Those uncertainties cloud the long-term outlook . '',1,0.31783497
"CHS Expo Freight is a major Finnish fair , exhibition and culture logistics company that provides logistics services to various events by land , air and sea .","Profit for the period totalled EUR 0.8 mn , down from EUR 1.1 mn in the corresponding period in 2008 .",0,0.22023953
"`` UPM 's deliveries increased during the third quarter by 4 percent , and the efficiency of operations improved , '' Chief Executive Jussi Pesonen said .","Full-year net sales are expected to increase by approximately 10 % , the company said .",1,0.7143254
First quarter underlying operating profit rose to 41 mln eur from 33 mln a year earlier .,The total project duration is three years and it is valued at some EUR11 .5 m.,0,0.71220577
Vacon controls a further 5 % of the company via investment fund Power Fund I. EUR 1.0 = USD 1.397,"Tyrv+ñinen is of the opinion that the airline has been repeating this for some time already , however .",1,0.28172165
Finnish-Swedish TietoEnator is expanding its business quickly in Russia .,All depends on financing .,0,0.1819756
"` The stable outlook reflects Nokia 's strong market position in the global mobile handset market , strong cash flow generation , and very conservative balance sheet , ' said Raab .","Clothing retail chain Sepp+ñl+ñ 's sales increased by 8 % to EUR 155.2 mn , and operating profit rose to EUR 31.1 mn from EUR 17.1 mn in 2004 .",1,0.46542293
Cash flow from operations in January-December 2008 was a negative EUR 18.1 mn compared to EUR 39.0 mn in the corresponding period in 2007 .,"In the reporting period , net sales rose by 8 % year-on-year to EUR64 .3 m , due to the business acquisitions realized during the first half of 2008-09 , the effect of which was EUR10 .9 m in the review period .",0,0.7007375
"In September alone , the market declined by 10.2 percent year-on-year to 19.28 million liters .","Exports of goods fell by 59 % , and imports by 16.7 % .",1,0.7793538
"At the end of March 2007 , the group 's order book was at EUR 39.6 mn , up 42 % from the corresponding period in 2006 .","2009 3 February 2010 - Finland-based steel maker Rautaruukki Oyj ( HEL : RTRKS ) , or Ruukki , said today it slipped to a larger-than-expected pretax loss of EUR46m in the fourth quarter of 2009 from a year-earlier profit of EUR45m .",0,0.6811284
"Our key geographical markets are Europe , Russian Federation , Middle-East , South-Africa and Japan .",A paper mill in the central Maine town of Madison soon will have a new owner .,1,0.38429725
"At this growth rate , paying off the national debt will be extremely painful .",Each year the dividend is deducted from the subscription price .,0,0.46046126
"EQT has completed its exit from Salcomp , a Finnish company that makes mobile phone chargers , by selling its remaining stake to Swedish investment group Nordstjernan for about ( EURO ) 35 million ( $ 47 million ) .","The negotiations concern personnel of Cencorp Corporation and Singulase Oy as whole in Finland and in Sweden , the company said .",1,0.5447129
"Net interest income was EUR 39.3 mn , up from EUR 32.7 mn .","The above mentioned shareholders will suggest that a monthly salary of EUR 1,400 would be paid for the Board members outside the company .",0,0.6826434
"In the Baltic states the company reports net sales of EUR 11.9 mn , down from EUR 14.2 mn , and an operative EBIT of EUR -2.2 mn , down from EUR -1.7 mn .",Operating profit for 2009 lower than outlook published earlier .,1,0.7239545
"However , Biohit estimates its total net sales will continue to grow in 2009 , and that favourable trends in net sales will lead to a profit in 2009 .","It operates under three distinct brands : United Supermarkets , Market Street and United Supermercado .",0,0.13159963
Revenue grew 12 percent to (  x20ac ) 3.6 billion ( US$ 4.5 billion ) .,"Operating profit surged to EUR21m from EUR106 ,000 .",1,0.81119525
"Comparable operating profit totaled EUR 4.7 mn , down from EUR 5.1 mn in the corresponding period in 2005 , representing 7.4 % of net sales .","Profit for the period was EUR 9.8 mn , up from EUR 6.0 mn in 2004 .",0,0.88676727
Last year SysOpen Digia invested in IBM product know-how in the building of portal and trading place systems and successfully implemented customer solutions supported by it .,The acquisition will considerably increase Kemira 's sales and market position in the Russian metal industry coatings market .,1,0.5707736
He joined Rautakirja in 1997 to lead one of its four business areas and took up the position of President and CEO in 2001 .,SKF 6 April 2010 - Alandsbanken has given a `` buy '' recommendation on Swedish industrial company SKF AB ( STO : SKF B ) with a share price target of SEK150 .,0,0.5140024
The fair value of the company 's investment properties grew to EUR 2.803 billion at the end of March 2009 from EUR 2.691 million a year ago .,"London 's leading shares today jumped almost 100 points , or 1.7 % , as the market opened .",1,0.8124783
Earnings per share EPS in 2005 decreased to EUR0 .66 from EUR1 .15 in 2004 .,The volume of investments in the two phases of the project is estimated at USD 300mn ( EUR 215.03 mn ) .,0,0.5485125
"The company designs , manufactures and markets advanced composite products for industrial applications and consumer goods such as cross-country , alpine and Nordic Walking poles , floorball sticks and antenna radomes .","+£lemiste City is the environment for a knowledge-based economy providing work for 3,300 people with the total turnover of its companies amounting to EEK 5.4 bn , '' said +£lo P+ñrnits , chairman of the supervisory board of +£lemiste City and Mainor .",1,0.29684556
The company expects net sales to significantly increase from 2009 .,"Operating profit , excluding non-recurring items , totalled EUR 2.2 mn , down from EUR 2.7 mn in the corresponding period in 2008 .",0,0.4846565
"Operating profit , excluding non-recurring items , totalled EUR 2.2 mn , down from EUR 2.7 mn in the corresponding period in 2008 .","Profitability ( EBIT % ) was 13.6 % , compared to 14.3 % in Q2 2009 .",1,0.7717579
"When the product is manufactured in Finland , it is also packed in the country .","In Finland , the Bank of +àland reports its operating profit fell to EUR 6.1 mn in the second quarter of 2008 from EUR 7.5 mn in the second quarter of 2007 .",0,0.30299136
"Tiimari , the Finnish retailer , reported to have geenrated quarterly revenues totalling EUR 1.3 mn in the 4th quarter 2009 , up from EUR 0.3 mn loss in 2008 .",Sales rose 10 pct to 566 mln eur on the back of strong volume and favourable currency effects .,1,0.6012223
"Finnish electronics manufacturing services EMS company Elcoteq SE posted a net loss of 66.4 mln euro $ 91.2 mln for the first half of 2007 , compared to a net profit of 7.1 mln euro $ 9.8 mln for the same period of 2006 .",This will bring cost savings of about EUR 3mn a year .,0,0.66614676
"Operating profit totalled EUR 1.22 mn , down from EUR 3.56 mn in the first quarter of 2008 .","Operating profit totaled EUR 6.7 mn , down from EUR 7.2 mn in the corresponding period in 2005 .",1,0.88983774
"As of July 2 , 2007 , the market cap segments will be updated according to the average price in May 2007 .","Net cash flow from operating activities was a negative EUR 3.1 mn , compared to EUR 23.3 mn in the corresponding period in 2009 .",0,0.47517127
"Taking a cue from the playbook of the East Dillon Lions , we 've created a special team of heavy-hitting style players , such as boot-cut jeans , tummy tops and , of course , cowboy boots .","CapMan has six investment areas CapMan Buyout , CapMan Technology , CapMan Life Science , CapMan Russia , CapMan Public Market and CapMan Real Estate , and each of them has a dedicated team and funds .",1,0.4136016
"EPS for the quarter came in at 0.36 eur , up from 0.33 eur a year ago and ahead of forecast of 0.33 eur .",The value of the contracts is about EUR 3.3 mn .,0,0.6672199
Merrill Lynch analyst Campbell Morgan upgraded his recommendation on PaperlinX from `` neutral '' to `` buy '' in May .,"Both operating profit and turnover for the three-month period increased , respectively from EUR0 .9 m and EUR8 .3 m , as compared to the corresponding period in 2005 .",1,0.58867025
"Finnish silicon wafer technology company Okmetic Oyj OMX Helsinki : OKM1V reported on Thursday 30 October an operating profit of EUR7 .4 m for January-September 2008 , up from EUR6 .1 m in the corresponding period in 2007 .","Result before taxes decreased to nearly EUR 14.5 mn , compared to nearly EUR 20mn in the previous accounting period .",0,0.69109416
"Nordic banks have already had to write off sizable loans in Latvia , with Swedbank , Nordea , DnB NOR and SEB reporting combined losses in excess of $ 1.35 billion in the period 2007 to 2010 against a backdrop of near economic meltdown in Latvia .","The Finnish national carrier said net loss in April through June was euro26 million , down from a net profit of euro13 million a year earlier .",1,0.74149156
"As a result , the company currently anticipates net sales to increase and the operating result to be positive .",Changes to the as-built models from the design were communicated to the subcontractors to accommodate them into the steel and GRC fabrication process .,0,0.32702574
"The steelmaker said that the drop in profit was explained by the continuing economic uncertainty , mixed with the current drought in bank lending , resulting in a decline in demand for its products as customers find it increasingly difficult to fund operations .","Finnish plumbing and heating systems supplier Uponor 's net sales in continuing business operations decreased to EUR 249.1 mn in July-September 2008 , compared to EUR 262.1 mn in the third quarter of 2007 .",1,0.697757
"In this way , the industry 's starting point has been the consumers ' needs .",Consolidated pretax profit decreased by 69.2 % to EUR 41.0 mn from EUR 133.1 mn in 2007 .,0,0.12691051
The agreement strengthens our long-term partnership with Nokia Siemens Networks .,"Profit for the period totaled EUR 39.4 mn , up from EUR 33.9 mn in the corresponding period in 2006 .",1,0.38808784
Investments in product development stood at 6.0 mln euro ( $ 8.8 mln ) .,Net sales in 2007 are expected to be 10 % up on 2006 .,0,0.59272146
The acquisition will considerably increase Kemira 's sales and market position in the Russian metal industry coatings market .,Kone 's net sales rose by some 14 % year-on-year in the first nine months of 2008 .,1,0.4672302
"Cost savings will then rise to some 20 mln eur a year from 2007 , OKO said .","Metsaliitto will sell 1.1 million B shares of Neomarkka , accounting for about 18.3 pct of Neomarkka 's equity and about 12.7 pct of the voting rights .",0,0.62315667
"For Q2 2010 , consolidated earnings before tax totaled EUR4 .5 m , compared to EUR3 .9 m , and net profit was EUR3 .2 m , compared to EUR2 .9 m in the previous year .",Merrill Lynch analyst Campbell Morgan upgraded his recommendation on PaperlinX from `` neutral '' to `` buy '' in May .,1,0.7038678
The operating margin of Aker Yards Cruise & Ferries division went down from 8.3 % to 6.4 % in the first quarter of 2007 .,"Cencorp would focus on the development , manufacture and marketing of standard products for production automation .",0,0.03105154
"Finnish Exel Composites , a technology company that designs , manufactures , and markets composite profiles and tubes for various industrial applications , reports its net sales decreased by 0.6 % in the second quarter of 2010 to EUR 19.2 mn from EUR 19.3 mn in the corresponding period in 2009 .",`` Capital expenditure on energy efficiency has unfortunately fallen along with the decline in the economy .,1,0.7575537
"Operating profit , excluding non-recurring items , totalled EUR 1.0 mn , down from EUR 1.6 mn .","The customer is then forwarded to the site , and unknown to him logged in with the first number .",0,0.33366483
"Cargo traffic fell 1 % year-on-year to 8,561 tonnes in September 2009 .",Finnair 's total traffic decreased by 8.7 % in terms of revenue passenger kilometres .,1,0.9248259
"According to HK Ruokatalo , almost all the meat used by the company comes from Finland .","Profit before taxes decreased by 9 % to EUR 187.8 mn in the first nine months of 2008 , compared to EUR 207.1 mn a year earlier .",0,0.40706736
"The original name Componenta +àm+Ñl , as a subsidiary of the Finnish Componenta Group , has been changed to +àm+Ñl Components and the company has seen a 63 % growth in Q1 2010 , in comparison to Q1 2009 .",Operating profit excluding non-recurring items increased by 27 % to EUR 81.9 mn from EUR 64.4 mn in the corresponding period in 2008 .,1,0.8053946
"Elisa Corporation will disclose its financial statements for 2006 on Thursday , 8 February 2007 .",Finnish software developer Done Solutions Oyj said its net profit increased to 3.5 mln euro ( $ 4.6 mln ) in 2006 from 2.3 mln euro ( $ 3.0 mln ) in 2005 .,0,0.46613315
"Operating profit totalled EUR 7.0 mn , up from a loss of EUR 4.0 mn in the second quarter of 2009 .","The world 's second largest stainless steel maker said net profit in the three-month period until Dec. 31 surged to euro603 million US$ 781 million , or euro3 .33 US$ 4.31 per share , from euro172 million , or euro0 .94 per share , the previous year .",1,0.80729175
"Both operating profit and net sales for the six-month period increased , respectively , from EUR13 .8 m and EUR143 .6 m , as compared to the corresponding period in 2007 .","Operating profit totalled EUR 1.22 mn , down from EUR 3.56 mn in the first quarter of 2008 .",0,0.75283307
"Products include Consumer Electronics devices such as mobile phones and their accessories , set-top boxes , flat panel TVs as well as System Solutions products such as infrastructure systems , modules and other industrial segment products .",The sales price was not disclosed .,1,0.16204594
The company expects net sales to significantly increase from 2009 .,com and possibly also through photo-msn .,0,0.2342937
Ms Laakso will be responsible for HKScan 's HR functions and for their development in all of the Group ` smarket areas .,Raisio is the site of the main production plants as well as company headquarters .,1,0.63547736
The trade is in accordance with the agreement announced on 26 March 2008 .,"Finnish electronics contract manufacturer Scanfil had net sales of EUR 52.2 mn in the first quarter of 2007 , down from EUR 60.1 mn a year before .",0,0.38753986
"ADPnews - Feb 5 , 2010 - Finnish real estate investor Sponda Oyj HEL : SDA1V said today that it slipped to a net loss of EUR 81.5 million USD 11.8 m in 2009 from a profit of EUR 29.3 million in 2008 .",Operating profit decreased to EUR 11.2 mn from EUR 16.6 mn .,1,0.7076797
L&T 's net profit for the whole 2010 dropped to EUR 36 million from EUR 45 million for 2009 .,It 's not .,0,0.11395812
"Russian export duties will activate harvesting in Finland , and sales in Russia will increase also .","Global sports equipment maker Amer Sports Corp. , whose brands include Atomic , Salomon and Wilson , saw a 64 percent increase in third-quarter net profit to EURO 47.4 million $ 65 million on strong sales and cost cuts .",1,0.49039006
"Digia said its consolidated net sales for January-June 2010 were EUR67 .8 m , up 9.7 % on the same period in 2009 ( EUR61 .9 m ) .",Finnish silicon wafer technology company Okmetic Oyj OMX Helsinki : OKM1V said on Wednesday 17 September that it will invest EUR6m in its sensor wafer business during 2009 .,0,0.66025233
Finnish laboratory liquid handling and diagnostic test systems developer Biohit Oyj OMX Helsinki : BIOBV issued on Tuesday 3 June a profit warning for the financial year 2008 .,"Operating profit , excluding non-recurring items , totaled EUR 0.2 mn , down from EUR 0.8 mn in the corresponding period in 2006 .",1,0.54236454
"Group EBIT for the first half was EUR13 .6 m US$ 17.8 m , falling short of the EUR22 .5 m it posted for the same period of 2009 .",Terms of the acquisition were not disclosed .,0,0.24759367
The total capital of funds managed by the bank decreased by 28 % to EUR 284mn by the end of September 2008 .,"Operating loss totalled EUR 5.2 mn , compared to a loss of EUR 3.4 mn in the corresponding period in 2008-2009 .",1,0.8635205
"According to Finnair Technical Services , the measure is above all due to the employment situation .","Both operating profit and net sales for the six-month period increased , respectively from EUR0 .4 m and EUR3 .2 m , as compared to the corresponding period in 2005 .",0,0.35601395
"In the first quarter of 2010 , the mark-to-market result was a pretax profit of EUR 133 million versus a loss of EUR 32 million in the same period last year .",Circulation revenue has increased by 5 % in Finland and 4 % in Sweden in 2008 .,1,0.6176523
"Arto Ryymin , born 1964 , will replace Juhani Kaisanlahti who has worked as acting EVP , Healthcare & Welfare since August 2007 .","Earnings per share ( EPS ) amounted to EUR0 .98 , up from the loss of EUR0 .02 .",0,0.384584
"Operating profit , excluding non-recurring items , totalled EUR 2.2 mn , down from EUR 2.7 mn in the corresponding period in 2008 .","Finnish plumbing and heating systems supplier Uponor 's net sales from continuing operations decreased by 9.4 % in 2008 to EUR 949.2 mn from EUR 1,047.4 mn in 2007 .",1,0.8003336
"Alma Media Corporation PRESS RELEASE March 25 , 2010 TYRV+ä+äN SANOMAT PURCHASE CONFIRMED The business operations of Tyrv+ñ+ñn Sanomat Oy will be transferred to Suomen Paikallissanomat Oy .","Earlier today , Geberit 's Finnish rival Uponor OYJ cut its full-year sales growth forecast to 6 pct from 10 pct , blaming tough conditions in Germany and the US , as well as currency factors .",0,0.48921695
"Finnish Kemira 's net sales EUR decreased to EUR 1,259.6 mn in January-June 2009 from EUR 1,425.1 mn in January-June 2008 .",The net sales decreased to EUR 49.8 million from EUR 59.9 million .,1,0.8349706
"Making matters more difficult , the company said it has been grappling with higher oil and gas prices , which have pushed up the cost of energy , raw materials and transportation .",The total amount of subscription prices was recorded in the fund for invested non-restricted equity .,0,0.29485962
`` Serving customers locally is one of the cornerstones of customer focus for us .,"Outotec 's scope of delivery includes design , basic engineering and supply of proprietary equipment for a sinter plant with a grate area of 496 square meters .",1,0.41204515
Net investment income,"In the building and home improvement trade , sales decreased by 22.5 % to EUR 201.4 mn .",0,0.19327441
"`` We 're delighted with the move '' says Morna Cowie , co-owner , above , `` it 's double the size of our current shop and has a lovely feel to it . ''","Operating profit totalled EUR 5.8 mn , up from a loss of EUR 1.7 mn in the fourth quarter of 2009 .",1,0.33991823
"Finnish metal products company Componenta Oyj ( HEL : CTH1V ) said today its net loss narrowed to EUR 500,000 ( USD 680,000 ) in the last quarter of 2010 from EUR 5.3 million for the same period a year earlier .","The company said that the operations will be sold to a newly established company , CPS GmbH , where the present management of the plastics business is a co-owner .",0,0.39703983
"According to the notification , the holdings of Ameriprice Inc. and its group companies are now in total 808,973 shares , which represent 3.582 % of Tekla -¦ s shares and voting rights .","RFID ( Radio Frequency Identification ) is a method of so-called intelligent transport , whereby information can be read and saved remotely .",1,0.1573101
Nokia was up 0.12 pct to 16.70 eur after kicking off the morning in negative territory .,"Finnish electronics contract manufacturer Scanfil had net sales of EUR 52.2 mn in the first quarter of 2007 , down from EUR 60.1 mn a year before .",0,0.7088001
"The study evaluated the safety , tolerability and pharmacokinetics of repeated doses of intravenously administered antibody in 26 patients with active plaque psoriasis .","It is necessary to strengthen the company 's operations , however .",1,0.2532953
"Equity ratio was 60.9 % compared to 54.2 % In the third quarter of 2007 , net sales of the Frozen Foods Business totaled EUR 11.0 , up by about 5 % from the third quarter of 2006 .","Subscribers of China Unicom , the nation 's second largest mobile phone operator after China Mobile , are expected to release pictures , videos and blog on the Internet via mobile phones as of March 2008 .",0,0.604439
The new B shares carry the right to dividend and other shareholder rights with effect from today .,The identity of the buyer is not yet known .,1,0.25272417
"Full-year net sales are expected to increase by approximately 10 % , the company said .",The value of the deal was not disclosed .,0,0.06148016
"Earnings per share ( EPS ) amounted to EUR0 .98 , up from the loss of EUR0 .02 .",Our standardised services have met with a positive reception among our customers as well as at Itella .,1,0.22557777
"The value of the order is EUR 700,000 .","Seven-month sales of Ragutis , which is controlled by the Finnish brewery Olvi , declined by 11.2 percent , to 15.41 million liters , and the company held 9.89 percent of the market .",0,0.4921692
The transaction is expected to be completed next spring .,The value of the orders is over EUR 10mn .,1,0.4588428
"During the rally , which was authorized by the city administration , a consulate official came out to the workers , spoke to them and took a letter from them .",in Q1 2010 18 May 2010 - Finnish electrical components maker Salcomp Oy ( HEL : SAL1V ) said today it turned to a net profit of EUR1 .6 m in the first quarter of 2010 versus a loss of EUR2m in the corresponding period last year .,0,0.224279
Profit for the period increased from EUR 2.9 mn to EUR 10.5 mn .,"October-December sales were 302 mln eur , or a 25.3 pct increase year on year .",1,0.77073884
"On 25 August 2009 , Sampo 's stake in Nordea was 19.45 % .",Operating profit improved to EUR 20.3 mn from EUR 11.4 mn .,0,0.6284565
"The company operates a U.S. division in Lisle , Ill. .","In addition , MIDs are always online and enable full Internet browsing .",1,0.17159623
Satama 's net sales would be higher than the year before .,"Profit before taxes decreased by 9 % to EUR 187.8 mn in the first nine months of 2008 , compared to EUR 207.1 mn a year earlier .",0,0.5518542
This corrensponds to 4.628 percent of Okmetic 's share capital and voting rights .,"Nokia Siemens Networks provides mobile and fixed network infrastructure , communications and networks service platforms , as well as professional services , to operators and service providers .",1,0.35873678
Finnish elevators and escalators maker KONE Corporation said on Tuesday ( 18 March ) that it has received a major order from Sir Robert McAlpine to supply all elevators and escalators for the Watermark Place project in the City of London .,"Food sales totalled EUR 323.5 mn in October 2009 , representing a decrease of 5.5 % from October 2008 .",0,0.39642715
"According to Nordic financial group Nordea 's analyst Sami Sarkamies , this makes Nokia 's portfolio competitive again .","In Sweden , operating profit for the period under review totaled EUR 3.4 mn , up 30.8 % from the corresponding period in 2005 .",1,0.5157422
Operating profit fell to EUR 38.1 mn from EUR 55.3 mn in 2007 .,"In Penttil+ñ 's vision , the most important reason for the transaction is Russia .",0,0.27836347
"Danske Bank A-S DANSKE DC jumped 3.7 percent to 133.4 kroner , rebounding from yesterday s 3.5 percent slide .",- Operating profit rose by 26.9 % to EUR 105.8 ( 83.4 ) million .,1,0.8017926
"The financial impact is estimated to be an annual improvement of EUR2 .0 m in the division 's results , as of fiscal year 2008 .","Sales in Finland decreased by 10.5 % in January , while sales outside Finland dropped by 17 % .",0,0.66192114
Sales of security and system packaging increased slightly .,"The earnings per share for the quarter came in at 0.25 eur , up from the 0.20 eur of the same quarter a year earlier .",1,0.31642222
"Nokia shares hit 13.21 euros on Friday , down 50 percent from the start of the year in part because of the slow introduction of touch-screen models .",Sunrise Resources operates in Russian near-shore development markets through its wholly-owned Russian subsidiary and has 80 % of its personnel in Russia .,0,0.44588807
It was decided that the auditors are reimbursed according to invoice .,"Of the company 's net sales , 38 % was acquired in Finland , 21 % in other European countries , 40 % in Asia , and 1 % in the US .",1,0.26147586
The fair value of the company 's investment properties went down to EUR 2.768 billion at the end of 2009 from EUR 2.916 billion a year earlier .,Finnish construction group Lemmink+ñinen has been awarded two road building contracts by the Lithuanian transport administration .,0,0.41192436
"At 1411 CET , ArcelorMittal had lost 7.26 % to EUR 17.38 on Euronext Paris , coming at the lead of the blue-chip fallers .","Raute reported a loss per share of EUR0 .86 for the first half of 2009 , against EPS of EUR0 .74 in the corresponding period of 2008 .",1,0.8276156
"Comparable operating profit totaled EUR 4.7 mn , down from EUR 5.1 mn in the corresponding period in 2005 , representing 7.4 % of net sales .","YIT CORPORATION SEPT. 24 , 2007 at 13:30 CORPORATE RELEASE STOCK EXCHANGE RELEASE YIT 'S CAPITAL MARKETS DAY IN LONDON , SEPT. 26 , 2007 On Wednesday , September 26 , 2007 , YIT will hold a Capital Markets Day for investors and analysts in London .",0,0.46623135
The group 's net sales in 2007 were EUR683 .6 m.,The net sales of the Power Plants business were EUR 710.3 million in 2005 .,1,0.8077023
`` I am extremely delighted with this project and the continuation of cooperation with Viking Line .,"In Q1 of 2009 , the company 's operating loss totalled EUR 0.3 mn , compared to a profit of EUR 3.6 mn in Q1 of 2008 .",0,0.09189152
"Profit for the period was EUR 5.9 mn , up from EUR 1.3 mn .","As a result , the company currently anticipates net sales to increase and the operating result to be positive .",1,0.3661774
Finnish cutlery and hand tools maker Fiskars Oyj Abp ( HEL : FISAS ) said today its net profit rose to EUR 24.1 million ( USD 33.6 m ) in the third quarter of 2010 from EUR 17.9 million a year earlier .,The non-recurring costs caused to Talentum 's Premedia business area by the restructuring will amount to 2.0 mln euro $ 2.7 mln and will be included in the company 's financial results for the second quarter of 2007 .,0,0.67989755
Combining this deep domain expertise with our Application Service Management ASM and outsourcing service offerings has now proved to be a winning combination .,The soapstone deposits in the Medvezhyegorsk area are expected to increase Tulikivi 's current reserves considerably .,1,0.5715033
Finnish automation solutions developer Cencorp Corporation ( OMX Helsinki : CNC1V ) issued on Thursday ( 18 September ) a profit warning for the third quarter of 2008 .,"says Brian Burton , Head of IT Security , Vodafone UK .",0,0.5146946
"The divested company is part of TietoEnator 's business area Government , Manufacturing & Retail .",Finnish Stockmann Group 's mail order unit Hobby Hall has launched a trial marketing campaign in Russia .,1,0.5517675
"Boomeranger Boats Oy specialises in boat building and designs , manufactures and sells customised Rigid Inflatable Boats RIB primarily for the Baltic Sea market .","Operating result showed a loss of EUR 2.9 mn , while a year before , it showed a profit of EUR 0.6 mn .",0,0.2341506
"Cost cutting measures , which have produced around EUR70m of savings over the past nine months , have dampened the airline 's loss , Finnair said .",Finnish fibers and plastic products maker Suominen Corporation said its net loss narrowed to 1.6 mln euro $ 2.0 mln in the first nine months of 2006 from 2.16 mln euro $ 2.7 mln in the same period of 2005 .,1,0.7968571
The stock rose for a third day on Tuesday bringing its three-day rise to GBX10 .50 or 1.8 % .,"Operating profit , excluding non-recurring items , totaled EUR 0.2 mn , down from EUR 0.8 mn in the corresponding period in 2006 .",0,0.6045133
"Finnish GeoSentric 's net sales decreased to EUR 939,000 in January-March 2009 .",Operating profit for continuing operations fell to EUR 48.3 mn from EUR 72.4 mn in the first half of 2007 .,1,0.81603914
The fair value of the company 's investment properties went down to EUR 2.768 billion at the end of 2009 from EUR 2.916 billion a year earlier .,"Finnish Metso Paper has been awarded a contract for the rebuild of Sabah Forest Industries ' ( SFI ) pulp mill in Sabah , Malaysia .",0,0.42773348
"The EBRD is using its own funds to provide a 21.6 mln A loan while the B portion of 10 mln Euros has been syndicated to two Finnish commercial banks , Nordea Bank Finland Plc 7.7 mln Euros and Pohjola Bank Plc 2.3 mln Euros .","The contract value amounts to about EUR11m , the company added .",1,0.5988915
"Cerberus Capital Management LP-backed printing paper maker NewPage Corp. has posted mixed second-quarter results , casting a cloud over its planned initial public offering .","Metsaliitto , however , narrowed its net loss for the second quarter of 2007 to 5.0 mln euro $ 6.9 mln from 61 mln euro $ 83.7 mln a year ago .",0,0.7013651
"POYRY PLCCompany Announcement 10 December 2010 at 4.10 p.m. Pursuant to Poyry PLC 's stock option program 2004 , 63 792 new shares of the company have been subscribed since 27 October 2010 with stock options 2004B .",Pharmaceutical market in Czech Republic Global Research & Data Services published recently a market analysis about the pharmaceutical markets in Czech Republic .,1,0.55413115
The agreement includes the entire process of managing Mercator 's supply chain in all regions where the company is currently present .,"Finnish financial software solutions developer BasWare Oyj said its net profit fell to 884,000 euro ( $ 1.2 mln ) for the first quarter of 2007 from 2.0 mln euro ( $ 2.7 mln ) a year earlier .",0,0.14341742
"Additionally , the company will use the solutions to automate the preparation of financial statements according to IFRS standard .","Mr. Mikko Saavalainen , head of Comptel 's Global Sales concludes : `` Gibtelecom provides a perfect illustration of the variety of business , technical and regulatory challenges operators are facing in their OSS today .",1,0.604338
"The Filter Tips cover the volume range from 0.1-1200 -Ál including new sizes for 10 , 20 , 100-120 , 200 , 300 , 1000 and 1200 -Ál volume capacities .",Productional situation has now improved .,0,0.3951319
"Finnish GeoSentric 's net sales decreased to EUR 939,000 in January-March 2009 .","( ADPnews ) - May 4 , 2010 - Finnish cutlery and hand tools maker Fiskars Oyj Abp ( HEL : FISAS ) said today its net profit declined to EUR 12.9 million ( USD 17m ) in the first quarter of 2010 from EUR 17 million in the correspond",1,0.8911783
"After the reporting period , BioTie North American licensing partner Somaxon Pharmaceuticals announced positive results with nalmefene in a pilot Phase 2 clinical trial for smoking cessation .",The net sales of the whole fiscal year 2008 will be lower than in 2007 and operating profit is estimated to be negative .,0,0.34880742
"HELSINKI AFX - Salcomp , the mobile phone charger manufacturer , said it has appointed Markku Hangasjarvi as its new CEO , following the resignation of Mats Eriksson .","Alma Media holds 70 % of this company , the remaining shares being owned by the company 's key employees .",1,0.35169065
The company expects its net sales in 2008 to increase 5-10 % from 2007 .,"Stora Enso 's business in North America has annual capacity of about 3 million tons and employs about 4,350 people .",0,0.5610318
Last year SysOpen Digia invested in IBM product know-how in the building of portal and trading place systems and successfully implemented customer solutions supported by it .,"The brokerage said 2006 has seen a ` true turning point ' in European steel base prices , with better pricing seen carrying through the second quarter of 2006 .",1,0.5758356
"`` Method and System for Controlling a Hard Disk Drive Using a Multimediacard Physical Interface '' was invented by Marko Ahvenainen Ruutana , Finland .","In January-September 2009 , the Group 's net interest income increased to EUR 112.4 mn from EUR 74.3 mn in January-September 2008 .",0,0.26056847
Stockmann was established in 1862 in Finland and it became the first foreign company to enter Russia 's retail trade market in 1989 .,"Sanoma also has an Executive Committee , in accordance with the Company 's Articles of Association , that prepares proposals for matters to be decided or noted by the Board of Directors .",1,0.3245552
"Operating loss before non-recurring items was EUR 0.9 mn , compared to a profit of EUR 11.5 mn in 2008 .","YIT CORPORATION SEPT. 24 , 2007 at 13:30 CORPORATE RELEASE STOCK EXCHANGE RELEASE YIT 'S CAPITAL MARKETS DAY IN LONDON , SEPT. 26 , 2007 On Wednesday , September 26 , 2007 , YIT will hold a Capital Markets Day for investors and analysts in London .",0,0.48805383
The fair value of the company 's investment properties went down to EUR2 .769 bn at the end of September 2009 from EUR2 .878 bn a year earlier .,"Finnish textiles and clothing group Marimekko Oyj posted a net profit of 7.99 mln euro $ 10.4 mln for 2006 , compared to 8.4 mln euro $ 10.9 mln for 2005 .",1,0.7723727
"New Chairman of the Board of Directors , Mr Chaim Katzman , will give a presentation and answer questions .","Pretax profit totaled EUR 9.0 mn , down from EUR 36.3 mn in 2007 .",0,0.26995945
HELSINKI AFX - KCI Konecranes said it has won an order for four hot metal ladle cranes from Indian steel producer Bhushan Steel and Strips Ltd. .,Revenues at the same time grew 14 percent to 43 million euros .,1,0.47700736
"29 September , 2010 Finnish waste management and recycling company Lassila & Tikanoja expands its operations in Russia by introducing its recently completed recycling plant in the city of Dubna near Moscow .",Commission income fell to EUR 4.6 mn from EUR 5.1 mn in the corresponding period in 2007 .,0,0.36797982
"Finnair PLC carried a record 8.8 million passengers in 2006 , an increase of 3.5 percent on the previous year , the Finnish national carrier reported Tuesday .",Olvi expects sales and market share to increase in the first quarter of 2010 .,1,0.5454038
"The reorganisation will be carried out by transferring HKScan Corporation 's production-related property , plant and equipment in Finland as well as its holdings in subsidiaries and associates to HKScan Finland Oy , a holding company wholly owned by HKScan Corporation .","Foundries division reports its sales increased by 9.7 % to EUR 63.1 mn from EUR 57.5 mn in the corresponding period in 2006 , and sales of the Machine Shop division increased by 16.4 % to EUR 41.2 mn from EUR 35.4 mn in the corresponding period in 2006 .",0,0.31968558
"Operating profit totalled EUR 30.2 mn , down from EUR 43.8 mn a year earlier .",Cash flow from operations in January-December 2008 was a negative EUR 18.1 mn compared to EUR 39.0 mn in the corresponding period in 2007 .,1,0.7992049
Pretax profit decreased by 37 % to EUR 193.1 mn from EUR 305.6 mn .,Efore 's results for the last quarter showed an even faster improvement as the company managed to better source its components .,0,0.43557423
Finnish metal products company Componenta Oyj net profit went slightly down to 25.1 mln euro ( $ 40.2 mln ) for the first half of 2008 from 25.4 mln euro ( $ 40.7 mln ) for the same period of 2007 .,"Profit before taxes was EUR 4.0 mn , down from EUR 4.9 mn .",1,0.84033906
Pharmaceutical market in Poland Global Research & Data Services published recently a market analysis about the pharmaceutical markets in Poland .,Finnish metal products company Componenta Oyj net profit rose to 26.1 mln euro ( $ 35.9 mln ) for the first quarter of 2007 from 5.3 mln euro ( $ 7.3 mln ) for the same period of 2006 .,0,0.5008534
"Nokia shares hit 13.21 euros on Friday , down 50 percent from the start of the year in part because of the slow introduction of touch-screen models .",Finnish media group Talentum has issued a profit warning .,1,0.33988214
The value of the order is EUR 4mn .,"Net sales will , however , increase from 2005 .",0,0.3478619
In 2008 Stockmann earned 3.398 million lats in profit on 48.012 million lats in turnover .,The total investment in 2006 and 2007 is expected to amount to about EUR75m .,1,0.6404994
"These include software development for internet and mobile telephone content , communications , value-added software , financial services , security applications , systems integration and electronics , '' EBRD informed .","A total of 16.5 mn passenger ship journeys took place in the northern Baltic Sea in 2007 , slightly down from 16.5 mn in 2006 .",0,0.20420529
"In the building and home improvement trade , net sales totalled EUR 1,173 mn , down from EUR 1,566 mn a year earlier .","Operating profits in the half were  0.8 m , down from  0.9 m as Glisten invested in the brand and the management team .",1,0.70198625
"Finnish flexible packaging manufacturer Suominen Corporation reports net sales of EUR 54.5 mn in the first quarter of 2008 , compared with EUR 54.3 mn a year earlier .","Liquid handling products include electronic and mechanical pipettes , disposable tips as well as pipette maintenance and calibration services for research institutions , healthcare and industrial laboratories .",0,0.15676457
The value of the orders is over EUR 25mn .,The sellers were the founders of the company .,1,0.36905572
"Comparable operating profit totaled EUR 4.7 mn , down from EUR 5.1 mn in the corresponding period in 2005 , representing 7.4 % of net sales .",Operating profit improved by 27 % to EUR 579.8 mn from EUR 457.2 mn in 2006 .,0,0.8326465
"Department store sales improved by 14 % to EUR 1,070.6 mn .","Metsaliitto , however , narrowed its net loss for the second quarter of 2007 to 5.0 mln euro $ 6.9 mln from 61 mln euro $ 83.7 mln a year ago .",1,0.6475549
The acquisition will considerably increase Kemira 's sales and market position in the Russian metal industry coatings market .,"The operations to be sold include manufacturing units in Finland , France , Poland and Turkey , as well as sales units in Germany and Lithuania .",0,0.4841783
"Sampo Bank 's market share of lending was 13.6 % , down from 14.4 % in the first quarter of 2008 .","Operating margin , however , slipped to 14.4 % from 15.1 % , dragged down by a poor performance in enterprise solutions .",1,0.7486376
"Last week , the Finnish metals and technology group announced plans to sell more than 80 percent of its technology unit to further the company 's strategic goal of becoming the world 's largest stainless steel maker .","The decision reflects the underutilisation of the line , which produces nonwovens used in medical and wipes applications as well as for the automotive industry .",0,0.32481188
"The company 's transportation business is conducted through Florida Rock & Tank Lines , which is a Southeastern transportation company concentrating in the hauling by motor carrier of liquid and dry bulk commodities .","CHS Expo Freight is a major Finnish fair , exhibition and culture logistics company that provides logistics services to various events by land , air and sea .",1,0.46233588
"ADPnews - Jul 17 , 2009 - Finland-based steel maker Rautaruukki Oyj Ruukki HEL : RTRKS said today it slipped to a net loss of EUR 184 million USD 259.7 m for the first half of 2009 from a net profit of EUR 2","In the first nine months of 2010 , the company 's net loss narrowed to EUR 415,000 from EUR 7.4 million for the corresponding period of 2009 .",0,0.7998204
"Both operating profit and net sales for the 12-month period increased , respectively from EUR20 .8 m and EUR177 .7 m , as compared to the financial year 2004 .","In Q1 of 2010 , Bank of +àland 's net interest income increased from EUR 9.1 mn to EUR 9.7 mn .",1,0.8030244
"Operating loss totalled EUR 0.9 mn , down from a profit of EUR 2.7 mn .","The natural source of isoprene is the tree species Hevea brasiliensis , also known as the rubber tree .",0,0.24199599
The value of the deal has not been disclosed .,Activities range from the development of natural resources to the retailed marketing of finished products .,1,0.2318377
Nordea Group 's operating profit increased in 2010 by 18 percent year-on-year to 3.64 billion euros and total revenue by 3 percent to 9.33 billion euros .,"Operating loss totalled EUR 12.7 mn , compared to a profit of EUR 17.7 mn in the first half of 2008 .",0,0.7449014
The move was triggered by weak demand for forestry equipment and the uncertain market situation .,"Sales in Finland decreased by 10.5 % in January , while sales outside Finland dropped by 17 % .",1,0.46434975
"Alma Media 's operating profit amounted to EUR 11.9 mn , down from EUR 15.0 mn a year earlier .","Presentation materials will be posted on the company 's website : www.seahawkdrilling.com in the `` Investor Relations '' section , on the `` Webcast & Presentations '' tab .",0,0.2290574
"The shares subscribed for under the stock options were registered in the Trade Register on 20 January 2011 , as of which date the new shares will establish shareholder rights .","The company will publish its financial statement for 2008 on February 25 , 2009 .",1,0.63875616
This new partnership agreement represents a significant milestone for both parties .,"The address location is provided to a local controller , preferably by wireless transmission , which then uses the address location to access the appliance control module .",0,0.21576175
"Both operating profit and net sales for the 12-month period increased , respectively from EUR4 .7 m and EUR26 .7 m , as compared to 2004 .","Net interest income was EUR 39.3 mn , up from EUR 32.7 mn .",1,0.7520292
"Operating profit totaled EUR 9.4 mn , down from EUR 11.7 mn in 2004 .","The contracts between Raute Corporation and Muling Kemian Wood Products Co. , Ltd. , which were announced on 3 November 2010 , have taken effect .",0,0.49247658
Sales in Finland rose by 3.9 % and international growth was 0.7 % .,"Talentum expects that the net sales of its core business will increase in 2008 , compared to 2007 .",1,0.70070255
"Operating profit , excluding non-recurring items , totalled EUR 2.2 mn , down from EUR 2.7 mn in the corresponding period in 2008 .","The deal includes all rental equipment and related merchandise , the rental contract of the depot and two employees , the company said .",0,0.28955188
Diluted earnings per share ( EPS ) declined to EUR 0.78 from EUR 1.76 .,"JP Morgan expects that Scala will lower Nobel Biocare 's growth forecast for 2007 from the current guidance of 23-25 pct , as well as the operating margin target from the current 34-35 pct .",1,0.61712253
"Operating loss totalled EUR 5.2 mn , compared to a loss of EUR 3.4 mn in the corresponding period in 2008-2009 .","In the fourth quarter of 2008 , net sales increased by 2 % to EUR 1,050.7 mn from EUR 1,027.0 mn in the fourth quarter of 2007 .",0,0.7850146
The value of the order is around EUR 100 million .,The company distributes Hiab 's products as well as other products .,1,0.21288836
"Neste oil 's board proposed 1.00 eur dividend for the full-year 2007 , compared with 0.90 eur a year ago .","The announcement pushed Freenet shares down 6.3 % , or EUR0 .71 , in Frankfurt trade to EUR10 .65 as investors gave up hope United Internet AG and Drillisch would pursue their own takeover and breakup of Freenet .",0,0.5972407
"schwalm ( at ) outotec.com Eila Paatela , Vice President - Corporate Communications tel. +358 20 529 2004 , mobile +358 400 817198 e-mail eila .","The acquisition was financed with $ 2.56 billion of debt arranged by Goldman , Sachs & Co. .",1,0.4991952
"Net interest income was EUR 39.3 mn , up from EUR 32.7 mn .","However , the orders received during the period under review fell by 17 % quarter-on-quarter from the EUR 213 million recorded in the second quarter of 2010 .",0,0.6572188
Net sales increased to EUR193 .3 m from EUR179 .9 m and pretax profit rose by 34.2 % to EUR43 .1 m. ( EUR1 = USD1 .4 ),"( ADP News ) - Feb 9 , 2009 - Finnish computer services company Proha Oyj ( HEL : ART1V ) said today its net loss narrowed to EUR 113,000 ( USD 146,000 ) for 2008 from EUR 1.2 million for 2007 .",1,0.5991687
Operating result including non-recurring items rose to EUR 146mn from a loss of EUR 267mn in 2009 .,"However , the orders received during the period under review fell by 17 % quarter-on-quarter from the EUR 213 million recorded in the second quarter of 2010 .",0,0.7446979
"ADP News - Apr 22 , 2009 - Finnish business information systems developer Solteq Oyj HEL : STQ1V said today its net loss widened to EUR 189,000 USD 245,000 for the first quarter of 2009 from EUR 10,000 for the same peri","In Q1 of 2009 , the company 's operating loss totalled EUR 0.3 mn , compared to a profit of EUR 3.6 mn in Q1 of 2008 .",1,0.77167046
The Department Store Division 's sales fell by 8.6 % to EUR 140.2 mn .,"Bilfinger investors cheered the agreement , pushing shares up 7 % , or & euro ; 3.30 , to & euro ; 50.29 , in afternoon trade .",0,0.39835888
The robust growth was the result of the inclusion of clothing chain Lindex in the Group in December 2007 .,"( ADP News ) - Dec 11 , 2008 - Finnish construction and engineering company Outotec Oyj ( OMX : OTE1V ) said today it won a EUR 28 million ( USD 36.8 m ) order to expand the phosphate concentrator in Siilinjarvi of Norwegian minera",1,0.50663394
"The redesigned crushing circuit has been in operation since the start of September and its overall production rate on a weekly basis is in excess of an average of 40,000 tonnes a day .",Operating profit improved by 44.0 % to ER 4.7 mn from EUR 3.3 mn in 2004 .,0,0.65556574
"The company 's scheduled traffic , measured in revenue passenger kilometres RPK , grew by just over 2 % and nearly 3 % more passengers were carried on scheduled flights than in February 2009 .",The stock rose for a second day on Wednesday bringing its two-day rise to GBX12 .0 or 2.0 % .,1,0.77402675
"During the strike , Finnair estimates to incur a net loss of between EUR2m and EUR2 .5 m per day .","Earnings per share ( EPS ) were EUR0 .03 , up from the loss of EUR0 .083 .",0,0.63385874
"Result before taxes decreased to nearly EUR 14.5 mn , compared to nearly EUR 20mn in the previous accounting period .","( ADPnews ) - Feb 3 , 2010 - Finland-based steel maker Rautaruukki Oyj ( HEL : RTRKS ) , or Ruukki , said today it slipped to a larger-than-expected pretax loss of EUR 46 million ( USD 64.5 m ) in the fourth quarter of 2009 from a",1,0.73263305
"The contract incorporates a Convergent Charging rating solution for voice and data , which includes Internet , GPRS , SMS , MMS and WAP .","Last year , 8.3 million passengers flew the airline , down 4 percent from 2007 .",0,0.12538359
Operating loss amounted to EUR 0.9 mn in the first half of 2006 compared to a profit of EUR 0.5 mn in the first half of 2005 .,"Alma Media 's operating profit amounted to EUR 11.9 mn , down from EUR 15.0 mn a year earlier .",1,0.83489573
"Finnish metal products company Componenta Oyj ( HEL : CTH1V ) said today its net loss narrowed to EUR 500,000 ( USD 680,000 ) in the last quarter of 2010 from EUR 5.3 million for the same period a year earlier .","The money will be spread mainly over 2011 and 2012 , the company said .",0,0.47048205
"The donations are granted to Aalto University and the universities of Helsinki , Tampere , Turku , Eastern Finland , Jyv+ñskyl+ñ , Oulu and Vaasa , and to polytechnics to be announced later .","Cablevision Systems Corp. CVC Their Madison Square Garden division owns and operates the New York Knickerbockers basketball team ; they also own the Madison Square Garden Arena , the New York Rangers hockey team , the New York Liberty women 's basketball team , and the Hartford Wolf Pack hockey team .",1,0.47130436
"Profitability ( EBIT % ) was 13.6 % , compared to 14.3 % in Q2 2009 .",The markets expect Heineken to sell Hartwall as a whole or in parts .,0,0.37839454
Reported operating margin was a negative 5.9 % .,"Pretax loss totalled EUR 49.9 mn , compared to a loss of EUR 15.4 mn in the corresponding period in 2008 .",1,0.6173639
"According to CEO Matti Perkonoja of the parent company HKScan , the company 's performance in the first quarter of 2010 has remained clearly below the level of the corresponding period in 2009 .","The reorganisation will be carried out by transferring HKScan Corporation 's production-related property , plant and equipment in Finland as well as its holdings in subsidiaries and associates to HKScan Finland Oy , a holding company wholly owned by HKScan Corporation .",0,0.33826205
"Retail chain Suomen L+ñhikauppa was given the index 5.8 , airline SAS 5.8 , TeliaSonera 's broadband 6.1 , German retail chain Lidl 6.1 , Tele Finland 's mobile subscriptions 6.1 , Tallink shipping line 6.3 , and power company Helsinki Energy 6.3 .",The subscription period of Amer Sports ' 2002 warrant scheme will end on 31 December 2007 .,1,0.45831168
"Operating loss totaled EUR 0.8 mn , compared to a profit of EUR 0.5 mn .",Each share is entitled to one vote .,0,0.36549005
"Metsaliitto , however , narrowed its net loss for the second quarter of 2007 to 5.0 mln euro $ 6.9 mln from 61 mln euro $ 83.7 mln a year ago .","In the first quarter of 2010 , the mark-to-market result was a pretax profit of EUR 133 million versus a loss of EUR 32 million in the same period last year .",1,0.7952335
"Exports of goods fell by 59 % , and imports by 16.7 % .",A few employees would remain at the Oulu plant in support functions for other group units .,0,0.27155086
"For example , net sales increased by 5.9 % from the first quarter , and EBITDA increased from a negative EUR 0.2 mn in the first quarter of 2009 .",It estimates the operating profit to further improve from the third quarter .,1,0.63249457
A huge issue for us is the button placement .,"Shares in Royal and Sun Alliance continued to slide back from a 12-month high of 172p last month , after a potential suitor ruled itself out of a takeover bid .",0,0.19562092
Nordea sees a return to positive growth for the Baltic countries in 2011 .,Our standardised services have met with a positive reception among our customers as well as at Itella .,1,0.55358934
"Together with Latvia , Cramo will operate 54 rental outlets in the Baltic States .",Revenue grew 12 percent to (  x20ac ) 3.6 billion ( US$ 4.5 billion ) .,0,0.3384094
"The major breweries increased their domestic beer sales by 4.5 per cent last year , to 256.88 million litres from 245.92 million litres in 2004 .",The company reports a loss for the period of EUR 0.4 mn compared to a loss of EUR 1.9 mn in the corresponding period in 2005 .,1,0.5817553
"Bids or offers include at least 1,000 shares and the value of the shares must correspond to at least EUR4 ,000 .",The company reports a loss for the period of EUR 0.4 mn compared to a loss of EUR 1.9 mn in the corresponding period in 2005 .,0,0.56648433
The Moscow Metro ( www.mosmetro.ru ) was the first metro system in Europe to implement smart cards together with a new type of magnetic card in 1998 .,"Mr. McDonald started the evening with his own set , featuring hits from his solo career and his Doobie Brothers years and a selection of R&B cover songs that met with mixed results .",1,0.26902467
"Equity ratio was 60.9 % compared to 54.2 % In the third quarter of 2007 , net sales of the Frozen Foods Business totaled EUR 11.0 , up by about 5 % from the third quarter of 2006 .",The plant will collect raw material from the Baltic Sea region .,0,0.28293777
"HELSINKI Thomson Financial - Shares closed little changed , with Cargotec and Huhtamaki dropping sharply on disappointing second-quarter reports .",Loss for the period totalled EUR 15.6 mn compared to a profit of EUR 6.3 mn in 2008 .,1,0.6139997
"RAPALA TOURNAMENT FISHING : With all the major titles already out for the holidays , bargain-priced games such as Rapala aim for a smaller audience .",Repeats sees 2008 operating profit down y-y ( Reporting by Helsinki Newsroom ) Keywords : TECNOMEN-RESULTS,0,0.6082631
"`` Adjustment to the fall in price level , in contrast , has been less effective .","Alma Media 's operating profit amounted to EUR 11.9 mn , down from EUR 15.0 mn a year earlier .",1,0.45443588
The agreement must be approved by the Russian competition authorities before it enters into force .,"For the last quarter of 2010 , Componenta 's net sales doubled to EUR131m from EUR76m for the same period a year earlier , while it moved to a zero pre-tax profit from a pre-tax loss of EUR7m .",0,0.12531506
The beers differ slightly from mainstream beers .,"The Annual Report contains the financial statements , the consolidated financial statements , the report by the Board of Directors and the auditor 's report .",1,0.14993638
Major Order in India Comptel Corporation has received a significant long-term order for mediation and provisioning solutions being used by a leading operator in India .,"The approximately 20,000 dwt vessel has been ordered from India .",0,0.47615182
Pharmaceuticals group Orion Corp reported a fall in its third-quarter earnings that were hit by larger expenditures on R&D and marketing .,"The company 's profit totaled Ls 578,100 in H1 2007 , down 30.9 % year-on-year .",1,0.7360438
"In the Baltic countries , sales fell by 40.2 % , and in Russia , by 23.2 % in terms of euros , and by 10.7 % in terms of local currency .","`` This is a significant milestone for Benefon , helping us to secure critical USP 's for our personal navigation product roadmap for 2007 and beyond , '' commented Simon Button , Chief Technology Officer at Benefon .",0,0.1756602
"The major breweries increased their domestic beer sales by 4.5 per cent last year , to 256.88 million litres from 245.92 million litres in 2004 .",Nokia was up 0.12 pct to 16.70 eur after kicking off the morning in negative territory .,1,0.61690885
Talvivaara Mining Company Plc Talvivaara Mining Company is an internationally significant base metals producer with its primary focus on nickel and zinc using a technology known as bioheapleaching to extract metals out of ore .,"Nokia shares hit 13.21 euros on Friday , down 50 percent from the start of the year in part because of the slow introduction of touch-screen models .",0,0.32979682
"The company , which has EUR2 .8 bn in assets , counts among its five largest shareholders Finnish insurers Ilmarinen 4.34 % and Varma 0.70 % , as well as the Finnish state pension fund VER 0.61 % .","ADPnews - Dec 23 , 2009 - Norwegian financial services group SpareBank 1 Gruppen AS OSL : SBGRP said its board of directors appointed today Jarle Haug managing director of its claims collection subsidiary SpareBank 1 Gruppen Finans",1,0.5918609
"Finnish Sampo Bank , of Danish Danske Bank group , reports profit before taxes of EUR 152.3 mn in 2010 , up from EUR 32.7 mn in 2009 .",Operating profit fell to EUR 15.1 mn from EUR 24.6 mn in 2006 .,0,0.778676
Risk exposure by Non-life Insurance  Moving 12-month  Expenses by function in Non-life Insurance excluding expenses for investment management and expenses for other services rendered Non-life Insurance investment portfolio by allocation,"The chilled meat products category led the meat , fish and poultry market in Finland , accounting for a share of 31.4 % .",1,0.26860702
Lieksaare Oy has earlier been regarded under the control of Saarelainen Oy and the individual shareholders under the shareholder agreement .,`` The trend in the sports and leisure markets was favorable in the first months of the year .,0,0.3007605
"The total number of voting rights is 74,612,523 .",Arena Partners Oy is a development company for electronic business .,1,0.31013846
The situation of coated magazine printing paper will continue to be weak .,Russia 's Video International Group holds a controlling stake in Russian Media Ventures .,0,0.163664
Sunrise Resources operates in Russian near-shore development markets through its wholly-owned Russian subsidiary and has 80 % of its personnel in Russia .,"Boomeranger Boats Oy specialises in boat building and designs , manufactures and sells customised Rigid Inflatable Boats RIB primarily for the Baltic Sea market .",1,0.40503025
"The acquisition was financed with $ 2.56 billion of debt arranged by Goldman , Sachs & Co. .","EUR928 ,000 in Q1 2010 6 May 2010 - Finnish textile and clothing design company Marimekko Oyj ( HEL : MMO1V ) said today its net profit rose to EUR928 ,000 in the first quarter of 2010 from EUR13 ,000 in the corresponding period a year earlier .",0,0.53579557
"Finnish financial software solutions developer BasWare Oyj said its net profit fell to 884,000 euro ( $ 1.2 mln ) for the first quarter of 2007 from 2.0 mln euro ( $ 2.7 mln ) a year earlier .",Operating profit fell to EUR 20.3 mn from EUR 74.2 mn in the second quarter of 2008 .,1,0.87728465
Fancy Dans on the move FAB Glasgow gift and interiors store Fancy Dans is moving !,"( ADP News ) - Nov 5 , 2008 - Finnish electronic measurement products and solutions maker Vaisala Oyj ( OMX : VAIAS ) said today that its net profit rose to EUR 18 million ( USD 23.1 m ) for the first nine months of 2008 from EUR 1",0,0.39482453
"Following the issue , the new shares will constitute 10 percent of the firm 's capital .","cents The profile contains business operations , the company history , major products and services , prospects , key competitors , structure and key employees , locations and subsidiaries .",1,0.4173561
Operating profit in the fourth quarter fell to EUR33m from EUR39m a year earlier .,"The acquired plant has an annual capacity of some 300,000 tonnes and most of its production is sold to domestic customers .",0,0.6299979
"Mr. McDonald started the evening with his own set , featuring hits from his solo career and his Doobie Brothers years and a selection of R&B cover songs that met with mixed results .",Rapala Fishing Frenzy 2009 .,1,0.306414
EBIT excluding non-recurring items was estimated to increase from 2009 .,Commission income fell to EUR 4.6 mn from EUR 5.1 mn in the corresponding period in 2007 .,0,0.6163353
The issuer is solely responsible for the content of this announcement .,"It also includes the installation of new equipment , training and start-up services , as well as service work of the shoe press delivered by Vaahto in 2001 .",1,0.22394109
About Dopplr Dopplr is a service for smart travellers .,These moderate but significant changes resulted in a significant 24-32 % reduction in the estimated CVD risk .,0,0.33302718
"PCS Digital Guatemala has been using Tecnomen 's prepaid system in Telgua fixed networks as well as code division multiple access , or CDMA , and global system for mobile communication , or GSM , since 2003 .","The new apartment block is going up very close to the city center , explained Chairman of the Board of AS YIT Ehitus Priit Sauk .",1,0.42680156
"Changes in the market situation and tougher price competition have substantially reduced demand for bread packaging manufactured at the Kauhava plant , according to the company .","Operating profit of Kauppalehti group rose to EUR 1.5 mn from EUR 1.3 mn , and that of Marketplaces to EUR 1.3 mn from EUR 1.0 mn in the third quarter of 2006 .",0,0.48893565
"Operating profits in the half were  0.8 m , down from  0.9 m as Glisten invested in the brand and the management team .","Agricultural newspaper Maaseudun Tulevaisuus had 318,000 readers , representing a decrease of 6 % .",1,0.59837747
Finnish Raute Precision that supplies weighing and dosing systems and plants is changing its name to Lahti Precision .,Operating profit in the fourth quarter fell to EUR33m from EUR39m a year earlier .,0,0.26531643
"Finnish IT solutions provider Affecto Oyj HEL : AFE1V said today its slipped to a net loss of EUR 115,000 USD 152,000 in the second quarter of 2010 from a profit of EUR 845,000 in the corresponding period a year earlier .","In July-September 2009 , Konecranes ' sales decreased to EUR 368.7 mn from EUR 520.4 mn in July-September 2008 .",1,0.7981051
"The EU Commission said earlier it had fined ThyssenKrupp , United Technologies Corp 's Otis , Schindler AG and Kone Oyj a total of 992.3 mln eur for alleged cartel activity in the lift market going back twelve years .","The copying , republication or redistribution of AFX News Content , inculding by framing or similar means , is expressly prohibited without the prior written consent of AFX News .",0,0.35557956
The phones are targeted at first time users in growth markets .,Ahlstrom 's share is quoted on the NASDAQ OMX Helsinki .,1,0.4080484
Finnish Bank of +àland reports its operating profit fell to EUR 4.9 mn in the third quarter of 2007 from EUR 5.6 mn in the third quarter of 2006 .,ASSA ABLOY Kaupthing Bank gave a ` neutral ' recommendation and a share price target of 174 crowns $ 24.7 - 19 euro on Swedish lock maker Assa Abloy AB .,0,0.6398577
Passenger-related revenue rose by 5.1 % to EUR 460.8 mn from EUR 438.5 mn in 2009 .,"Revenue grew by 2 percent to  x20ac 580 million $ 743 million , from  x20ac 569 million .",1,0.83565825
"Aldata Solution , a global company engaged in supplier to consumer business process optimization , has announced the details of its Dollars for Dinosaurs program .",Swedbank 's shares have been hardest hit of the Swedish banks by the ongoing international financial crisis .,0,0.31529152
"L&T is operative in Finland , Sweden , Latvia , Russia and Norway .",The idea of saving electricity in data transfer is still a new one .,1,0.2843277
`` Our customer has been satisfied with Basware Invoice Automation solution and extends the implementation to new geographies .,Pretax loss totalled EUR 162.3 mn compared to a profit of EUR 253.5 mn in 2007 .,0,0.20669605
"In Finland 's Hobby Hall 's sales decreased by 10 % , and international sales fell by 19 % .",The net sales of the whole fiscal year 2008 will be lower than in 2007 and operating profit is estimated to be negative .,1,0.79450125
"Published by Globes online , Israel business news - www.globes-online.com - on November 16 , 2009 -® Copyright of Globes Publisher Itonut 1983 Ltd. 2009","Both operating profit and turnover for the three-month period increased , respectively from EUR0 .9 m and EUR8 .3 m , as compared to the corresponding period in 2005 .",0,0.429883
"Raute reported a loss per share of EUR0 .86 for the first half of 2009 , against EPS of EUR0 .74 in the corresponding period of 2008 .","Coca-Cola was the market leader of manufacturers with a market share of 36.9 % , down 2.2 % from the corresponding period in 2004-2005 .",1,0.6582516
`` Serving customers locally is one of the cornerstones of customer focus for us .,Operating loss amounted to EUR 0.7 mn compared to a profit of EUR 0.8 mn in the second quarter of 2005 .,0,0.089925304
Orion Pharma 's operating profit increased by 42.5 % from 2004 .,Sports equipment sales also progressed well owing to the prolonged winter season .,1,0.41694784
The Group 's order portfolio decreased from EUR 42.9 mn in 9-2007 to EUR 33.3 mn in 2-2008 .,"The final price will be specified by 14 May 2010 , the acquiring company said .",0,0.40544483
"Finnish power supply solutions and systems provider Efore Oyj said its net loss widened to 3.2 mln euro $ 4.2 mln for the first quarter of fiscal 2006-2007 ending October 31 , 2007 from 900,000 euro $ 1.2 mln for the same period of fiscal 2005-06 .",Finnish retail software developer Aldata Solution Oyj reported a net loss of 11.7 mln euro $ 17.2 mln for 2007 versus a net profit of 2.5 mln euro $ 3.7 mln for 2006 .,1,0.8608182
"BasWare is headquartered in Espoo , Finland .","Operating profit for the three-month period increased from EUR1 .2 m , while revenue increased from EUR20 .2 m , as compared to the corresponding period in 2005 .",0,0.23540515
"At the same time profit of the company increased by 10 % in H1 and reached Ls 79,000 .","Consolidated net sales increased 16 % to reach EUR74 .8 m , while operating profit amounted to EUR0 .9 m compared to a loss of EUR0 .7 m in the prior year period .",1,0.83746636
"The report profiles 614 companies including many key and niche players worldwide such as Black & Decker Corporation , Fiskars Corporation , Fiskars Brands , Inc. , Husqvarna Outdoor Products Inc. , K+S Group , Ryobi Technologies , Inc. , The Scotts Miracle-Gro Company , and Van Group , Inc. .","It generated an operating loss of EUR 96.3 mn , down from a profit of EUR 43.9 mn .",0,0.30909964
"Neste oil 's board proposed 1.00 eur dividend for the full-year 2007 , compared with 0.90 eur a year ago .","In Q1 of 2010 , Bank of +àland 's net interest income increased from EUR 9.1 mn to EUR 9.7 mn .",1,0.75090766
"Huhtamaki 's rigid plastic consumer goods operations , which are mainly in Europe , will be separated into a new reporting segment as of 1 January 2009 .","Dealers said the share was largely hit by investor disappointment about a refining margin of just 9.48 usd per barrel for the quarter and the performance of its shipping unit , which saw EBIT drop to 5 mln eur from 20 mln eur a year amid a fall in volumes and tanker rates .",0,0.42175066
Commission income fell to EUR 4.6 mn from EUR 5.1 mn in the corresponding period in 2007 .,Pretax profit decreased by 37 % to EUR 193.1 mn from EUR 305.6 mn .,1,0.85589653
The total investment of the project will be approximately EUR 36m .,11 August 2010 - Finnish measuring equipment maker Vaisala Oyj HEL : VAIAS said today that its net loss widened to EUR4 .8 m in the first half of 2010 from EUR2 .3 m in the corresponding period a year earlier .,0,0.5665382
"During the strike , Finnair estimates to incur a net loss of between EUR2m and EUR2 .5 m per day .","Operating profit totalled EUR 30.2 mn , down from EUR 43.8 mn a year earlier .",1,0.7369039
"Revenue for the quarter totaled 27.4 billion , down 2 percent from 28.1 billion in the fourth quarter in 2008 .","Like all other mechanical pipettors from Biohit , also Proline Plus is CE-IVD marked and comes with a 3-year warranty .",0,0.4434638
"Finnish Talentum reports its operating profit increased to EUR 20.5 mn in 2005 from EUR 9.3 mn in 2004 , and net sales totaled EUR 103.3 mn , up from EUR 96.4 mn .",Revenue grew 1 percent to euro742 .2 million US$ 964 million from euro735 million .,1,0.77530265
"It is being developed by Symbian , the software licensing consortium led by Nokia .",Finnish technology company Raute Corporation ( OMX Helsinki : RUTAV ) issued on Tuesday ( 23 September ) a profit warning for the financial year 2008 .,0,0.48964015
"Finnish management software solutions provider Ixonos Oyj net profit decreased to 369,000 euro ( $ 575,000 ) for the first quarter of 2008 from 669,000 euro ( $ 1.0 mln ) for the same period of 2007 .","In the building and home improvement trade , net sales totalled EUR 1,173 mn , down from EUR 1,566 mn a year earlier .",1,0.7598653
"However , the company saw its net profit for the third quarter down to EUR1 .4 m from EUR1 .5 m for the corresponding period of 2009 .",Why not subscribe to the magazine ?,0,0.2405277
"Operating profit , excluding non-recurring items , totalled EUR 1.0 mn , down from EUR 1.6 mn .","Earlier today , Geberit 's Finnish rival Uponor OYJ cut its full-year sales growth forecast to 6 pct from 10 pct , blaming tough conditions in Germany and the US , as well as currency factors .",1,0.6074674
"New Delhi , July 17 -- Sahlberg Teppo , Kallio Timo and Mustonen Tuomas of M Real OYJ , Espoo , Finland have developed novel markings and methods of producing the same .","Operating result showed a loss of EUR 2.9 mn , while a year before , it showed a profit of EUR 0.6 mn .",0,0.31188887
"In sales volume , Coca-Cola 's market share has decreased by 2.2 % to 24.2 % .","Operating profit totalled EUR 1.22 mn , down from EUR 3.56 mn in the first quarter of 2008 .",1,0.76020044
"`` Method and System for Controlling a Hard Disk Drive Using a Multimediacard Physical Interface '' was invented by Marko Ahvenainen Ruutana , Finland .",Salonen added that data shows producers ' pulp inventories in North America are declining . ',0,0.35812128
Short-term licenses for the games cost as little as $ 3 while purchasing a game outright can cost as much as $ 10 or $ 15 .,"One can also apply for jobs directly from the iPad , select which CV to attach and which covering letter is most appropriate for each position .",1,0.37389866
"After the reporting period , BioTie North American licensing partner Somaxon Pharmaceuticals announced positive results with nalmefene in a pilot Phase 2 clinical trial for smoking cessation .","The mill will have capacity to produce 500,000 tonnes of pulp per year .",0,0.35833344
