text_a,text_b,gold,cosine
How do I get rid of anxiety and depression?,"How do I get rid of anxiety, loneliness and depression?",0,0.9622357
How do I go about creating a device and an app that streams live video over wifi to an iPhone?,Is there a child like trait always alive somewhere inside?,0,0.19236617
How can I begin a successful project?,How do I start a successful project?,1,0.97373885
How can we leave MNC jobs to work for more meaningful NGOs and yet earn similarly?,First copy of Adidas Nike in Banglore?,0,0.31943
"What is the difference between a momo, a dimsum, a bao, a dumpling and a wonton?","What is the difference between dimsums, momos, siumai, wontons and dumplings?",0,0.90546274
What is the minimum wage in singapore?,What is the minimum wage for IT sales in Singapore?,0,0.93271303
What happens to a question on Quora if it is marked as needing further improvement?,Why do all of my questions on Quora need improvement?,1,0.79626393
Which all micro controllers and programming languages do we have to expertise in order to get placed in embedded system or electronics domain?,What is the best order in which to learn all the popular programming languages?,0,0.5614275
How do I sign out of auora?,How do I log out on Quora?,1,0.80585766
Is Marketing-Hr a dual specialization good career option in PGDM course?,Is SSC a good career option?,0,0.8034398
What is a suitable inpatient drug and alcohol rehab center in Pottawattamie County IA?,What is a suitable inpatient drug and alcohol rehab center in Keokuk County IA?,0,0.97074187
Is agnosticism affiliated with atheism since neither are theistic?,How is atheism different from agnosticism?,0,0.89586854
How do I get the domain I paid for?,How does one over come depression which is taking over there life at 25?,0,0.26594618
Why do European cars have only one reverse light in their rear where as Asian cars have two?,Why do costly cars have only two seats?,0,0.7576235
Is data about a nation's economy still valuable for investors to evaluate a stock market and companies?,Is data about a nation's economy still valuable for investors to evaluate a market and companies?,1,0.9719634
What is the best civilization in Age of Empires III asian dynasties?,What is the best civilization in Age of Empires III?,0,0.9043617
How do I get motivated to do something?,What should I do to stay motivated and happy?,1,0.721613
Is there a need to worry if hair growth stops suddenly for a long time?,Which is the best MBA coaching institute in Vizag?,0,0.3406129
Does aeronautical engineering have scope?,What is the scope in aeronautical engineering?,0,0.955413
What is the best way to study 5 to 7 hours a day?,How can I study 10+ hours a day?,0,0.50410664
How can I get 1 million users on my app?,How can I get 1 million users to sign up to my app?,1,0.97510076
How do I make dreams come true successfully?,How can I make my dreams come true?,0,0.9268562
Does green tea really reduces weight?,Does green tea really help in losing weight?,1,0.91343045
"Who would win, Brock Lesnar vs Ryback?",Who would win a fight between Brock Lesnar and Ryback?,1,0.91958106
Can Rahul Gandhi change the current plight of the congress?,"Massive response for Rahul Gandhi in UP khat yathra,will it change the current political scenario, how ?",0,0.77831054
"I'm a 3rd year guy in NITK and in circuit dept, my CGPA at the end of 4th sem is 5.4.. How can I increase my pointers? . Can I sit for Placements with the present pointer? . What can I do further?",What does a 5-pointer do in NITK or after NITK?,0,0.5498442
How can I hack answers in an online exam?,How do I write answers in law exam?,0,0.6624847
How do you make a webcam work?,How do you make your webcam work?,1,0.9921156
Why are Indians so obsessed towards IITs and IIMs?,Why are indians obsessed with IIT's and IIM's?,1,0.96676785
Teenagers and Teenage Years: What does it feel like to be in 12th grade?,What is the worst feeling ever in a teenager's life?,0,0.3839904
Should I pursue a master degree in gender studies?,Is Germany a good place to pursue masters degree in management studies?,0,0.69336003
What does it mean when a girl tells you she doesn't know what to say after you tell her you like her?,"Flirting: If a girl doesn't mind that you are checking her out, does it mean she likes you?",0,0.7770811
Why USA was top in olympics?,What's it like to work at Wabash National for your first job?,0,0.50273997
How do I get fever overnight?,What really hapens when we get fever?,0,0.80257845
How do create a website?,How can I start creating or developing a website?,1,0.9132147
"Why is Diwali celebrated in the White House, but Eid is not?","Why is Eid not celebrated in the White House, whereas other festivals are?",1,0.92046386
What are the pros and cons of buying a used car from a rental agency directly? (example: buying an Accord from Hertz Used Car Sales),Is buying used cars from Avis or Hertz a good idea?,1,0.87430716
How strong was Samson in the bible?,Does the Bible motivate ignorance?,0,0.6342341
Where is the strangest place you've ever masturbated?,Where is the weirdest place you've had sex?,0,0.90176713
How do France's economic activities compare and contrast to those of Colombia?,How do France's economic activities compare and contrast to those of Italy?,0,0.8553921
"""What is an example of the word """"quizzical"""" in a sentence?""","""What is an example of the word """"distraught"""" in a sentence?""",0,0.8020909
Is phosphoester bond covalent bond?,What is a chemical bond? Ionic bond? Covalent bond? Simple explanation.,0,0.728767
What is the best keyboard layout for the fastest typing speed?,What language allows the fastest typing speed?,0,0.88716376
What's the best way to stop procrastination?,I am in my late 20s and feel I have wasted a lot of time. Is it too late for me to achieve something worthwhile?,0,0.3245343
"If you ask someone to kill you, is it suicide?","If I ask someone to kill me, is it a suicide?",1,0.98189616
How many days late from your period should pass before you should start to worry?,Should I be worried if my period is 2 days late?,0,0.8302362
What is the temperment of a Razors Edge pitbull compared to other pitbulls?,How is a Boxer/Pitbull mix bred?,0,0.6180531
What are the best resources to learn digital signal processing for machine learning?,What are the best resources to learn about digital signal processing?,1,0.93231314
What are the best and innovative news websites?,What are the best website or apps to read news?,0,0.86562026
How do I jailbreak iOS 9.3.4?,How do I jailbreak iOS 9.2.1?,0,0.9590662
What's your life like as a freelancer?,How do you enjoy life as a freelancer?,1,0.8775488
"What is the difference between webservice call, API calls and asynchronous calls like AJAX in web development. How and when to use them?",What is the daily API call limit on Last.fm,0,0.33409375
What are the best new Car technology that most people don't know about?,What are the best new car products or inventions that most people don't know about?,0,0.9779395
What do you think of the new iPhone7 Airpods?,What do you think of Apple's airpods?,1,0.5891216
What a ghost can do?,What is ghost followers?,0,0.864185
Is it possible to get out of the friend zone?,How do I get out of the friend zone with a girl?,1,0.77798605
How much does an average fine dining restaurant make in NYC?,"On average, how much does a restaurant make?",0,0.7702054
What are some examples of SaaS companies at $10k MRR?,Which SaaS companies with traction are bootstrapped?,0,0.41673645
What is a two stage gearbox?,How can I design a two speed manual gearbox?,0,0.7915676
How did you learn data mining?,How do I learn data mining algorithms?,0,0.9198631
"What was life like in Rome after the fall of the Western empire in 476, during the Ostrogothic occupation, when the Byzantines reclaimed the city in the mid sixth century, and when the Franks settled in after that?",What was the first European city after the fall of the Roman Empire to have a population of one million?,0,0.50567544
What are some good use cases for Spring Integration?,Why we should use Spring?,0,0.7650648
How much money can I withdraw through self cheque?,How much money can I withdraw through cheque?,0,0.9760877
How did you get involved in your first extramarital experience?,How was your first extramarital experience?,1,0.95183575
What type of guys do girls like?,What type of girls do guys like?,0,0.99279946
"What are the best restaurants to try when visiting Assyût, Egypt? What should you try while you're there?","What are the best restaurants to try when visiting Alexandria, Egypt? What should you try while you're there?",0,0.98366255
What is the best university in Germany for an MS?,Which are the best universities in Germany for getting a degree in mechanical engineering?,0,0.83424866
Can you see who viewed your Instagram?,Can people see if you have viewed their instagram?,1,0.96862864
How often does Google Maps update their satellite photos?,Does the Google Map in satellite mode ever get updated?,0,0.89893615
How do I track my wife's cellphone GPS without loading an app on it?,Why do I need to turn on GPS for tracking steps in an iPhone 6 with every app? Does this means it is also tracking my route?,0,0.6793765
How do I promote my book?,What can be done to promote a free book?,0,0.72973955
Can I sell my hololens app other than microsoft official store?,Some Google performance review questions?,0,0.6076736
How much one can earn from YouTube?,How much money do you earn by posting a video on YouTube?,1,0.8902198
How do you check a Sears order status?,What is it like working as a cashier at Sears?,0,0.7162682
Which is the best institute in Chennai for Oracle DBA training?,Which is the best institute which offers oracle DBA training in Chennai?,1,0.9932519
Is there any possibility of nuclear war with Pakistan as projected by media if India air strike the terrorist camps in pok?,What are some tips on making it through the job interview process at Medicines?,0,0.34072828
"What are Aam Aadmi party's chances in the Goa assembly elections, 2017?",How many seats will AAP be able to secure if it contests the upcoming elections in Goa?,0,0.68993104
I have been allotted into Contact center project using VoiceXml.what is the scope of this technology?,"Employee details not updated in form-11 by Employer, because of this i am not able to transfer my PF to current company?",0,0.2811531
Why is bedwetting (enuresis) associated with psychopathy?,"Which options, other than bedwetting alarms, exist to treat bedwetting (enuresis), in a healthy 6 year old?",0,0.55854094
How do I find a job in Dubai from India?,How do I get a job in Dubai from India?,1,0.9961278
What is the Difference between microbes and bacteria?,What is the difference between a microorganism and a microbe?,0,0.8753407
What type of girlfriend/boyfriend you are?,What are types of girlfriends or boyfriends?,0,0.90575767
What are the advantages and disadvantages of banning 500 and 1000 notes in India?,What are the pros and cons of banning and replacing ₹500 and ₹1000 notes in India?,1,0.9349637
How can I improve my public speaking skills?,How do you improve speaking skills in public?,1,0.89876246
How can I increase height after the age of 25?,Is there any proven method to increase 13 year old girl's height after hitting puberty?,1,0.6403489
What is the total number of hospitals in India? And how many out of them are private or government? (Kindly specify the source if any),"How many hospitals do we have in India, including all the clinics & nursing homes both private & government?",0,0.8430965
Does the JEE Main reply to the email sent by a candidate?,What are your JEE Main 2016 marks and rank?,0,0.49946523
What is the best iphone keyboard?,What is the best iPhone?,0,0.9427947
How do I decrease poor eye sight?,How do I get better eye sight?,1,0.78182244
Where should I purchase my wholesale clothing items from?,Where can I purchase wholesale clothing?,1,0.9590229
When will India be developed nation?,When will India be identified as a developed nation?,1,0.9731543
Can someone tell if you've saved a chat on snapchat?,Is there any way to save Telegram chats?,0,0.67598844
How can I sell my last 786 digits in currency note?,Which is the most secured currency note?,0,0.6037155
How much is one million and one billion in lakhs and crores?,"If one could prove that God exists, how much would it be worth in dollars: one hundred thousand, one million, or one billion? Is it worth more?",0,0.74519604
What is the stock market?,What is sensex all about and how to understand the stock market?,1,0.8975105
Why did my husband leave me for a unattractive woman?,What can I do to get over my husband leaving me for another woman?,0,0.8121859
What is unusual or different about the food and cuisine in Slovenia?,What is unusual or different about the food and cuisine in China?,0,0.7502574
Do you know why Putin was happy at G20 in Hangzhou?  Please watch below.,Why did China not lay out a red carpet for President Obama when he arrived at the G20?,0,0.52180785
What qualifications are required to work in FOX Traveller?,What qualification should be there for Fox Traveller?,1,0.88436514
Is it a reality that robots will take over jobs?,Are robots taking over all of our jobs?,1,0.85574365
How can I prepare for English on the CAT?,Will my English become better during preparation of CAT?,0,0.8580587
What is philosophy in education?,What is preschool education philosophy?,0,0.73289704
What universities does Catalent recruit new grads from? What majors are they looking for?,What universities does Team recruit new grads from? What majors are they looking for?,0,0.9699291
What is the shape of market demand curve? It is not linear.. Bt then also we call it a linear why?,"18 in a couple of months, I am soon eligible to get money from AdSense, but I made a account under a fake age, what should I do?",0,0.4137623
Are there any language schools in Chengdu or in the Sichuan province looking for an English and German teacher?,I want to watch movies in German with subtitles in English. Where can I find them?,0,0.6694865
Have Huawei Mate 9 Porsche design launched on the market? How/where can I reserve it?,For what does Huawei Mate 9 need four microphones?,0,0.5198214
What are some of the traffic rules in India that people don't follow/know about?,Why does people in Noida (INDIA) not adhere to the traffic rules?,0,0.88615644
What are the best places to visit near Bangalore in one day?,What are some good places to visit near Bengaluru for a one/two day trip?,1,0.844906
How many days late from your period should pass before you should start to worry?,How long should you wait before seeing a doctor if your period is late?,0,0.7945365
Can you guess what PM Modi's Next Step will be after this potentially game changing demonetisation move?,What would be next strike from PM Modi after Demonetisation?,1,0.79938066
Why isn't the U.S. accepting refugees and helping out with the migrant crisis in Europe?,Why is Alaska a part of the USA and not Canada?,0,0.50444984
How do I count lone pair electrons in a molecule?,Why does lone pair tend to go to a position having more s-character in a compound?,0,0.4206072
What kind of economy does the United States have compared to the one in Argentina?,What kind of economy does the United States have compared to the economies of other countries?,0,0.8353801
What should one do when you just can't stop crying and feeling lonely?,Why do people feel lonely?,0,0.81806433
Where can I find a program to convert an image to a mathematical formula that can be used to render that image?,Is is possible to convert an image to a mathematical formula?,0,0.8982483
"Is the skanda avatar is before or after krishna avatar? In 10th chapter of Gita, lord says about he is skanda among soldiers.?",What will be the result of the WC '14 if Neymar wasn't injured?,0,0.3955573
What is the English translation of these lines from the Telugu song “Choosa Choosa” from the movie “Dhruva”?,"Are engineers not eligible to do i-Ph.D in physics at institutes like IISER(s),IISc?",0,0.314394
What is the point of living when were all going to die?,What is the point of living if we are going to die and not remember anything?,1,0.90604126
Does the Milky Way Galaxy have an orbit? What about our universe?,Does the Milky Way revolve around anything?,1,0.7424403
I want to have six pack abs in 3 months. How much work do I need to do and what do I need to eat/drink?,Six pack abs schedule : How do I make a daily schedule at gym to make 6 pack abs in 3 months? What exercise I should do daily?,0,0.7964778
Where do you put your penis in a vagina?,What does it feel like to have your penis inside a vagina?,0,0.9583495
Why is would a verb?,What is a being verb?,0,0.914714
When can I use will in a sentence?,"""When should I use """"the"""" in a sentence?""",0,0.83974004
What is SAS Online?,What is SAS?,0,0.68333685
Can anybody solve this electronics problem?,What’s the exact revised age criteria for applying to UPSC for different categories?,0,0.41628337
Why do people hate the live action Transformers movies?,Why do people hate the transformers movies?,0,0.97172886
Is there a French scholar called Bamprelle de la Rochefoucauld?,"""What do they call """"French Toast"""" in France?""",0,0.7471329
Why there is a war between israel and palestine and who is palestine and why they fight with them?,What is the history of the Israeli-Palestinian conflict?,0,0.7982633
My mom won't let me get a pixie cut. How do I convince her?,How do I convince my parent to let me get a pixie cut?,1,0.7578962
How do I get my tweet answered by ICICI bank?,How do I get my tweets answered by ICICI bank?,1,0.9950311
How is it to live in China? Is there a freedom of speech?,How is Freedom of Speech protected in China?,1,0.94892925
What are the International Phonetic Alphabet symbols?,What is the International Phonetic Alphabet?,0,0.9814215
"If you were born deaf, what language would you think in?","If a person is born deaf, which language do they think in?",1,0.9563334
How do I judge that a person has extra marital affair?,How many of you had extra marital affairs and are now married to the person?,0,0.75058
"Do you think that Iran will have a nuclear missile in ten years? Which candidate, Clinton or Trump, would be most likely to prevent this?","Will Iran will have a nuclear missile in ten years? Which Clinton or Trump, would be likely to prevent this?",1,0.985703
How will a Trump presidency affect the rest of the world?,How will Trump's presidency affect the world?,1,0.97545874
Which are the best fresh food blogs?,What are the best food blogs (2010–11)?,0,0.8093444
How does it feel having a life without mother?  ,How does it feel to have wasted your life?,0,0.66047704
Why do so many people ask questions on Quora that can be found in a Google search?,Why do people ask basic questions instead of searching them?,1,0.39229935
Online wholesale grocery store in vizag?,Difference equation applied to forex data?,0,0.28215265
What do Growth hackers do?,How can I become a growth hacker?,0,0.91287255
How do chemical students get internships at Shell or Schlumberger India?,How do mechanical students get internships at Shell or Schlumberger India?,0,0.9166709
How can two people stream to one twitch channel from afar?,Could one stream one's Quora activity on justin.tv or twitch.tv?,0,0.6107205
Why do people eat cat meat?,Why do people eat cat?,1,0.9459256
If trump won what would happen to global markets?,What will happen to global stock market if Donald Trump wins the Presidential election?,1,0.8388372
what is the smartest thing child has ever had?,What is the smartest thing you've seen a child do?,0,0.96357816
How many police officers were fired in the USA in 2016?,Why are police officers so fat?,0,0.40803576
"If X√(1+y) +y√(1+x) = 0, then how can one show that dy/dx=-1/ (〖(1+x) 〗^2)? What is the proof?",How do I block the Amazing facts about X questions?,0,0.67946595
Are/were mermaids/mermen real?,Are maremaids real?,1,0.5199891
What's the best vegan diet plan for an Indian girl at the gym?,What is the best Indian diet for getting ripped?,0,0.609094
What is the best way to learn spoken English with fluency?,How do I learn spoken English?,0,0.87662613
What is you best childhood memory?,What is the best childhood memory one can have?,0,0.9007204
Which are the best movies ever?,What are the 5 best movies of all time?,1,0.7662444
In what way education changes an attitude of a person?,"What is an education? In simple, and complex form, what does it mean to be a highly educated person?",0,0.6028105
What color should I paint my nails?,What color should I paint my sleeping brothers nails?,0,0.72022736
What are ways I can make money online?,What's the easiest way to make money online?,1,0.80774546
How do you find monatomic ion charges?,What is a monatomic ion?,0,0.89617205
How do you get out of boredom?,How can I escape boredom?,1,0.921426
"Who loved Lyanna more, Rhaegar or Robert?",Did Lyanna love Robert?,0,0.8301736
Why can't you add your credit card to Apple Pay from within mobile banking apps?,Is there a way to pay a credit card bill from a bank account using Stripe / Paypal or any other service?,0,0.61215097
Relativity and QM what's the best explanation of there relationship in physics?,"My girlfriend and I both have bronchitis, her dr prescribed her promethazine with codeine, mine gave me an inhaler. Why the different treatments?",0,0.30852085
What is the salary of a senior analyst in BA Continuum in India?,What is the salary range for a SEO analyst in india?,0,0.8436465
What do you think of Humber College's Writing and Producing program?,How would you rate Humber College in Ontario in terms of job prospects?,0,0.5529921
What are the safety precautions on handling shotguns proposed by the NRA in the entire U.S. including it’s territories and possessions? 2,What are the safety precautions on handling shotguns proposed by the NRA in California?,1,0.79952437
How should I make a good film?,How do I make an indie film?,1,0.7435535
Why does Quora always ask me to improve my questions?,Whom should I ask on Quora to improve my question?,0,0.803373
Can anyone have one salary account working in two companies?,Can I have one salary account by working in two software companies?,0,0.8247471
What is the most interesting or useful app for learning language?,What is the most interesting or useful app of language learning?,1,0.97886956
How do you delete a question?,How do I delete a question on Quora application?,0,0.8974638
What is the 5th roots of unity and how are they used?,What is the practical usefulness of learning the Nth root of a number?,0,0.55869293
Which two political parties do you want to see in government and main opposition in India in 2019?,"""Politics: Why did John Adams say """"There is nothing which I dread so much as a division of the republic into two great parties, each arranged under its leader, and concerting measures in opposition to each other""""? And do you think he was right?""",0,0.45629925
Should I be afraid of my parents?,Can my parents be afraid of me doing better than them?,0,0.87198055
What is it like to study computer science at UIUC?,What are the best computer science courses at UIUC?,0,0.7472698
Is there a comparable alternative to Craigslist's casual encounters section?,"Which one is good: oral, anal, or vaginal sex?",0,0.4655535
Can a person with one year of experience in a housekeeping department apply for a post on a cruise?,"How do you convince a hr manager on a cruiseship, in your job letter, to hire you for a position for which you have no qualifications or experience?",0,0.6932199
Are Maa Kali and Maa Chamunda the same goddess?,How was your Maa Vaishno Devi Darshan experience?,0,0.6530237
Why are women complicated?,Why are women so complicated?,1,0.9934714
What is Parse?,What is special about Parse?,0,0.81402683
"What's the next number in this sequence: 10, 9, 60, 90, 70, 66?","What is the next number in sequence 1,101,154,29,-93,-190,?",0,0.76223224
What color does mixing green and blue make?,How can I make the color aqua using other colors?,0,0.70194554
What's the interview process like for the data analyst position at Stripe?,What is the account support interview process like at Stripe?,0,0.8886198
Is there a way to convert some white hair in a beard into black?,How do I treat a particular patch of hair in my chin going white? First off all there was no beard now it is having little white hair outgrowth?,0,0.5275285
"What are some things that go together in pairs (pen and page, rubber and road)?","""What are some five letter words with """"a"""" as the third letter?""",0,0.27460152
Which is the best book to learn about indian stock market and trading in indian stock market?,Which is the best book for understanding Indian stock market?,1,0.96253496
Where can I watch Detective Conan episode?,Has anyone watched Detective Conan Movie 20:The Darkest Nightmare yet?,0,0.5853226
What are some foods that begin with the letter U?,What is a list of all the foods beginning with the letter P?,0,0.72909063
What is to be made of the allegations that Donald Trump raped a 13 year old girl?,Is it true that Donald Trump raped a 13 year old and threatened to hurt her family if she talked?,1,0.91975355
Why do men rape other men?,What is the meaning of Civilization Jihad-stealth jihad and how to identify and isolate them?,0,0.46683666
Does Christianity condone lying if it is in the service of Christianity?,What are atheists’ opinions on the Islamic God?,0,0.65320337
Which is the best business below 10 lakhs?,I want to start a new business in India (approx capital 8-10 Lakhs). Are there any ideas?,0,0.56908333
Why in India do we not have one on one political debate as in USA?,Why can't India also have a Presidential debate like in the US?,1,0.8161531
What are some good projects where a novice can make open source contribution?,Which open source projects are simple enough for beginners to start working on?,1,0.83488923
"I sprayed my oven with a non-caustic oven cleaner and forgot to clean it and, now, my apartment smells. What are the dangers, if any?",If I stand 3 feet in front of my microwave oven and watch my food cook will I be in any danger?,0,0.6259594
How do I root my Samsung Galaxy S5?,How can I root my Samsung galaxy s5 at&t?,0,0.9432131
What is a psychology?,What is psychology?,1,0.9856713
Has anyone got the free reliance jio 4g sim which reliance is giving to any 4g handset user?,Why didn't Krishna ask Barbarik not to use the three arrows?,0,0.29776615
Does sexual orientation develop based on mutliple exposures and experiences of sexual life?,Does a person's sexual orientation develop naturally or is it acquired or affected by outside factors?,1,0.85086155
What were some of the rarely mentioned factors leading to the rise of Putin?,What were some of the rarely mentioned factors leading to the rise of Trump?,0,0.7823477
What do servicemen in the Navy wish that all civilians knew?,What do you know now that you wish you had known then?,0,0.431144
How should we make money on patym?,How do I make money on tsū?,0,0.85042906
Do any content differences exist between these editions of 'The Theory of Photons and Electrons' by J. M. Jauch and F. Rohrlich?,Are there any content differences between these editions of 'The Theory of Photons and Electrons' by J. M. Jauch and F. Rohrlich?,1,0.997458
Which universities are best in U.S for Data Science?,What are good universities for M.S. in Data Science?,1,0.86550957
How do I apply for Facebook Audience Network on a website?,"Hello James, may I have your email id as I wish to discuss something important with you?",0,0.6316957
What are the positives and negatives of restorative justice?,Is Vengence and Justice opposite?,0,0.6602699
Is Hillary Clinton's enabling of voter fraud and inciting of violence at Trump rallies by DNC affiliated groups affecting independents?,What is your opinion on the O'Keefe video exposing the DNC inciting violence against Trump supporters?,1,0.83107567
Want to know about dot.net. its concepts? Is it good language? Its scope? Its job opportunities?,"Which Scandinavian country is the best to study in regarding food, living and transport expenses, school quality and overall experience?",0,0.6043767
What would a world be like with more than 2 logic state?,What would an increase in product price cause?,0,0.4071811
How will the ban on Rs 500 and 1000 notes impact the Indian economy?,What will be the impact of banning Rs. 500 and Rs. 1000 on the Indian economy?,1,0.94254863
What are good gifts for a foreign visitor to bring when they're invited to someone's home in Turkey for the first time?,What are good gifts for a foreign visitor to bring when they're invited to someone's home in Poland for the first time?,0,0.7657598
How does it feel to have an IITian as a girlfriend?,How does it feel to have an IITian/BITSian for a boyfriend?,0,0.7613946
How do you delete Snapchat messages before the person reads them?,Does deleting a conversation on Snapchat delete the Snapchat contact?,0,0.870199
How do you get deleted Instagram chats?,How can I get back my instagram deleted dms?,1,0.90277493
What song do you have stuck in your head right now?,"""How do I get the song """"Macarena"""" out of my head?""",0,0.69049424
What about c language?,"If a laptop becomes too cold, how will that affect its ability to startup?",0,0.23639163
Why do Indian doctors try to get an mrcp or any other UK degree if they want to settle here in India?,If India is so good why do Indians leave India?,0,0.6063553
Is the spin of an electron the cause of magnetism on a macroscale?,How is magnetic field created by the electric field of the electron when the electron spins?,0,0.9237268
"After 4 dates, he texts sporadically, has no urgency to see me + keeps changing his online profile pic/info. Is it safe to say he's not that into me?","After 4 dates, my guy doesn't seem that into me. He texts a bit, changes his dating profile pic, and has no urgency to see me. Moves slow. Not for me?",1,0.905492
Why don't I see porn in my Google Image searches anymore with Safe Search turned off?,"""Why does my name still appear in search results, even after enabling the """"Search Engine Privacy"""" setting?""",0,0.6121387
What is the word equation for cell respiration?,How is the chemical equation for cell respiration determined?,0,0.883832
"""I was applying for passport (India) and came across """"educational qualification."""" Should I give it as """"10th pass and above"""" OR """"graduate and above""""?""",I made a mistake in passport filing. I am a final year student of engineering. I selected educational qualifications as graduate and above. I selected no for non-ECR. Can I correct my passport at Seva Kendra?,0,0.6600418
What is the difference between while do and do while C#?,What’s the difference between for and while in C++?,0,0.80241424
What do you do if your dog is vomiting yellow bile and not eating?,Why is my dog throwing up and not eating?,1,0.80214775
What software turns speech into contextual images?,What applications need 3 GB RAM in mobile Android phone.What appliactions I can use freely with 2 GB RAM?,0,0.2663901
How do prepare the prelims exam of IBPS PO?,How can I prepare for ibps po exam?,1,0.9133903
What sanctions has the US imposed on Russia in response to the alleged hacking of the Presidential election?,How much shared hosting can handle simultaneous visitors?,0,0.10770957
Where is telephone country code 67?,Where is country code 371 from?,0,0.6523018
What are the similarities and differences between a model and a prototype?,What is the difference between prototype and model?,0,0.84751827
What are the best online sites to learn computer programming?,What are the best online programming courses for advanced and intermediate programming?,1,0.88340575
What is the difference between a Korean version of Samsung's mobile device and an international/US version?,What is Samsungs version of Android based on?,0,0.8011532
How much does a sheet of paper weigh?,How much does 8 sheets of paper weigh?,1,0.71142495
What course should I do after my b.com to settle in 2 years?,"I have messed up my B.Tech (Chemical Engineering, IIT Delhi). After 2 years my CGPA is 5.5. I don't know what to do. What should I do now?",0,0.6565292
Can we time travel anyhow?,Is it possible to time travel to past?,1,0.91388565
Can a commerce student pursue his career in NAVY?,Can a Commerce student pursue his career in IT?,0,0.76162827
How do you set up voicemail on an iPhone?,How can I active voicemail alerts on my iPhone?,1,0.94599766
Why do objects burn while entering from outer space to Earth's atmosphere?,Why do objects in space entering the Earth’s atmosphere catch fire?,1,0.9641478
What are the best ways to attract investors to your business or idea?,How can I invite investors to invest money for my idea?,1,0.7606319
What is the average salary for a top economics PhD right out of school?,What is the easiest school to get into for a PhD in economics?,0,0.80435896
How many inches is 5 feet?,I am 5 feet 4 inches at the age of 14. How tall will I grow?,0,0.6799543
Why do some hackers use Mac over Linux?,Why do most of the developers in Silicon Valley prefer OS X over Linux or Windows?,0,0.76062536
How was the standard of living in Cuba before Fidel Castro's assumption of power compared with other countries in Latin America?,How rich is Fidel Castro?,0,0.6023649
How do I post a question in quora?,How do I post here?,1,0.8901191
Would a fennec fox make a good pet?,Does a fox make a good pet?,1,0.96217775
Does audacity have the same recording quality as protools?,Can I plug a Vox Amp in my laptop to record bass lines with the Audacity software?,0,0.24683869
Which is better: the Hyundai Creta or the Maruti Suzuki S Cross?,I am from Mumbai and I am planning to buy a cab and run under Uber. Is it profitable? Which car should I purchase?,0,0.55612206
What are the top podcasts that developers can listen to?,What are some good podcasts I should listen to?,0,0.7992244
Is Quora an Island for left wing politics on the internet?,Is the politics of Quora inclined towards the left wing?,1,0.6820681
How do I improve chess playing?,How can I improve at playing chess?,1,0.97161657
How much money is needed to run and maintain a professional gym (Like 24 hour fitness)?,How does LA Fitness compare to 24 Hour Fitness?,0,0.7161306
"I want to be an actor in TV serials. How can I get a chance to act in TV serials like Pavitra Rishta, Colors TV serials, Taarak Mehta Ka Ooltah Chashmah, etc.? What should I do to select one? How can I proceed?",Who is most popular Indian TV actor?,0,0.50381213
How do I get MS office free for windows 10?,"If God and a human possess copies of the same DVD, only the latter's being in cellophane, does God get jealous?",0,0.36177754
How do I make a girl fall in love with boys easily?,How can a boy make a girl fall in love with him?,0,0.8870903
How do I find my lost phone using imei number without going to police?,How can I find my lost device with imei number?,1,0.84883714
How is it like to live in USA?,What is it like to live in the U.S?,1,0.864289
How do you apply to a German university from India?,How do I apply to a German public university for ug programme?,1,0.8643453
Would I need a license to carry a stun gun in India?,Is it legal to carry a stun gun anywhere in India?,0,0.8970959
How do I self rehab from masturbation and porn addiction?,What is the most effective way to break a porn addiction?,1,0.7454612
I am a technical consultant in Microsoft Dynamics AX with 2 years of experience. Now how can I change myself as a techno-functional in Microsoft Dynamics AX? Can someone please guide me on this?,I want to learn Microsoft dynamics ax. What are some web links which give a nice explanation or video links?,0,0.60749257
How do I earn instant money?,What is the easiest way to earn money?,1,0.66318667
Which country has more rape cases India or Pakistan?,What is the opinion of the world about India and Pakistan? Which country do they think is more responsible for humanity?,0,0.69457996
Is time travel possible after the discovery of gravitational waves?,It is possible to travel by time?,1,0.67259336
How much does each miner in Gold Rush: Alaska make per season? How much would that be per episode?,How much does Lizard Lick make per episode?,0,0.43149865
How do I avoid alcohol smell?,How do I avoid alcohol?,0,0.94267774
"As an intern, how do you go about asking for more work?",How do interns feel about doing unpaid work?,0,0.7712064
"What were the major effects of the cambodia earthquake, and how do these effects compare to the Kamchatca earthquakes in 1952?","What were the major effects of the cambodia earthquake, and how do these effects compare to the Valparaiso earthquake in 1822?",1,0.85919785
How could Quora Blogs be improved?,How could Quora Blog Posts be improved?,1,0.9628658
Should Gary Johnson be allowed in the Presidential debates?,Will Gary Johnson be included in the 2016 presidential debates?,1,0.83013046
"For a women in the Olympic Games, if her scheduled match is on the same day of her Periods, then what she/they do?",A senior researcher on my wife's thesis committee just scooped her by doing the same experiment she is. What form of redress does she have?,0,0.5953691
What is the best way to prepare for the theoretical part of the CA Final Exam?,What is the best way to prepare for CA final ISCA?,1,0.79592556
How do I reduce face fat?,"How one can reduce the face fat, i.e. the fat on cheek muscles?",1,0.88998294
How do I delete my old Instagram which I don't know my password to?,How do you delete an instagram account when you don't remember the password or username?,1,0.90125346
What is the Andhra Bank user ID?,Will Andhra bank charge for using internet banking?,0,0.7561459
Why did Putin intervene in Syria?,Why did Russia intervene in Syria?,1,0.9044883
What turns people off about Quora?,What is something you hate about Quora?,1,0.8214688
Daniel Ek: Why spotify is not available in India for free?,Daniel Ek: Why hasn't Spotify come to India yet? When is it launching in India?,1,0.71781397
What will be the effect of banning 500 and 1000 Rs notes on real estate sector in India? Can we expect sharp fall in prices in short/long term?,What will the real estate look like now after the 500 and 1000 scraping?,1,0.6430216
Why do people ask questions on Quora that are easily answerable via a quick internet search?,Why do so many people ask google-able questions on Quora?,1,0.7388555
What universities does UCT Industrial Manufacturing recruit new grads from? What majors are they looking for?,What is business correspondence? What are some examples?,0,0.49445274
Could helium 3 be used for rocket fuel?,Why was alcohol-water mixture used as rocket fuel?,0,0.80366576
How good is RVCE-FHWS Programme?,Is PESIT a better college than RVCE ?,0,0.66574585
What are the career options available for an electrical engineering graduate?,What are career options after graduating in electrical engineering particularly in the circuit design area?,1,0.9052931
How do I break down a problem and solve it with the use of Java programming?,How would you go about marketing an upcoming poetry book?,0,0.38332775
How secure is BHIM app in digital payments?,What is your review of BHIM App? How is it going to change India?,0,0.5939833
What are some good gift ideas for my parents from my first salary?,What can I gift my girlfriend with my first salary?,0,0.8557776
How good is International Journal of Engineering Research and Development which has an impact factor of 1.79?,Is impact factor of 3.6 can be considered good for an Indian journal?,0,0.62187064
How do I train my dog?,What are some tips and hacks for raising a dog?,0,0.86134744
Why doesn't my boyfriend text me back?,Why doesn't my boyfriend reply to my texts?,1,0.9584224
Why is reducing individual and societal ecological footprint necessary and important?,Why is the significance of animal husbandry and importance of reducing meat consumption largely ignored by environmental organizations?,0,0.6780395
Which martial art style is right for me?,Which martial art is right for me?,1,0.9928744
What is vegetative propagation? Why is it important?,Why is it important for plants to propagate?,0,0.80276805
How can I initiate a sex chat with a girl on Facebook?,How can I impress a girl in Facebook?,0,0.84299254
What is your resolution for 2017?,What is your New Year's resolutions for 2017?,1,0.8755389
Why is the MVJ college of engineering not an autonomous college?,How is MVJ college of engineering?,0,0.76904064
How can I learn cakephp?,What is the best way to learn cakephp?,1,0.88617927
What types of questions will Akamai ask in the first round for platform engineer?,What types of questions will Akamai ask in the first round?,0,0.7679815
What was the Manhattan project?,What was the Manhattan project? What were some of the effects?,1,0.9204659
What is the best place to visit in Norway?,Which are the best places to visit in Norway? Www.krazybutterfly.com,1,0.8824086
When did WWI really begin?,When and how did WWI begin?,1,0.9674478
How old is too old for med school? Or law school?,Am I too old to get into medical school?,1,0.84598196
How much will you earn for 100 views on YouTube in India?,How much do youtubers earn per view of a video?,0,0.73976797
What is the nature of a photon? Is it a particle or a wave?,"Broadly, is a photon best thought of as a wave, a particle, an event, or something else?",0,0.89614475
What are the Top 10 NPTEL courses for Electrical Engineering?,What are the best online courses/resources for electrical engineering?,0,0.647964
"I'm a 5 letter word. I am normally below you. If you remove my 1st letter, you'll find me above you. If you remove my 1st & 2nd letters, you can't see me. What am I?","If give me book=220, send me letter =440, read the book=400 then what is write me letter = to?",0,0.48963708
What is the best phone to buy under 27k?,Which is the best phone to buy under 9k?,0,0.74355495
How can I stop overthinking things to be more calm?,How can I stop overthinking my interactions with other people?,0,0.8389145
What type of food should you feed a baby Pitbull?,What should I feed my 8 week old pitbull?,1,0.6396185
What is the best mobile phone in keyped?,What is the best mobile phone at15000?,0,0.8526445
What kind of person would you need to be to do a PhD?,What kind of mindset/attitude would one need in order to obtain a Ph.D?,1,0.88415635
What are some good places to find erotic services online now that they're banned from Craigslist?,Can selling items directly from your home on craigslist expose you to burglars?,0,0.60728884
How much does it typically cost to image and print holographic images?,"Do holograms exist? If so, how much space do they require to function?",0,0.60633975
How will the Indian economy benefit if GST is introduced?,How GST will affect Indian economy after it is enacted?,1,0.9077828
How do I get funding for my idea of an app?,"""How do I get my """"groundbreaking"""" app idea noticed and also get funding to develop it?""",1,0.9107394
"LPP prob: All constraints are linear x1 and x2. Objective function: f=4x1-5x2+e^ (x1+x2) Can this be still posed as an LPP? If yes, how; & if no,why?",Suggest me any good jurnol from where I can read biography of Alan Turing?,0,0.46306938
Who would win Superman or Goku?,Can Superman beat Goku?,1,0.8589517
How do I get rid of my acne and get nice skin?,How do I get rid of acne and its spots?,1,0.8581234
What is the difference between UEFI and Legacy Mode which we need to choose while installing the OS?,What is the main difference between tablet OS and desktop OS?,0,0.70067143
Will the world end?,When will the World really end and how?,1,0.9561704
How much are 4 tons of gold worth?,How much is an ancient gold nickel worth? How is this worth calculated?,0,0.76225615
In merchandising how would you promote your product to customers?,What are the best ways to promote a product?,0,0.7178645
How do I find my Facebook user ID?,How does Facebook use incremented IDs for both users and Pages?,0,0.7799151
Can IFS officers (rich-inherited) buy a property in the countries he is posted in? Is there any restrictions?,Software or Application to search mobile number of peoples using whatsup by name and address?,0,0.38152134
"What is a suitable solar panel installation provider near San Fernando, California CA?","Which is a good solar panel installation provider near San Juan Bautista, California CA?",0,0.92002916
Is it beneficial to read aloud or to read to yourself silently?,How does reading aloud help?,0,0.84946334
"How do I become a better thinker, innovator and a problem solver?",How does someone become a better problem solver?,1,0.9170295
"""What's another word for """"effectiveness""""?""",What is another word for I?,0,0.80073607
"How do the teachings, learning, followership and/or fellowship of Islam, project, propel and propagate the artificial intelligence and/or alternative reality?","How do the teachings, learning, followership and/or fellowship of Hinduism, project, propel and propagate the artificial intelligence and/or alternative reality?",0,0.887282
"What is your favorite album, and why?",What is your favorite album ever?,1,0.9412766
What are the best personality development institutes in Delhi?,Which is the best institute for personality development and soft skills?,0,0.7689699
What is there at the end of our universe?,Does the Universe have a boundary?,0,0.7793197
"""What is the importance of the Mariner in """"Rime of the Ancient Mariner"""" by Samuel Taylor Coleridge?""","""How is the Mariner rewarded in """"The Rime of the Ancient Mariner"""" by Samuel Taylor Coleridge?""",0,0.9393655
Which is the best institute for CAT in chennai?,What is the best institute for CAT preparation in chennai?,1,0.97027165
"If someone is kidnapped and the kidnapper asks for a ransom, and say, the family doesn't have the money, where does it come from?","When a country agrees to pay a ransom, how is the money transferred to the kidnappers?",0,0.8430039
Is Mba in travel after btech is correct option?,Is politics is profession in India?,0,0.4845798
How do foreigners think of China?,What do you think about China?,0,0.9135868
"How do I remotely break into my girlfriend's iphone, without her knowing?",How can I tell what privacy settings my girlfriend has put on the Facebook relationship status without going into her Facebook?,0,0.76978993
How often do you get paid in the military?,How often do you get paid?,0,0.7520269
"What is the best way to make responsive website without using any frameworks such as bootstrap, foundation etc.?",How do I make a website responsive without Bootstrap?,1,0.82761514
Which is the best stock for investment in the coming week?,Which are some of the best cartoon shows?,0,0.4568721
Forgot my Facebook password and email password. How can I log into Facebook?,I have forgotten my Facebook password and email password also?,1,0.8855521
Why and where did the Crusades take place? What was the reason that there were several Crusades?,Why were crusades created? What purpose did they serve?,1,0.7112503
What are examples of well-known companies that started out as crowdfunding projects?,"Soon, I'll be seeing a girl I have a big crush on for the last time. We are friendly, but not great friends. Should I tell her how I feel?",0,0.343454
How will India's economy be affected if India goes to war against Pakistan?,What are the chances of war between India and Pakistan and its effects on India's economy?,1,0.94120836
How exactly does banning Rs 500 and Rs 1000 notes curb the problem of black money?,How will the India demonetization of 500 and 1000 rupees notes will reduce black money?,1,0.876585
"""[SPOILERS] Who is the """"Cursed Child"""" in Harry Potter and the Cursed Child?""",Who is the cursed child in the Harry Potter and the Cursed Child?,1,0.96256286
Am I blocked if I can't follow anyone on Instagram?,How do I get free Instagram followers fast?,0,0.64021486
What is the expected cutoff for KVPY 2016 SA -stream 2016?,How was KVPY SA 2016 ? How does it compare to previous year papers? What is your expected cutoff for it?,1,0.81862164
Which company provides the best SEO services in Delhi?,"What is the best SEO company in Delhi, India?",1,0.9476394
What is the best Washington dc neighborhood to buy a townhouse?,I am a college student coming to Washington DC. I am hoping to move off campus after a year since I have a car. What is the best neighborhood for me?,0,0.6190928
What has your experience been with paper bag flooring?,Have you ever considered paper bag flooring?,0,0.90850765
"What is the Sahara, and how do the average temperatures there compare to the ones in the Karakum Desert?","What is the Sahara, and how do the average temperatures there compare to the ones in the Thar Desert?",1,0.99297994
What are some unique characteristics of DNA?,What are some unique characteristics?,0,0.7412126
What are the advantages of tubeless tyres over normal tyres?,Why do some vehicles have small wheels in the front and big wheels in the rear?,0,0.61931384
Is masturbation twice a day bad for the health of a twenty-year-old male?,Should a fit 32 year old male take DHED?,0,0.6666719
What is 'antialiasing' in computer graphics?,What is computer graphics all about?,0,0.8852554
Why didn't any country besides Israel vote against the UN resolution condemning Israeli settlements?,14 countries voted against Israeli settlements when the UN conferenced. Which countries voted to condemn Israel for their settlements?,1,0.78530806
Is there anyone here who joined a JEE coaching in August and got good marks in the half yearly exams?,"I got 63/360 marks in JEE (Main), that too after one year of coaching preperation. Do I have any chance getting in a good engineering college?",0,0.6559863
How do I can remove fear of an interview?,How do I remove fear of an interview?,1,0.98625004
Can meth be detected in a urine test if last used was Thursday night and the test was tuesday morning?,Can meth be detected in urine after nine days?,1,0.7511747
Why is bluing agent used?,Why is bluing agent used to whiten the white clothes? How does it work?,1,0.5163192
What movie have you watched the most times?,Which movie have you watched the most times? How many times did you watch it?,1,0.945051
Why are games so much more expensive on console systems than they are on PC platforms such as Steam?,Why are PC games cheaper than that of Console?,1,0.82862496
Will the Samsung Galaxy J7 get Android N (Nougat)?,"The Samsung Galaxy J7 uses a Micro-Sim card, but I have a Nano-Sim card, how can I get my Nano-Sim card to fit in the J7?",0,0.720712
How can I know if I'm not pregnant without using a test?,How can you know if you’re pregnant without using a test?,0,0.8938304
Is it true that ₹ 2000 currency notes in India are embedded with GPS chips? Can it be done at all?,How much is the truth that the new high denomination currency of India are being embedded with GPS nano chips?,1,0.8167556
How do I learn German in Mumbai?,What is a recognized institute to learn German in Mumbai?,0,0.92164683
Do most South Americans support Brazil or Argentina's people?,"""What do South Americans such as Brazilian or Venezuelan mean by they are """"a warm people""""?""",0,0.7236078
Which laptop should i buy for everything except gaming i5 or i7?,Should I buy an i7 or i5 CPU for gaming?,0,0.7764431
Manga: When will Breaker season 3 release?,If I watched season 1 of Akagami no Shirayukihime should I  start to read the manga? Would that spoil the storyline for both? ,0,0.68933153
"""Is a """"D"""" passing in high school?""",How can I learn engineering without having to pass high school?,0,0.57277995
Is there any video game (developed by Chinese company) that has been released in Italy?,Are there any video games developed by Chinese companies in Italy?,1,0.97183865
"I have a felony (burglary charge) (committed at 17) and want to join marines, is it still possible to join?","If I buy a calendar spread on Friday afternoon and sell Monday morning, granted Stock price does not change much, will I collect 2 days worth theta?",0,0.4079311
What is the nursing care plan for a hernia?,What is a nursing care plan for asthma?,0,0.78403145
How do you spend your time after work as a graduate?,How do you spend your time working as an engineer?,0,0.5605228
What would happen if Donald Trump loses the election but refuses to concede by making the customary call to Hillary Clinton claiming fraud?,What would happen if Donald Trump lost and refused to concede the election?,1,0.8828429
Would it be better to invest via fundsindia/scripbox or via broker(ICICI direct etc)?,"Which one is better to start my mutual funds SIP, FundsIndia, Scripbox, or MyUniverse?",0,0.8726271
What will become of the ISS after it is decommissioned?,What would happen to the ISS when it is decommissioned?,1,0.9715374
How has Asda moving into ecommerce affected their profits and client base?,"How do I set my European eCommerce website (WordPress with WooCommerce, shipping from Portugal) to automatically calculate shipping for each individual client based on their country, even if the cost for European countries are all the same?",0,0.54866546
What is Mimosa Hostilis root bark used for?,How can I find Mimosa Hostilis root bark in Turkey?,0,0.7211368
Is it possible to produce sound in a vacuum?,Is it possible to generate sound from vacuum?,1,0.97974443
How do I create a website with pancake.io?,How do I create and design websites?,0,0.7397537
What is a quality woman?,What are the qualities that a woman should have?,0,0.87307477
"""Is the reality show """"South Beach Tow"""" on truTV network real or fake (as in actors being used instead of just """"normal"""" people)?""","""Is The Show """"Mountain Monsters"""" Real Or Fake?""",0,0.64854956
Is sexting wrong?,What is wrong with our society today?,0,0.60608494
What is scope of information technology in railway?,Is there some scope of information technology in India and if it is then how much?,0,0.6297076
What does the triangle as a chemical symbol mean?,What does this triangle like mathematical symbol mean ?,0,0.6736945
What should I do to start a web application project?,How do I start web application development?,0,0.9705335
What is Tangent Universe?,What is the Tangent Universe?,1,0.98270893
How should I prepare for GATE 2016 EE in 5 months to get a rank below 500?,How should we prepare to crack GATE exam in 5 months?,1,0.90111303
"""What is the origin of the idiom """"on pins and needles""""?""","""What is the meaning of the idiom """"on pins and needles""""?""",0,0.9780002
What are the best books to learn advance c++?,What are the best books for c++?,1,0.94973767
Is CAT after b.tech in mechanical engineering useful?,Will I have a great career if I go for B.Tech in mechanical engineering in a state level college in India?,1,0.6651192
Are human beings made of cells or atoms?,Are there any parts of the human body not made of cells?,0,0.7227239
"What was the significance of the battle of Somme, and how did this battle compare and contrast to the Battle of Borodino?","What was the significance of the battle of Somme, and how did this battle compare and contrast to the Battle of The Yellow Sea?",1,0.9693817
"I've been dieting for 9 months. I'm 5' 7'' and haven't grown since I started my diet. Now that I'm eating again, how long will it take to grow again?",What is the best way to utilize my time now that I have been placed and have about 4-5 months before I start my job? I am an undergraduate student in Computer Science Engineering at one of the IITs.,0,0.6064076
What can I do to practice my English?,How can learn English?,1,0.89183885
What is better Java or c# to start a career as a software developer?,Which is better for a career: Java developer or C# developer?,1,0.95472306
Why are some people so intimidating?,Why are some people so intimidated by programming?,0,0.8318286
What are the safety precautions on handling shotguns proposed by the NRA in Illinois?,What are the safety precautions on handling shotguns proposed by the NRA in Michigan?,1,0.86079234
Why did Arnab Goswami resign from Times Now?,Has Arnab Goswami resigned from Times Now?,0,0.9421946
Why are Royal Enfield motorcycles so cheap?,Royal Enfield Motorcycles: Why are old REs preferred over new ones?,0,0.70536274
If energy is created and not conserved in an expanding universe (that expands without limit) can infinite energy be created then?,If more vacuum gravitational and dark energy is created as universe expands can infinite of these be created as they appear without limit?,1,0.86990976
"""Would the computer science terms """"fault tolerance"""" and """"malfunction"""" refer to both software induced hardware failure and hardware induced software failure?""",Does server mean hardware or software or both?,0,0.67507815
What do you think about Modi government banning 500 & 1000 currency note from 9th November?,Why is the government abruptly banning the 500 Rupees and the 1000 rupees currency notes in India?,1,0.8319669
Who has been the most important person in your life and why?,Meaningful Moments: Who introduced you to the most important person in your life?,0,0.9092922
Raspberry Pi 3 with Node.js and MongoDB doing IoT Project and MQTT Broker is it a good choice?,How DO I DO ms in abroad after B.E BIOTECH?,0,0.49804124
Why do we study physics?,Why do people study physics?,1,0.95072764
What is the story behind the creation of the laptop?,What is the story behind the creation of Zappos? What was created by accident and design?,0,0.5722743
"In family court where the judge orders a psychiatric evaluation for each parent, will the judge assign a court-appointed psychiatrist?",Who does the family court judge assign to perform psychiatric evaluations?,0,0.9142958
Why won't Snapchat let me sign in?,"Which is the best broadband service in Vishal Nagar, Pune?",0,0.24244401
"Are vintage KitchenAid Mixer attachments still being manufactured? If yes, where can they be found?",Are mainframe computers still built today? I'm not talking about supercomputers,0,0.4786315
Is Donald Trump really a racist?,Why do some people say that Donald Trump is racist?,1,0.9265598
Which is the best web development company in Delhi & around India?,Which is the best web development companies in Delhi & around India?,1,0.9903101
How does it feel to be an IRSE?,What best things can one do after joining the railway at IRSE?,0,0.45409274
How does Twitter earn money?,How is Twitter making money?,1,0.9803391
Why should I not vote for Hillary Clinton or Donald Trump?,Why are you voting for Hillary Clinton over Donald Trump?,0,0.84343535
Where can I find the best quality cupcakes in Gold Coast?,"Where can I get best flavors, designs and decorations for cupcakes at Gold Coast?",1,0.92792
What are the pros and cons of banning currency notes of 500 and 1000 in India?,What are the pros and cons of Ceasing Rs. 500 and Rs.1000 Currency Notes in India?,1,0.9432802
Which is the best place to live in India?,Which is best place in india to live peacefully and that is less crowded?,0,0.74018764
Is Bethany Hamilton on Quora?,Who is Bethany Hamilton?,0,0.89685786
What is the story behind the decimated Hollywood sign shown during the events of Argo (2012)?,Argo (2012 movie): Why were there no Iranian protesters guarding the back of the U.S. embassy during the invasion?,0,0.5782878
Why is life in Toronto so boring?,Why do people get bored on Sunday evening?,0,0.54172486
What happened on New Year’s Eve? Who is responsible for the Bengaluru mass molestation?,What exactly happened in Bangalore on the midnight of new year eve?,1,0.6681514
"Hi I don't smoke weed, I don't enjoy alcohol, I don't smoke cigarettes. I don't do any drugs. Am I missing something?","I am an undergraduate. All my friends smoke, but I don't. Am I missing something?",1,0.57652336
Is pretending a question wasn't asked a logical fallacy?,Is ignoring the question a logical fallacy?,0,0.9308659
Where can I find an owner's manual for a 2008 Toyota Vitz KSP 90?,"What are the differences, if any, between the Toyota GT-86, FT-86, Scion FR-S, and the Subaru BR-Z?",0,0.6878765
Will people vote for Hillary Clinton because she is a woman?,"""Why do some voters intend to vote for Hillary Clinton mainly because she is a woman? What ever happened to """"Don't judge someone just by their gender""""?""",1,0.9012366
Why do cats like to rub against people's legs?,"When cats rub themselves against us, why do we feel mental peace? What mysterious spell do they release while rubbing?",0,0.87110543
What is common mistake of graph?,What are the common mistake you find?,0,0.812405
How many people are in the USA?,How many people are there in the US?,1,0.8624214
What kinds of technical projects does Sergey Zubkov work on at Morgan Stanley?,What does Sergey Zubkov do exactly at Morgan Stanley?,1,0.9223155
How do I differentiate between Bituminous Concrete and Semi Dense Bituminous Concrete in field?,What is a concrete?,0,0.62278557
Why do people feel bad when we forget their birthdays?,Why do people feel so bad when we forget their names?,0,0.8235116
Why are there several chloroplasts in the plant cell?,"In a plant cell, what is the function of the vacuole?",0,0.6872779
What are some good projects in Image processing?,What are some good projects in digital image processing?,1,0.9272686
What is the best financial planning tool?,What is a good financial planning software?,0,0.90368617
"If time didn't exist before the Big Bang, how could the Big Bang possibly have happened?","Was there existence of time before big bang? If so, how did time originate? If not, how big bang occurred in no time?",1,0.8812433
What are some web development projects that you could add to your portfolio in a day that could increase your chances of landing a job?,What features can I implement in my web portfolio to land a job as a web developer?,0,0.7878848
How can I become an extroverted person?,What can I do to become an extrovert person?,1,0.94073606
How can I sell my last 786 digits in currency note?,Who designed the Indian currency notes?,0,0.7018273
Where can I get videos of cutting and stitching of men's shirt in detail?,How do I easily improve personality at home?,0,0.2651388
When is the released date of Teen Wolf season 6?,What's the release date of Teen Wolf Season 5?,0,0.8557733
Why did Quora moderation collapse the answer?,Why does Quora allow downvotes to collapse answers?,1,0.88033175
How can I be ok with not being ok?,Will everything be ok?,0,0.68128
Has a team ever had home field advantage in the Super Bowl?,Has a quarter back ever won a Super Bowl with more than one team?,0,0.8819476
What is the best tag line for Quora?,What are some of the best tag lines for a hospital?,0,0.7111652
Is it true that Salman khan does 1000 push ups per day? How many pushups are humanely possible?,What results can I expect from 300 push ups a day?,0,0.7041031
Which is the best horror film of malayalam?,What are some of the best horror movies?,0,0.8700176
How do I build self confidence?,What can I do to build up my self esteem and confidence?,0,0.9190746
What is Dr. Nowzaradan's diet plan before he performs a surgery?,As I have an unhealthy diet. I want to try being a vegetarian next year and start eating healthy. But where can I get my protein from?,0,0.61408544
"Can I give my dog aspirin for pain relief? If so, will he suffer any side effects?",Is it safe to give my dog a baby aspirin and how often should I give it to him?,1,0.7887784
What do I truly need to learn and do to become a successful software engineer?,What should I do to become a Software engineer?,1,0.8709182
How are you feeling right now with the US Election?,What do you think of Donald Trump winning the US Presidential election?,1,0.6159623
What if your boss doesn't listen to your advice although you are right in predicting the outcome?,What would you do when your ex boss threatens you that he will contact your new employer if you did not went to him for the handing over?,0,0.6704758
Is creatine better than whey protein?,Should skinny guys go to a gym for getting better body?,0,0.42359805
Is there any science-backed criticism on Jonathan Haidt's moral foundations theory?,Does one have a moral right to take knowledge that you have ingested and put it back out?,0,0.61353207
"After demonetization, which could be next step that needs to be taken by Indian Government to prevent black money and corruption?",What is next step after demonetization?,1,0.48320717
Will Modi win in 2019?,Will Modi become the Prime Minister of India once again in 2019?,1,0.7989931
Is Viber and WhatsApp safe to use or should I worry that someone be spying and reading my messages?,How competitive is the hiring process at Automatic Data Processing?,0,0.48246133
"Which is strongest out of the two, nuclear missiles or rocket-propelled grenades?",Which is the stronger of these two - nuclear missiles or rocket-propelled grenades?,1,0.9659186
Is there any bad health effect of eating egg and curd together?,Is it bad to eat an egg white when I am trying to lose weight?,0,0.84351206
What is capital reduction?,What is capital reduction account?,1,0.95224106
How can I improve my speaking in english?,How do I improve my speaking skills in english?,1,0.97291654
What are the mechanics of how Wall Street analysts calculate or predict a company's target price per share?,I want to buy a long fur German shephard can u suggest me where to buy I live in Srinagar ..9018328789 anyone can call me?,0,0.35451025
How does people survive in ladakh in winter?,Is it safe for an Indian Hindu to travel to Kashmir?,0,0.38679892
Which are the biggest scams of India?,Which is the biggest scam in India?,1,0.9712421
Will Kejriwal win in next Delhi elections?,What are the chances of Arvind Kejriwal winning the next election in Delhi?,1,0.95971036
How can I become a psychotherapist in the US?,How do I become a psychotherapist?,0,0.9097675
Can I play GTA V in windows 8.1 intel core i3 with 4gb ram and intel HD graphics 4400?,Can I run GTA 4 in Intel core i3 4GB RAM with Intel HD graphics 4600?,1,0.9397687
Which is the most popular and erotic adult film ever made? And why?,What is the most visually-stunning movie ever made?,0,0.8095435
What is the opposite of a pacifist? How is it better to be?,What is the opposite of lovely?,0,0.7143045
"What hotel in Ananthagiri Hills Hill-station would be safe for unmarried couples, without the harassment of police, hotel staff, and moral police?","What hotel in Gulmarg Hill-station would be safe for unmarried couples, without the harassment of police, hotel staff, and moral police?",0,0.9846144
What are the good ways to mirror the uv's in maya?,Can I use maya 2016 in GTX 950?,0,0.47201818
What are some good songs to make a texting lyric prank?,"What are some good Hindi songs with good lyrics, which are not romantic?",0,0.6279753
How is wheat gelatin made?,What is wheat gelatin?,0,0.9619279
Is it necessary for Muslim women to wear the hijab? What if they don't wear it?,"Some Muslim women wear a burka (veil), whereas, the majority of Muslim women don't. Why is this difference happening?",0,0.8092168
"What do the MC, M+, M-, MU and MRC buttons on calculators do?",Why some Casio calculators doesn't have an OFF button?,0,0.6151503
"Is vacuum energy infinite? If it is, how and why? Is it dark energy?",Since more and more dark energy appears does this mean that it is infinite or that the potential dark energy that can be created is infinite?,1,0.8557774
What are the impacts (both positive & negative) of declining crude oil prices on Indian economy?,Why are fuel prices high in India when crude is at a low price?,0,0.8262955
What is the most common age of Quora users?,What's the average age of a Quora user?,1,0.7775923
What should I do if my dog has eaten chocolate?,"Is it safe for dogs to eat chocolate? If not, what can you do if your dog accidentally eats some?",1,0.8621795
Is negotiablesales.com legit?,Is rushmypassport.com legit?,0,0.79032063
What is impossible in India?,What is impossible to do?,0,0.8155217
What are the different types of biologists? What are their different fields of study?,How do I stop my husband occasional threatning & abusive behavior that can lead to physical abuse.?,0,0.27063274
What are some things new employees should know going into their first day at Wilshire Bank?,What are some things new employees should know going into their first day at Commerce Bank?,0,0.97684073
What is the best treatment for controlling anger?,What's the best method to control anger?,1,0.98131657
Is the MacBook the best laptop to learn hacking and cracking?,Why do hackers generally use MacBooks for hacking?,0,0.7780425
"Can I make 40,000 a month playing poker?","Can I make 50,000 a month playing poker? Why or why not?",1,0.8916216
What are examples of producers in a deciduous forest?,What are some examples of plants in the deciduous forest?,0,0.9183568
What is the significance of the number 13?,Should we be frightened of number 13?,0,0.80003536
Should I get a laptop with 1 TB HDD or 256 GB SSD?,Can I run GTA 5 on my laptop?,0,0.701964
Is the crow the happiest bird?,Where can you find baby owls for sale? Are owls legal to keep as pets?,0,0.40824065
Which TV show is similar to or better than Friends?,What show can I watch that's similar to Friends?,1,0.7091934
What's the workflow or process for UI design?,What is the process of UI design?,1,0.9662994
What language was spoken in Dacia?,What are the mechanical applications used in supercapacitor?,0,0.44079718
What is the difference between ROM and internal storage in mobiles?,What is the difference between phone storage and internal memory in a smartphone?,0,0.8985846
Which is the best laptop to buy under INR 50K?,What is the best laptop around 50k?,1,0.9596734
Do successful people drink alcohol?,Do successful people drink less alcohol?,1,0.7740495
What happens if an innocent man was sentenced for jail for 30 years then discovered he was innocent?,What's it like to be involved with putting someone in jail for life who is later proven to be innocent after unjustly serving years in prison?,0,0.7890711
Is it ok to hunt and kill animals if you eat them?,Why is it ok to kill animals and eat them?,0,0.94289815
When should one start preparation for IAS?,How should I start my preparation for the IAS exam?,0,0.8106316
Why do unrooted tests occur when doing a JUnit test for a single method of a test class?,How can I do an API test using JUnit?,0,0.65121657
What if I would sleep for 2-3 hours every night?,What are the effects of getting 3 hours of sleep per night?,1,0.8697412
"""What do you do when your new girlfriend says """"I don't love you yet, make me fall in love with you""""?""","My best friend doubts I love her, but I haven't told her yet. How to make her fall for me when she doubts I love her?",0,0.7901916
Is it bad to have crush on our teacher?,Is it bad that I have a crush on my teacher?,1,0.9519756
What is the difference between Linux and Linux kernel?,What is difference between Linux and kernel?,1,0.9848064
Why do we have lips?,How do I explain why force is a vector quantity?,0,0.4966773
What is the best video format for Adobe Premiere Pro?,"I have inserted an image file over a moving video in Adobe Premiere Pro, but how do I move it from the center of the frame to a corner of the frame?",0,0.62130016
Why didn't Sandor Clegane have a dog?,Why is Sandor Clegane called a dog?,0,0.8167805
What is a podcast network?,What are podcasts?,0,0.9383633
What are all the ways you can reset your Apple ID password?,How do you reset your Apple ID password?,1,0.9416216
What would the world be like today if Hitler won WWII?,What would today be like if hitler had won WWII?,1,0.9815992
Why is one advised to eat bananas after a workout? Does it really help lean people gain weight?,Weight Loss For Women: How long should I wait after eating my meal to workout?,0,0.6566129
How do I prove 2=-2?,How do you prove that 2 + 2 = 4?,0,0.64791083
When and Why did Symantec discontinue Norton Antivirus and focus only on their Security Suite?,"If a manager makes a statement of defamation towards an employee TO another employee, is this considered slander and does one have a case?",0,0.42818207
Is Hillary Clinton qualified to be President?,What qualifies Hillary Clinton to be the president?,1,0.9452277
How does one get a girl’s number fast?,How do you get a girl’s number?,1,0.8105748
How will I contact a good hacker?,Where can I find/employ a real hacker?,1,0.8761105
How long does it take to balance each of the 7 Chakras in our body?,What is the meaning of each Chakra color?,0,0.5513042
"What is the Sahara, and how do the average temperatures there compare to the ones in the Antarctica?","What is the Sahara, and how do the average temperatures there compare to the ones in the Registan Desert?",1,0.87283754
If a guy says he's begging me to go out with him what can I tell him if I think begging is low?,Can begging be dropped?,0,0.5945687
Why do people choose to online shop?,How do people in US shop online?,0,0.9415997
How do I attach my car in uber?,How and where do I contact the Uber Cabs office to attach my car with them?,0,0.8613909
"How can I retrieve my WeChat account if I've forgotten my password, don't have QQ/email linked, and lost my phone?","I don't use the email that I used for Instagram a while ago and I have forgotten the password, what do I do?",0,0.8697486
What are the chances of getting a job after masters from ENSIMAG?,What jobs would I get in USA after masters from India?,0,0.7300917
How can I start preparing for civil service examination?,What is the best way to prepare for civil service examination?,1,0.82052946
Do stretching and hanging exercises really work to increase height at age 22?,"Does stretching for height gain really work, if yes, is the increase in height permanent?",0,0.72371995
Will House Tyrell go extinct now that Margaery and Loras are dead?,"Now that the Margaery and Loras are dead, who will rule the Reach after Lady Olenna's death?",1,0.87802434
How can I convince her to give me a chance?,"Dating and Relationships: My gf told me that I don't give her a chance to talk, how can I improve my listening skills?",0,0.55733824
Do smart people brag?,Why do smart people think dumb?,0,0.8217727
What are the typical traits of an Italian?,What are the typical traits powerful people have?,0,0.5331241
How can I make website like pubfact.com?,How can I make a website like squareyards.com?,0,0.85660386
What are the best safe proxy servers?,Which is the best proxy server to use?,0,0.9007584
How I can speak English with fluency?,How can I learn to speak English fluently?,1,0.9446324
"""What is the Japanese word for """"happy""""?""","""What is the Japanese word for """"much""""?""",0,0.83234197
Can I use the simple past tense instead of the present perfect tense in these sentences?,"When should I use the present perfect tense rather than the simple past tense? For instance, “I have eaten,” instead of “I ate?”",0,0.6943053
Who is Tony Robbins?,What do you think about Tony Robbins?,0,0.9151483
"If all of the oceans were replaced with gasoline, and a match was thrown in, what would happen?",What would happen if there were no oceans on earth?,0,0.47091758
Why is magnesium oxide considered a compound?,"Is magnesium chloride considered to be a compound? If so, why?",0,0.94228965
How can I get an IT job?,How do I get a job?,0,0.8686118
What causes variations among individuals of the same reptile species?,What causes variations among individuals of the same bird species?,0,0.83665955
Which is the best Mutual Fund in India?,What is the best mutual fund to invest for a long term in India?,1,0.87942886
Why is it that it is so important for some people not to let other drivers over when in traffic? Why don't people realize that being nice makes for a better society?,Do Turkish people realize that Erdoğan tries to become a tyrant?,0,0.504137
Is there any difference between whipping cream and heavy cream?,"What is the difference between, whipping cream, heavy cream, and fresh cream?",0,0.89528334
Why does the Apple Watch require an iPhone?,Can we use Apple watch without using iPhone?,1,0.8901919
What do you do when someone asks you a question then looks away during your response?,What does Quora do when you ask your question in a different language?,0,0.7870139
What pleases American women?,What frustrates American women?,0,0.801394
Are the ancient Norse a hoax? Or not?,Is Ancient History a hoax?,0,0.852128
How can you train a Aussie/Beagle mix?,How do you train an Aussie/Beagle mix?,1,0.9666033
Why am I frequently urinating during my period?,Where are growth factor methods more useful? In transportation,0,0.16983628
"How can the drive from Edmonton to Auckland be described, and how do these cities' attractions compare to those in London?","How can the drive from Edmonton to Auckland be described, and how do these cities' attractions compare to those in Regina?",1,0.8572329
How can I make money online for free?,What is the easiest way to make money online without spending a lot of time or money?,1,0.78849363
"Noam Chomsky: Why is there a rising tide of people becoming unsympathetic to broadly liberal, secular ideas around the world? I am not just talking about the west?",Is this world becoming too liberal?,0,0.71296656
What are blogs? How can I make blogs on my phone?,What are blogs and how can I make a blog?,0,0.7865732
What is the best effective treatment for impotence?,Which is the best medicine to treat erectile dysfunction or impotence?,1,0.8934769
"What hotel in Vythiri Hill-station would be safe for unmarried couples, without the harassment of police, hotel staff, and moral police?","What hotel in The Sivalik Hills Hill-station would be safe for unmarried couples, without the harassment of police, hotel staff, and moral police?",0,0.99164176
How is the Indian economic service different from the RBI grade B?,Are Indian Economic Services and RBI Grade 'B' Manager position comparable?,1,0.7867625
Do you understand this sentence?,Can you understand this sentence?,0,0.96427083
What is the best way to get free traffic to my website?,How can I increase the traffic on my website? Jeenkart.com,1,0.69806707
What is the difference between application programming and systems programming?,What is the difference between software development and competitive programming?,0,0.8579761
Why do people like mean girls?,What does it mean when a boy teases a girl?,0,0.5440912
Is it possible to discover a new color?,Is it possible to invent a new color?,1,0.97923565
How do I post link?,How does Quora moderate anonymous activity on the site? How does Quora link anonymous activity to accounts?,0,0.46388304
How is the neurological disorder known as chronic inflammatory demyelinating polyneuropathy (CIDP) treated?,How is the neurological disorder known as chronic inflammatory demyelinating polyneuropathy (CIDP) identified?,1,0.9880387
What is the scope of a health inspector?,What is a health care structure?,0,0.88093615
What does a Trump presidency mean for Indian students looking to pursue Master's degrees in USA?,How would Trump presidency affect Indian students in the US?,1,0.8653399
What is the use of pre-order and post-order traversal of binary trees in computing?,Is there a way to do a BFS traversal of a binary tree with recursion (using Java)?,0,0.7806683
Could I become a UX designer without knowing really much about coding and prior working experience after seriously taking a UX full time course?,What's up bro?,0,0.16677189
Will the European Union fall and disintegrate?,Is the European Union a failed project?,0,0.8167849
"If I send an email to a recruiter, what should I write?",How do I send an email?,0,0.85331476
Why am I so alone?,Why do I always feel lonely? Except for the times am busy,0,0.53474975
Forgot my Facebook password and email password. How can I log into Facebook?,I forgot my password and also my email password. how can I get back that account?,1,0.87694883
How can I use Ubuntu without installing it on my laptop?,How do I install Ubuntu 14.04 on my C drive. Without corrupting other drives?,0,0.7596998
What are the best books for IBPS PO?,"What are the best books for IBPS PO, SBI SO, SBI PO?",1,0.96803993
What is the new technology behind new 2000 rupee note?,How difficult is it to copy new 2000 rupee currency note?,1,0.811018
Did you enjoy your school life? Did you ever wonder you would have been better off home schooled?,What is the best high school home school program?,0,0.6889549
What are some little known facts about Adolf Hitler?,What are some mind-blowing facts about Adolf Hitler?,1,0.8632271
"What are the best books, topics, and ways to prepare for UGC NET English literature?",How do I prepare for Net JRF in English literature?,1,0.8041892
"What hotel in Srinagar Hill-station would be safe for unmarried couples, without the harassment of police, hotel staff, and moral police?","What hotel in Chail Hill-station would be safe for unmarried couples, without the harassment of police, hotel staff, and moral police?",0,0.9951681
Does volatile and non volatile nature of materials depend on their chemical composition?,Is volatile and non volatile nature of materials depend on their chemical composition?,1,0.99747276
How do I create a menu like this?,What is the best way to create a menu in java?,0,0.6207426
How do I find out what I truly want in my life? It fluctuates!,How can I improve myself and figure out what should I do with my life?,1,0.71604204
"Is an atom a solid, liquid, or gas?","Is a single atom or molecule of a substance considered a solid, liquid, or gas?",1,0.92946494
How can I earn money in YouTube?,How can we make money from YouTube?,1,0.9629454
How many sentient beings did Luke Skywalker kill when he destroyed the Death Star?,Didn't Luke Skywalker want to join the empire's army before his family was killed?,0,0.7168803
Why would you buy an iPhone?,Why shouldn't I buy an iPhone?,0,0.9112243
Where does I lodge a complaint against a Rajasthan roadways bus driver?,Where should I lodge a complaint against a Rajasthan roadways bus driver?,1,0.98413724
What was the longest American war? What were the longest to shortest wars in which the US has fought?,What's the longest war that has ever been fought in the history of the world?,0,0.8478936
Can oxygen burn in space?,"If fire needs oxygen, where does the Sun get oxygen if there's no oxygen in space?",0,0.7652411
What are some of the great places to visit in Chennai?,What are the best places in chennai?,1,0.86238104
Which network should i port to? Airtel or idea (madhya pradesh)? Keeping in mind both the tariffs and network quality,What is VTOP in IDEA (mobile network)?,0,0.5062833
Should I buy the IPhone 6s or Samsung Galaxy s7?,Which is better: the iPhone 6S Plus or the Samsung Galaxy S7 Edge?,1,0.8783351
What are the longterm effects of sleep deprivation caused by amphetamines on one's cognition/IQ?,What is the minimum amount of alcohol needed to be consumed by one to have a noticeable effect on one's cognition?,0,0.5202794
IRMA ANAND cutoff?,Which Airlines offer craft beer on board?,0,0.16859347
What are the best alternatives to Photoshop?,What is the best alternative to Photoshop?,1,0.9815215
Did Steve Jobs exercise?,How intelligent was Steve Jobs?,0,0.7346655
What habits should I adopt to have a more purposeful and focused life?,What daily habits can greatly upgrade life?,1,0.6909776
How do I know my shoe size?,What is the sizing chart for Converse shoes?,0,0.7431566
How can we reduce humidity in our homes? Any tips?,How can you reduce the humidity in a room?,1,0.833228
"""What does the term """"full-stack programmer"""" mean?""","I am learning MEAN stack to be a full stack developer, but my friend said I should learn languages like Scala or Python for backend, is it true?",0,0.38043565
Which is the oldest african language?,What are the oldest languages in the world?,0,0.8072777
What will be the positive and negative effects of demonization of ₹500/1000 notes on Indian economy?,How will Modi's move to discontinue 500 and 1000 notes effect the economy?,0,0.74594986
How can kangaroos jump so high? How high can they jump,Why can't kangaroos jump backwards?,0,0.71997505
Why do I get easily tired after random bursts of motivation or excitement for doing something that I like that requires work?,Why do I get tired of people after a year?,0,0.61857957
How many movies has Jackie Chan made? Has he received any awards for them?,How many movies has Ray Liotta acted in and how much money has he made?,0,0.78703284
"What have I to do if my supervisor published my paper without my name on it, just his name?",How do you format the names of TV shows in an academic paper?,0,0.4623135
How can we acquire a positive morality?,What are time deposits? Are RD and FD types of time deposits?,0,0.3702833
How should one prepare for interviews?,How can I prepare for interview?,1,0.9603393
Life: I don't want to die. I don't want to live. Is there some place else I can be?,"What are the things you want to say in life, but don't?",0,0.7783363
What happens when the catalytic converters go bad on a car?,How difficult is it to replace a catalytic converter?,0,0.72658026
How do I learn Tamil on my own?,How can I learn Tamil?,0,0.9480494
What are some great beginner ways to learn JavaScript?,What are some good resources for beginner to start learning JavaScript?,1,0.9559432
"What hotel in Nallamala Hills Hill-station would be safe for unmarried couples, without the harassment of police, hotel staff, and moral police?","What hotel in Horsley Hills Hill-station would be safe for unmarried couples, without the harassment of police, hotel staff, and moral police?",0,0.99019563
Is it possible for antibiotics to cause acne?,How could antibiotics cause acne?,1,0.8664664
How many calories are burned during swimming?,How much calories get burned by swimming?,1,0.9366194
Is it easy to get a job on J2 visa?,It is easy to get good jobs abroad from IITs?,0,0.786302
What are the functions of mitosis?,What are the functions and the purpose of mitosis?,0,0.971459
"What were the major effects of the cambodia earthquake, and how do these effects compare to the Cascadia earthquake in 1700?","What were the major effects of the cambodia earthquake, and how do these effects compare to the Tohoku earthquake in 2011?",1,0.8978189
What is the Bohr Rutherford diagram for oxygen?,What is the Bohr Rutherford diagram for calcium?,0,0.6816163
What is each state known for in terms of commerce?,What options do I have after graduation in commerce when I am not from regular college? What regular course or short term course can I take up?,0,0.46449035
What do most British people think of French?,What do British people think of The Patriot?,0,0.66328406
What is the correct time for taking whey protein and amino acid tablets?,How many days would 5 pound whey protein last? And how much whey protein should I take daily?,0,0.5646668
"""What is a """"private banker""""?""",What is like to be a private banker in Switzerland?,0,0.746745
"Is it safe to eat salmon from the supermarket raw, as one would eat sashimi?",Where can I eat salmon in Noida?,0,0.7649915
What should I do about this frayed MacBook Pro charger cord?,Will Apple replace my MacBook Pro charger for free?,0,0.68491274
What are some unexpected things first-time visitors to Canada notice?,What are some unexpected things first-time visitors to Albania notice?,0,0.5970527
What is high power money?,What is high-powered money?,1,0.9710461
Why should I jailbreak my iPhone 4?,Should I jailbreak my iPhone 4?,1,0.96099716
"What are some of the best Indian songs in regional languages like kannada, marathi, telugu, gujarati, tamil etc.?",Do telugu people really love our Tamil songs?,0,0.771118
What is the best way to strengthen the roots of hair?,What are the best ways to strengthen Hair follicles (Roots)?,1,0.95467055
What is our stance against Pakistan?,What is the stance of Pakistan in the possession of weapons of mass destruction by North korea? Does it support DPRK or is it against DPRK?,0,0.6607647
Is there a strong non-toxic endothermic reaction?,How to determine whether the reaction is endothermic or exothermic if the value delta energy is not given?,0,0.68160176
"Are Gods and Aliens, one and the same?",Were the ancient gods real life aliens?,0,0.7921349
If you wake up one day and realise you are prince/princess of your country. How would you react? What will you do thereafter?,"What would you do if one day, you wake up and find that you are a girl?",0,0.7196437
How can I find out who's looking on my Facebook page?,How do you find out who has visited your Facebook page?,1,0.95609283
Can you see people that unmatched you on Tinder?,Can people see that you've looked at their profile on Tinder?,0,0.76858395
I have forgotten my Facebook password and email password also?,How can we get to know my current Facebook password which I forget?,1,0.83818936
Which colleges shall I apply under CAT (77.5 percentile)?,I scored 99 percentile in CAT but could not clear verbal section cutoff. Scored 78.05 in it. What are the good colleges can I apply in now?,0,0.6690557
What are the best offline games played on Android?,Which is the best game you have played on an Android phone?,0,0.8984815
What is the best website to download Telugu video songs?,Where can I download Telugu songs?,0,0.7152977
How can I know if I'm brainwashed and how do I stop it?,How do I know if I am an introvert or an extrovert?,0,0.82080173
What is it like to work at the Clinton Foundation?,How competitive are Clinton Foundation internships?,0,0.8360077
Where can I sell old coins in India?,What is the best place to sell a coin collection in india?,0,0.76957405
How do I recover my Facebook email and password?,How do I get into my Instagram if I forgot my email and my Facebook password?,1,0.89424616
What are some good ideas for suspense stories?,What are some good ideas for a story?,0,0.8756187
What is Photoshop CS6?,How can I do this in photoshop cs6?,0,0.9023794
How can it people check my bank details?,How do I insert video in powerPoint presentation so that it can play in other laptops after transferring? Check the details.,0,0.48737368
Why does Set Max repeatedly telecast Sooryavansham movie in India?,What are the telecast times of the Arrow series in India?,0,0.75040966
Who is the most selfish fictional character ever?,Who is the most selfish TV or movie character ever?,1,0.89675057
What are the best startups ideas in India?,What are some of the best startups ideas for India?,1,0.9836134
"""What are the difference between """"p namespace"""" and """"c namespace"""" in Spring framework of Java?""",What is the difference between library and namespace in C++?,0,0.7738759
How many Division 1 NCAA basketball teams are there?,Which team seeded 9+ is most likely to make it to the Sweet 16 in the 2015 NCAA men's basketball tournament? Why?,0,0.7135175
I am 25 year old guy and never had a girlfriend. Is this weird?,I am 25 years old. I have never had a girlfriend. Is something wrong with me?,1,0.936479
How do I stop my mother-in-law from visiting and staying for long durations without being rude and inappropriate?,My mother-in-law takes over the kitchen when she comes to visit. How can I politely tell her it is not her house?,0,0.6998489
What was the English people's opinion during the famine in Ireland? Did they feel remorse or tried to help them or were they indifferent due to their prejudices or bias?,Do people feel uncomfortable if you idealize them?,0,0.4945541
Why we can't wake up in the morning?,How do I wake up suddenly in the morning?,0,0.7672564
"As a UG CSE graduate, can I join companies like Lockheed Martin and Dassault?",How do I Convert commercial licence of 4wheelar into personal licence?,0,0.5406522
What is your review of The Poona Pact Between Dr BR Ambedkar and Mahatma Gandhi?,What is your review of The Poona Pact?,1,0.76760393
How do I respond to a cancellation notice?,"If a flight is almost empty, will the airline cancel it to cut costs?",0,0.50946367
What happened to Chandler in Friends' 7th season that made him look so different?,Will there ever be a Friends (TV show) reunion?,0,0.52371913
How can I make money from Facebook?,How can make money on Facebook?,1,0.9629102
Who will win war between Russia and US?,"If USA goes to war against Russia tomorrow, who would be likely to win in the end, if any?",1,0.8428724
What are some of the most accurate documentaries/movies on the Indian Independence struggle?,What are the most factually accurate documentaries or movies about Indian history?,0,0.8999852
What is the future of HTML5 game development?,What is the future of Of HTML5 game development?,0,0.9975623
What is the importance of technology in a modern enterprise?,Would alien technology be a mix of modern and old?,0,0.56703705
Why are all unidentified dead bodies called Ashok Kumar in India?,Decomposition: How long does it take for a dead body to start smelling?,0,0.5352706
Which is the best TV series you have ever watched?,What are some good TV Series that I should watch? Documentaries not preferred.,1,0.57838416
How much will it cost to just build an app like uber if I hire someone external to do it for me?,How much does it cost to build an app like Uber (iOS & Android)?,0,0.87006104
"What should be compressive strength of concrete cube of M25 grade for beam, column and slab after 7 and 28 day's?","How do I estimate a concrete firewall, partitions, flooring, slabs, beams, columns, and footing in construction?",0,0.6936726
How do you download a polygon from Google Maps as a KML or Shapefile?,Is there a way to import a KMZ/KML program into my own Android app and use it as a layer from the Google Maps API?,0,0.78721
How much time does it take for a PAN card application to process?,How do I apply for a PAN card?,0,0.6364381
"If my sister goes to prison, will it affect my future goals?",I have 3 years experience in MSBI. Is it wise to change my technology to SAS at this point? I don't plan to stay in my current company for >1 year.,0,0.535319
Who estimates poverty in india?,What is fee of nits for income below 10 thousand?,0,0.5456256
Why the path of planets is elliptical not circular?,Why the orbits of planets are elliptical and not circular?,1,0.9612004
"Why do you use Twitter, but not Facebook?",Why do you not use Twitter?,0,0.8702108
Is there anything called black hole? If yes then what's the proof?,How can anyone tell about black holes by solving the equations?,0,0.77991414
How can I calculated the condensed structural formula for methanol?,What is the structural formula of condensed methanol?,0,0.9143535
How do you make chocolate chip cookies?,What is the best chocolate chip cookie recipe?,1,0.8749399
Do young people listen to Beatles music?,Why do white people listen and play soul music?,0,0.549312
Which is the best computer shop in Dubai?,What products can be bought in Dubai that cost less in price than in India?,0,0.57079774
"Is eating moldy bread safe and if so, are there any nutritional benefits associated with mold consumption?",Is it dangerous to eat moldy bread?,0,0.6820642
What's your experience on a full body massage in Bangalore?,Which is the best spa in Bangalore for body massage with affordable rates?,0,0.6648826
How is “this” used in a sentence?,How is the word 'quibble' used in a sentence?,0,0.8840872
"Is the Panchayati Raj system really strengthening our democracy, or helping the corruption expansion at the grassroot level?","Political Science: Is the Panchayati Raj system really strengthening our democracy, or helping corruption expansion at the grassroots of democracy?",1,0.933504
What are some secrets which you have never told anybody?,"What is something that you have never told anybody, and that you can only say anonymously?",1,0.92379075
What are the differences between authentic and replica jerseys?,What is the difference between a bra and a bralette?,0,0.5627309
What causes the death of a star?,What is the birth and death of a star?,0,0.895771
Do married Indian men think it is okay to stay in touch with their ex-girlfriends?,Do married Indian girls think it is okay to stay in touch with their ex-boyfriends?,0,0.92456913
What programming language(s) are used to create Game Dev Tycoon? What engine do the developers use?,"""Indie Game: What engine is used for the game """"Game Dev Tycoon""""?""",1,0.7985083
What is the main purpose of science?,What is the main purpose of Karmaloop?,0,0.71342325
Which are the best online mock test series for JEE mains?,Which is best online test series for jee mains?,0,0.97165984
What is the best way to study an MBA online?,How do I study MBA online?,1,0.8818073
What is it like to have a surgery?,What is it like being a surgeon?,0,0.8606662
"How much money do YouTubers make with 1 million views and above 10,000 subscribers? How much tax do they have to pay?",How much does YouTube pay partners for their content?,0,0.6727726
How do I impress a girl on chat?,How do I impress a girl?,1,0.9430033
What is conservation economy?,What is a conservative?,0,0.6034279
How do I get study materials of Kota for PCB?,"What is a harmony seeking idealist, and what are some examples?",0,0.388455
Is India still a developing country?,Why india still known as a developing country?,1,0.9382509
"What is the difference between UK, Great Britain & England, why they are not one single country at all places? Please read the details?","What is the difference between England, Wales, Scotland, Ireland, Britain, Great Britain, United Kingdom, the British Islands and the British Isles?",0,0.6481699
What are the differences between common law and statutory law and what are some examples?,What are the differences between common and statutory law and what are some examples?,1,0.9921367
How can I find out if my wife is cheating on me?,How may I know whether my wife is cheating on me?,1,0.9767488
How do I write a short and interesting Tinder bio?,What things to mention and what not in your tinder bio?,1,0.655615
Have you ever been betrayed by someone dear to you and how is the relationship with that person now?,Have you ever been betrayed by the person you least expected to betray you?,1,0.886459
Why haven't computer manufacturers switched to USB Type-C?,Why is the adoption for USB type C connector very slow?,0,0.7115317
How do you build a lot of muscle?,What is the best way to build muscle?,0,0.7939999
What is the most believable paranormal experience you have had or heard of?,Can ghost really harm you?,0,0.4591334
What are the best nursing homes?,What are the best nursing homes in houston?,0,0.8922005
How can I start a conversation with you?,What is the best way to start a conversation with an investor?,0,0.59957534
Are The Doors an overrated band?,What was it like to be at a doors concert?,0,0.56060433
What is gender inequality?,Why do gender inequalities exist?,0,0.9329553
How much black money is recovered till now?,How much black money is recovered till now after demonetization?,1,0.96672636
How do I travel Singapore without tour packages?,How do I book Kashmir Tour Packages?,0,0.5039973
Can I drink water after taking cough syrup?,Why does cough syrup make you feel drowsy?,0,0.60806954
How is Xavier University Bhubaneswar for BBA?,Which is the best BBA college in Bhubaneswar?,0,0.69708353
How many Bollywood Actresses are showing camel-toe in real life?,How many Bollywood Actresses are comedian in real life?,0,0.7579563
"What can you do with an engineering degree, besides engineering?",What did you do after graduating with an engineering degree?,0,0.82041764
Where are Kalamkari shawls made?,What are kalamkari shawls? How are they made?,1,0.9525906
"What is the difference among Mythology, Theology, Mythism, Theism and (ethnic) Religion?",Are ethnic and local religions the same?,0,0.5427339
"""How can we use the word """"contorted"""" in a sentence?""","""How do you use the word """"bravado"""" in a sentence?""",0,0.88763195
How much time is required to crack the SSC CGL exam?,How much time is required to crack SSC CGL?,1,0.93815553
How can I improve my knowledge of English?,How can I improve my English knowledge?,1,0.98495215
What are the hardest adjustments to make when visiting Iraq?,What are the hardest adjustments to make when visiting Finland?,0,0.7634816
My car's engine died while driving. The starter turns well so it can't be the battery. It was filled up yesterday. What can the problem be?,What are some reasons your car might die while driving?,0,0.5921027
What are you most looking forwards to about NRF17?,Do you buy something online just to look forward for its arrival?,0,0.48767215
Should I start my company as an LLC or sole proprietorship? Why?,Should I form an LLC or sole proprietorship for my business?,1,0.962209
"Do devices (laptops, tablets, etc) emit CO2?",How do I emit CO2 when I surf the net?,0,0.59096456
"What do you think, can Airpods be compatible to iPhone 6?","Do Apple Airpods use bluetooth, or something else? What about when they are being used paired with an iPhone 6, is it still the same?",0,0.8297712
Why do people think Trump is racist?,Why do some people say that Donald Trump is racist?,1,0.9481571
Can I find out who added a question in Quora?,Is it possible to see when a Quora question was asked and who asked it?,0,0.8977995
What are the differences between German Standard German and Swiss Standard German when it comes to punctuation?,"What are the 4 missing terms in the sequence? _, -2, -5, 9, -4, _, 2, -3, 7, -7, _, 3, -1, 4, 6, _",0,0.42971984
Where can I get a free website?,Where can I find a free website?,1,0.9954139
What's the difference between IITs and other engineering colleges?,What's the difference between studying in the IITs/NITs and prestigious private colleges?,1,0.64701426
How much is the fine for traveling without ticket in local?,How much should I be fined for travelling without a ticket in a train?,1,0.6707176
What are some home remedies for a (melanotic) macule?,What are some home remedies for gingivitis?,0,0.84440815
How do you remove scabs in dogs ears?,How do you treat scabs in dogs ears?,1,0.9568487
What is the difference between Big Boss and Solid Snake?,What is the best strategy against Solid Snake?,0,0.75851905
What diseases are caused by lymphs?,What diseases are caused by bacilli bacteria?,0,0.7691897
What day in your life did you consider to be the best day ever?,Can you share best day of your life?,1,0.87486744
Can hamsters eat carrot? Why or why not?,Can hamsters eat grapes?,1,0.7605572
What are the advantages of digital electronics over analogue electronics?,Where can I get digital electronic practical videos?,0,0.62626123
"""What is the meaning of """"Life, Liberty and the pursuit of Happiness"""" in the Declaration of Independence?""","Is abortion in America a violation of the rights of life, liberty, and the pursuit of happiness?",0,0.60113096
What are the scope of msc after bsc?,What's the scope after bsc in botany?,0,0.7141859
What does Jimmy Wales think of people who say Wikipedia is a bad source for correct information?,What does Jimmy Wales think about Wikipedia being considered as an unreliable source?,1,0.95308375
Which song plays in the background of this video?,Which song is playing in the background of videos of goal.com?,0,0.77726614
Open Source Software: What are some of the best practices for weaning non-technical users off of Microsoft?,What is the best way for a non-techie to use GitHub open source?,0,0.781224
"What is the difference between tradition, custom and culture?",What are some cultural differences between Canadians and Americans?,0,0.67808735
"""Which among """"I will be in leave"""" or """"I will be on leave"""" indicates the right usage of preposition?""",Are lands won during a war from an aggressor considered legal?,0,0.39695603
I'm 2 weeks pregnant and I don't want the baby; what should I do?,What is the best way to get rid of a 2-3 week pregnancy?,0,0.7111721
Why is Saltwater Taffy candy imported in Italy?,Why is Saltwater taffy candy imported in Mongolia?,1,0.79527164
Could passing through a higher density of dark matter initiate a stellar core collapse in a star that is close to going supernova already?,Can there exist a stellar object made entirely of dark matter?,0,0.78421855
Why do people watch Jerry springer? When is the best nip slips??!!!,Why do people like Game of Thrones?,0,0.48338613
What would have happened if Hitler didn't attack Russia?,Why did Nazi Germany invade the USSR?,0,0.78418005
What is Hillary Clinton’s plan for the budget at NASA?,What is Hillary Clinton and Tim Kaine's plan for NASA?,1,0.9465822
What will be the repercussions of banning Rs 500 and Rs 1000 notes on Indian economy?,What would be the possible impact on Indian economy after cancellation of 500 and 1000 Rs notes?,1,0.8821577
What is a good tagline for Facebook?,What is a good tagline for time?,0,0.61989224
Can I find or track my lost mobile device using the IMEI number?,How can I get my lost cell phone if I don't know the IMEI number of my mobile?,0,0.88198805
Do Muslims worship the Kaaba or the black stone?,How do Muslims reconcile the Quran's anti-idolatry stance and the sacred black stone in Mecca?,0,0.80647033
Can you have an hourglass body shape and have small breasts/butt?,Who can break the record of 71 centuries by Ricky Ponting (across all formats of International Cricket) in the least number of innings?,0,0.22282416
How can I find accelerator programs that are open to international startups around the world?,Are there different types of prisons depending on the crime?,0,0.3041398
What is the best travel website in spain?,What is the best travel website?,0,0.86725223
What are the top 5 best torrent sites for eBooks?,Which is the best torrent site for music?,0,0.5220624
What are some of the best kept secrets of the hotelling industry?,What are the best-kept secrets of the hotel industry?,1,0.9740981
Can you suggest 5 recent malayalam books to buy?,What are the top 3 Malayalam books for teenagers?,1,0.58579993
What are the benefits of working at Karvy Stock Broking at Hyderabad?,How is it to work at Karvy stock broking limited?,0,0.7454577
Why we need vlsi?,Can Tuna Cause Mercury Poisoning?,0,0.33047566
Which young wrestler should finally defeat Brock Lesnar?,How should be the resume of an mechanical engineer to apply IT companies?,0,0.4027123
Can you walk across the Canadian-US border?,"Are there really parts of the US–Canada border that are unprotected, such as this one?",0,0.7266344
Why has Trump accepted Obama was born in the US?,Why did Donald Trump admit President Obama was born in the U.S.?,1,0.9531367
How much salary should I offer a somewhat junior (i.e. college degree but only 18 mo of work experience) UI/UX designer?,How much money can a UX/UI designer make?,0,0.5864891
Politics of the Philippines: Why do people assume anti-American activists are instantly hypocrites just because they own a few American brands?,Who was the worst political candidate in American history?,0,0.5454503
"Other than CSS, HTML, and JavaScript, what is a language I should learn to create a modern progressive SaaS/web app?","Which are the best books to learn HTML, CSS and JavaScript?",0,0.7953783
How can I check for viruses or malware on my iPad?,Do you need to check file uploads for viruses?,0,0.77881414
What is the role of engineer trainee in Cognizant IT IS?,What is the job role of Engineer Trainee in Cognizant IT IS?,1,0.97845733
I have an education loan in sbbj. Bank written off the account. Do I still need to pay it?,Do I still pay the U.S. corporate tax If I have an online business and bank of the foreign country I live in?,0,0.7237816
What is best source for start learning digital marketing?,What should I learn to become a best digital marketer?,1,0.8911485
Do employees at Home Bancshares have a good work-life balance? Does this differ across positions and departments?,Do employees at Prosperity Bancshares have a good work-life balance? Does this differ across positions and departments?,0,0.8547039
Who are the most underrated actors in Hollywood and Bollywood?,Who is/was the most underrated actor/actress in Bollywood?,0,0.92222035
Side dishes for chicken tenders?,What are some side dishes for chicken tenders?,1,0.97357994
How can I increase my stamina?,What are some good ways to increase your stamina?,1,0.846312
Which is better a MacBook or Surface 4?,"Which is better, Surface Pro 4 or Macbook Pro 13' 2015?",0,0.8690909
"If [math](4,2)[/math] and [math](6,18)[/math] lie on a line perpendicular to [math]2x+ay=14[/math], what is the value of [math]a[/math]?",WilRussia and US trigger nuclear war over Syria as it is all over the internet?,0,0.34911743
How was it to meet Richard Feynman?,What was it like to meet Richard Feynman?,1,0.94769335
"Band-aid, spoon and grass. Can you solve a global issue through innovation by combining these random nouns to invent a solution?",Why did goku and gohan stay as super saiyans even when they aren't training before cell games?,0,0.3541065
Why might people be staring at me?,Why are people staring at me?,1,0.9554012
What is the silliest question to ask?,What are some of the silliest Quora questions?,0,0.9174125
Why is Ferris Bueller's Day Off rated so highly by the critics?,Is the car in Ferris Bueller's Day Off an authentic 1961 Ferrari 250 GT California?,0,0.4439317
How are memories stored and retrieved in the human brain?,What part of the brain do we humans use to reflect on memories?,0,0.92314035
How hard is it to practice water polo compared to rafting?,How hard is it to practice water polo compared to sailing?,0,0.92964864
If we all together stopped every single clock/watch on earth for a while. Would we lose track of time?,"Time (physics): If all the clocks in the world stopped working for a few days, would we be able to regain the exact time in seconds, minutes and hours?",0,0.767092
Can I do second year degree after completeing my AME course?,Can I join any of the engineering courses after completing 1 year doing a pure science course at BITS Pilani under the dual degree program?,0,0.72626936
What can India do to improve its performance in the Olympics games?,How can India improve sports performance in Olympics?,1,0.9688653
Who created Metacrawler.com?,Who created Quotev.com?,0,0.8740307
How do I avail the concession of Defense quota while booking flight tickets?,I booked a flight to and fro flight ticket through third party website. Amount had been deducted but ticket has not been booked. Will I get my money?,0,0.7225804
Do Quora contributors get paid?,Do Quora writers get paid?,1,0.917596
What are the job opportunities after an MTech from IITs?,What are the opportunities after mtech from iits?,1,0.91411793
Which is the best newspaper in the world that provides unbiased information on world affairs?,What are currently the best newspaper websites in the world? Why?,0,0.85233724
What is your new year resolution for 2017 or goal for 2017?,What's your New Year 2017 resolution?,1,0.9543655
Why aren't there 128-bit CPUs?,"What are the max RAM sizes for 16, 32 & 64 bit CPUs?",0,0.63426054
How do I install a fuel level indicator/gauge on a RE Bullet Standard 350?,Is it worth buying a Royal Enfield TB 500 in 2017?,0,0.5446985
"Are there any ways for a womb to be grown inside of a biological man after sexual reassignment surgery, so that they could have a child?",Can trans people give birth?,0,0.64213
Why was Lucy killed in Assassins Creed Brotherhood?,"What do you think of the movie, Assassin's Creed?",0,0.55782485
Why so thirsty during sex?,Why am I so thirsty after sex?,0,0.9209757
Can World War 3 ever take place?,How imminent is World War three?,1,0.89516413
How can I lose more than 1 kg a week?,"I am male, 170 cm, 69 kg. I lost 9 kg in the last 6 months by eating well and jogging 2 days a week. But I want to lose at least 7 kg in the next 2 months. What should I do?",0,0.63231534
How do you fix a Kitchenaid dishwasher that is not draining?,How do you unlock a KitchenAid dishwasher?,0,0.8247358
What are the must visit and must see attraction when seeing Singapore?,Which are the best places to visit in Singapore?,1,0.78923017
Who are the best (currently active) French mathematicians?,Do French military forces have the best rations?,0,0.6808336
What is the root cause of racism?,What fundamental problem causes racism?,0,0.9688615
What do SpaceX employees think of Planetary Resources?,What is it like to work at Planetary Resources?,0,0.8340127
My friend from the past is stalking me. What should I do?,My mom is extremely conservative and isolates me from my friends. What should I do?,0,0.44554883
Is there gravity without mass?,Why do objects with mass warp space-time?,0,0.57596755
What is 'Wants to share with you ' notification on fb?,"If I Custom share a post in FB, just with Some one, will she be able to find that I shared it only with her?",0,0.6577469
I drink a lot of water still my lips remain dry. What should I do?,Why does my tongue feel dry and thirsty even after I drink a lot of water?,0,0.7973834
Why do my bipolar disorder and ADD worsen in the spring and summer?,"Why does a hotter body cool faster than a cooler body, with respect to ambient temperature?",0,0.3905667
Why do products sold at Trader Joe's often have no expiration date?,Does Trader Joes accept EBT cards?,0,0.6032378
What rate is given when cashing a U.S. check abroad?,What is it like to go back to the U.S. after studying abroad in Europe?,0,0.50463116
How can we understand the programs in computer science?,What is the best way to understand computer science?,1,0.84702384
What are some career paths that I can choose?,"What strikes first time visitors as special or unusual when they arrive in Beira, Manica, Mozambique?",0,0.3866801
Why doesn't the earth's gravity pull satellites towards it?,Why aren't the astronauts pulled by our earth's gravity?,0,0.9079261
Why all programming languages are in english language?,Why are all programming languages in English?,1,0.9573892
What is the difference between supercharger and turbocharger?,What is the exact difference between supercharger & turbocharger?,1,0.96396464
What are the most likely songs to get stuck in your head?,Why do songs get stuck in your head?,0,0.8468636
Does baking soda help to whiten teeth?,Does baking soda really help whiten teeth?,1,0.9891824
What is the best program for make logos?,What is the best program to make a logo?,1,0.9470428
Why can't Quora block stupid questions?,Why does Quora feature stupid questions?,1,0.8638263
What would happen if the Earth's gravity becomes zero for 2 seconds?,What would happen if Earth lost its gravity for like 5 seconds and gained it immediately after 5 seconds?,0,0.7031436
Can a bad person become good?,What factors cause a bad person become good?,1,0.95755106
What is the current rate of electricity (cost per unit) for Delhi metro?,What is the current rate of electricity (cost per unit) in Delhi?,1,0.8880146
Why does the Earth have blue sky?,Why is the sky blue on Earth?,1,0.9727583
"What happens when a 220V appliance is plugged into a 110V socket, and the other way around?",Is there a company in Singapore that specializes in converting 120V appliances to 220V?,0,0.76196826
How is the chemical formula of silver phosphate determined?,How can you determine the chemical formula of silver and zinc cholide?,0,0.9232646
Which one is better whether product based or service based company?,Which one is better whether product based or service based company? If I have a offer on service based company,1,0.9339542
Which is the world's biggest modern tank?,Which tank has the best armor?,0,0.6428143
Can we stop global warming?,Can we stop global warming? Yeo/No? Why?,1,0.96056247
How has it been proven that we have souls?,Do we really have souls?,1,0.937634
Which is a suitable inpatient drug and alcohol rehab center near Scott County IA?,Which is a suitable inpatient drug and alcohol rehab center near Warren County IA?,0,0.96520996
Who will win in the UP election?,Who will 2017 up elections?,1,0.7081925
"""What are some sentence examples using """"though""""?""","""What are some sentence examples using """"into""""?""",0,0.9305794
Why is the plural moose not meese if geese is the plural of goose?,"If the plural form of goose is geese, then why isn’t moose ‘meese’?",1,0.95942557
How does Snapchat's screenshot notification process work?,"How exactly does Snapchat detect, if it's user takes a screenshot?",0,0.89293444
Which is the best book for teens?,What is the best fiction book for teens?,0,0.91699004
"Should Trump show is birth certificate, since he forced Obama to show his?",What steps can I take as a male to become a gym-rat?,0,0.39405066
What is the best way to prepare for GRE verbal reasoning in 20 days?,How do I prepare for GRE in 40 days?,0,0.6465206
"Can anyone provide me some information about this brand, Black Gloma?",Is Uber known for ghosting applicants instead of sending rejection emails even after completing the panel interview round?,0,0.35755616
Which country gives best salary to instrumentation engineer?,What happens to criminals’ personalities who serve a lot of jail time?,0,0.26729235
Why is Saltwater taffy candy imported in Australia?,Why is Saltwater taffy candy imported in Mongolia?,1,0.8366093
Do you consider Edward Snowden a hero for freedom?,Is Edward Snowden a hero or a villain? Why?,1,0.7817857
Where can I have sex?,What is the best way to do sex?,0,0.7648692
What would it feel like to travel at the speed of light?,Is it possible to travel at the speed of light?,0,0.96199155
What would happen if Pakistan goes to war against India?,What will happen if there is a war between India and Pakistan?,1,0.9549869
How many hours you work in your job?,What hours do you work at your job?,0,0.9138913
When is the Musigma off campus drive for 2017 batch? What is the process?,When is MuSigma Off Campus drive for 2015 graduates in 2016? How to apply for the same?,0,0.82182
Clash of Clans: Which is best war base for town hall 9?,Which is the best base camp for Town Hall 7 in Clash of Clans?,0,0.68716085
How do l improve my communication skills?,How do I improve my communication skills in one month?,1,0.55675066
How do I catch charizard on Pokemon Go?,Where do I catch a Charmander in Pokémon GO?,0,0.94483745
How has technology changed the education system?,How has technology changed education?,1,0.9783931
What are some subtle ways to tell if a guy is gay?,How do I find out if a hot guy is gay?,1,0.90907526
Why do we fall for people who don't feel the same way about us?,My AMCAT scores are English-50% Quantitative 66.8% logical 98.9% programming 85.9%? Can I expect interview calls?,0,0.17742139
How can I last for a longer time during sex?,I am a 20 year old male. How can I last longer during sex?,1,0.6125122
"In Kung Fu Panda, is Po's dad a duck or a goose?",Is the Tigress Po's girlfriend?,0,0.3592012
How many human beings have ever lived?,Is it possible for humans to ever travel at (or near) the speed of light?,0,0.5445703
"""Why does Quora mark my perfectly semantic question as, """"Needs Improvement""""?""","""Why does Quora mark questions as """"Needs Improvement"""", even if the questions are complete?""",1,0.85214317
How has being on Quora changed you?,How does Quora change you?,1,0.91771096
Why is RBI not issuing new 1000 Rupees notes?,Why did RBI issue new 2000 rupees note?,1,0.80007946
What is the best answer for why should I not hire you?,Why should we not hire you?,1,0.74184
"Are Bayesians and frequentists mutually exclusive groups? Must a statistician be one or the other, or can different philosophies be applied to different problems?","As a data scientist, what could the consequences be for mixing Bayesian and frequentist statistics?",0,0.73827386
"I was born in 1994, and I am in the third year of my bachelor's. I want to participate in ACM-ICPC in a master's as well, and I have 4 regionals left. How should I manage them?","I am currently a third year student pursuing B.S. in Info Tech. If I get an MSCS from a more well known state school, how would the salary differ?",0,0.8291619
What is a good two-week itinerary for visiting the Philippines?,"I am travelling to Manila, Philippines in coming march for two weeks, and have about a week to visit local nearby and cheap tourist attractions. Any suggestions?",0,0.8345883
How can I increase my self-esteem?,How can I increase my confidence level?,1,0.9142977
Which are the sexiest job of a man according to girls?,What was Ser Davos so surprised at when he saw Jon Snow's blood in the ice when he was murdered by Alliser & Co?,0,0.23505953
"All else being equal, what are some Y Combinator S13 startups one should want to work for, whether as a designer, developer or salesperson and why?","Have startups ever been accepted to Y Combinator, but then left before completing the program? What would be the main reasons for these rare leavings?",0,0.5746627
When will my chow chow grow fur again after he was groomed?,What are some behavioral traits of a Chow Chow/Poodle mix dog?,0,0.5936812
Is time travel to 2010 possible?,Is time travel possible then after how long time?,1,0.72123384
What are these strips embedded in an asphalt street?,How much was the Asphalt print sold for?,0,0.58766896
What are the most Interesting facts?,What are the most important facts of living?,0,0.78347224
Is there any Twitter account creator to automatically create mass Twitter accounts?,How do I mass create twitter accounts twitter accounts creator?,1,0.8736557
How does the stock market work? Who decides the price of stocks?,How does stock market works?,1,0.9560883
I really wish I could sing. I harbor jealousy when I hear a beautiful voice. How can I accept myself?,"If we hear our voice at a lower frequency than it really is, how come it is possible to not sing out of tune?",0,0.52650505
What does love feel like to you?,How does it feel to be doing what you love?,1,0.88034093
Is it possible to copy text from a book using Google Play Books?,Can we add book samples from Google Books to the Play Books app?,0,0.91352797
When should one use 'does' or 'is' in questions? E.g. 'does anyone know why the system is down?' vs 'is anyone know why the system is down?',What pronouns are related to the countries and how do we know them and why. Can anyone explain them in detail?,0,0.6167246
What are some of the most advisable technical electives for CSIS students?,What are some of the most interesting electives offered at BITS - Pilani?,0,0.813144
Is there really the existence of Aliens and is there any proof available realted to them?,What is some of proof collected over the years that indicates the existence of aliens or extraterrestrial life?,1,0.8752022
What are the best books you read in 2016?,What are the most interesting books that you have read?,0,0.69720113
How do I earn some extra money on weekends in Bangalore?,How can I earn some extra money during weekends in Bangalore?,1,0.9887864
Why do China and Japan hate each other?,What is the long-standing grudge within China and Japan? How did it start?,0,0.77187926
How English will be improved?,What will be improved in English in the future?,1,0.945281
Is it possible to upgrade from Yosemite to El Capitan OS X but not Sierra?,How is deforestation harming Latin America?,0,0.5008007
"What is the “Clinton Body Count” theory, and why do people believe it is true?","If an unlocked smartphone that's packed with dozens of high-tech features sells for under $500, why do largely-inefficient hearing aids still cost thousands of dollars apiece?",0,0.3510101
Is CA better than CFA?,"Which one is better and why? CFA, CA, or CPA?",0,0.85586166
Which is biggest city in the world?,What is the biggest city?,1,0.96739864
Which are the best Hindi (Bollywood) romantic songs for a couple dance?,Which are the best old Hindi (Bollywood) romantic songs for a couple dance?,0,0.9720501
"Can I postpone my joining date after clearing the ESE/IES (railways, or any cadre in general)?",I was selected in campus and was issued a joining date then itself.Due to the postponement of my final exams I can't able to report?,0,0.65610325
Can somebody share with me about his/her story towards how they quit porn & masturbation addiction?,Is it right time to buy syngene stock?,0,0.4004231
What does g = 9.81 m/s2 mean?,What is the acceleration due to gravity on Mars?,0,0.39654198
"What hotel in Kurseong Hill-station would be safe for unmarried couples, without the harassment of police, hotel staff, and moral police?","What hotel in Shillong Hill-station would be safe for unmarried couples, without the harassment of police, hotel staff, and moral police?",0,0.99576294
Can an apology message be used to get an ex boyfriend back?,Can writing an ex boyfriend an apology message be a way to get them back?,1,0.9704981
What are the most interesting products and innovations that Spark Therapeutics is coming out with in 2016?,What are the most interesting products and innovations that United Therapeutics is coming out with in 2016?,0,0.9893249
Why are my periods lasting longer when I'm on birth control?,How long will my period last on birth control?,0,0.79240793
What is criminality?,What is a criminal?,0,0.92798114
"I 20 years old, an Asian. I want to find some ways out of my situation.",Sometimes I think I'm worthless and dont feel good. What should I do to regain my confidence and motivation?,0,0.50192076
Who do you think might support an initiative to create a method of written/visual communication that visibly depicts the communicative value of oral communication - the spoken word?,Have you experienced communication from an unknown source via radio waves or brainwaves? What do you think it might be?,0,0.4760685
How do I get better at writing or blogging?,How do you get better at writing?,1,0.7986803
"""How would you answer the question """"Why should we hire you”?""","""What was the best answer for """"Why we can hire you""""?""",1,0.70862925
What are some Android apps to compile and run turbo C programs?,How do I compile and run C programs in the command line using notepad in Windows?,0,0.6946952
Why is John Oliver so smart?,Why is John Oliver so popular?,0,0.850935
What should I do to earn rs 20000 in 2 months?,How can I earn $250 in 2 months?,0,0.831769
Old generation thought of love?,What are the best ways to pack a travel backpack for a trip?,0,0.2717673
How do I manage to tidy up my dad's place and make it more livable when I am so depressed?,"What are the differences between fluency, eloquence, and articulateness?",0,0.25981075
Can we live without credit cards?,How did Vader find the Tantive IV after Scarif?,0,0.53916955
Where can I buy second hand books in Hyderabad?,Where can I buy second hand books in india?,0,0.896471
Does giving Benadryl to a dog make them sleepy?,How can you give dogs Benadryl to calm them down?,1,0.7874511
How can you prepare salsa with tomato sauce?,Does a salsa need tomato sauce?,0,0.9451781
Can we see downvotes on Quora? If no what is the purpose of the downvote tab? We must be able to see both sides of the coin.,Will you be able to see the people who downvoted your answer on Quora?,1,0.5657927
How can I get free funds for my startup ideas?,How do I get funding for my startup idea before we have a prototype?,1,0.8324301
Which is the best server side language to learn for Web development?,What scripting language is useful for web development?,1,0.8041007
Who are some lesser known important historical figures of Serbia and what should people know about them?,Who are some lesser known important historical figures of Palestine and what should people know about them?,0,0.74947107
What is the best way to form a question?,How do I form a question with do and did?,0,0.74637353
Are there any good colleges accepting MAT scores?,What are the best colleges accepting MAT scores?,1,0.885625
What are good examples of websites built using Adobe ColdFusion?,How can I create and launch a website using Adobe Dreamweaver?,0,0.7104544
What will be the output and why?,What will be the output?,0,0.9770217
"What is the Sahara, and how do the average temperatures there compare to the ones in the Sonoran Desert?","What is the Sahara, and how do the average temperatures there compare to other deserts?",1,0.95952153
What is the origin of the word flatsigned?,What is the origin of the word davu?,0,0.8278799
Why should I be studying?,Why should I study?,0,0.93983173
How do I write a marketing research proposal?,How do I write a good research proposal?,0,0.7493695
How do I get my old Facebook account back?,How can I get my first Facebook account back?,1,0.91946054
How can I naturally get rid of self harm scars?,What are some creams/lotions to get rid of self-harm scars?,0,0.74373114
Which programming language will be in demand?,Which programming language is in demand at canada?,0,0.6709084
What are the pros and cons of banning currency notes of 500 and 1000 in India?,What are some good and bad benefits of banning 500 and 1000 rupees notes in India?,1,0.9262088
Does SELinux have a future scope? Should I do my MTech project in this field?,"I want to do an MBA in hotel management. Is there any future or scope in this field? If yes, which is the best college?",0,0.462667
Can I give my dog Benadryl for his allergies?,Does giving Benadryl to a dog make them sleepy?,1,0.77696806
Is porn bad for men?,Can I become a porn fan without getting addicted?,0,0.70855427
Where does our trash go?,Where does all our waste go?,1,0.87031686
What is the connection between poverty and terrorism?,Does poverty cause terrorism?,1,0.9137252
What is the most interesting sex stories?,What are some of the best sex stories?,1,0.9258876
What are Sodexo coupons? Why does a company give Sodexo coupons to its employees? What's the business model of Sudexo?,Why don't eCommerce sites accept Sodexo/Ticket restaurant coupons?,0,0.60418993
What is the condition of WiFi at RVCE hostels ?,How is the WiFi at RVCE?,0,0.8890332
Is Loma Linda University a good medical school? Why or why not?,Is Loma Linda University a good school? Why or why not?,0,0.79741997
What is the effect of a curved penis on sex?,Sex: How do I put my penis in a vagina?,0,0.8018011
What are the social problems of India?,What are the social problems in India?,1,0.9941125
Do narcissistic men target a certain type of woman?,What happens to narcissistic men?,0,0.73653233
How can I create a jet as fast as it can go round the earth backwards to go back in time?,What is the truth about pesticides in carbonated beverages?,0,0.28202683
Why do Indian medias and experts doubt the Indian GDP growth rate?,"In India, are we overestimating the GDP growth rate?",1,0.810879
How is Eevee's evolution determined in Pokémon GO?,Does Pokémon GO Eevee evolution depend on your location?,1,0.9199865
How do I get coins on musical.ly?,How can I get free silver coins in India?,0,0.66557276
How can you tell if your male teacher likes you more than just a student?,How can you tell if your male teacher is flirting with you?,0,0.89120483
What are the best books to be read during pregnancy?,What kind of books should I read during pregnancy?,1,0.8158742
How do an Indian citizen buy a gas station in USA?,Why is it common for retail convenience shops and gas stations to be operated by those of Indian descent?,0,0.75652474
How do I see who's viewed my Instagram profile?,Is there app to see who viewed your pictures on Instagram?,1,0.9176244
"Which is a better sport to learn, tennis or squash?","Why has squash struggled to grow in popularity to match similar sports like badminton and tennis, worldwide?",0,0.72127455
Can a msc chemistry student apply for ISRO summer internship?,"Graduate School Education: As a first year CS PhD student, should I be applying for internships this summer? If so, what sort of internships?",0,0.8510617
What are the 1-5 positions in Dota 2?,How do I reach Level 50 quickly in DOTA 2?,0,0.6599935
What is the difference between petroleum engineering and petrochemical engineering?,What is the difference between petrochemical & petroleum engineering?,1,0.9892274
My daughter was murdered by a boyfriend. I give presentations about what happened. How do I get more speeches about the prevention of dating violence?,"My daughter was murdered by her boyfriend years ago. I want to give paid speeches about dating violence, how should I go about this?",1,0.93714553
Is it true that Donald Trump is on amphetamines?,Can Donald Trump become the next Hitler?,0,0.67885196
What can replace plastic utensils which are used in almost all the food places?,"Which would win, a woolly mammoth or a woolly rhino?",0,0.21759494
"If you cut a fruit and keep it in the fridge, will it get spoiled?",How to keep cooked beetroot in fridge?,0,0.6630546
What are the key differences between edge-triggered and level-triggered interrupts?,"What is the differences between exceptions, and software interrupts?",0,0.8559257
What is the value of the domain name Tasls.com?,What is the value of 'Honolulu.to' domain name?,0,0.7484724
Any active cycling groups in Mumbai (Parel)?,Do we have any cycling group in mumbai who go for long rides?,1,0.8568853
Consumer Behavior: How many unique buyers of lottery tickets are there in the US?,What is the consumer behavior theory in transportation?,0,0.5399401
What is the first step to take if you want to start a business?,What is the first step in starting a business?,1,0.9576742
Would Mike Pence be a better US president than Donald Trump?,Would Mike Pence make a better U.S President than Donald Trump given calls for Trump to step down as the Republican nominee?,1,0.9144672
How do I get meth out of my system in 3 days?,So how can I get meth to be flush out of body in 2 hours before a urine drug test?,1,0.81038404
How do I find out if my brother is vaporizing weed in his bedroom?,How can I find out if my little brother is vaporizing weed in his room?,1,0.9759877
What are the differences between a sociopath and a psychopath?,What are the trait differences of a sociopath and psychopath?,1,0.9743228
Why would someone try to get high off of amoxicillin?,Is it possible to get high off Vyvanse?,0,0.59598386
What is the solution to this problem () () () = (30)?,How do you solve a Rubik's Cube?,0,0.31100404
What is the natural way to increase height at age of 20?,Is there any way to increase height after age of 20?,1,0.91168624
What are the top 5 dating sites?,What are the best dating apps or sites? I've tried Zoosk and it was awful.,1,0.38578534
How many sleeping pills causes death?,How much sleeping pills causes death?,1,0.9647956
How will you define this down to earth behavior of Sri Narendra Modi?,"If you had to create a poster selling yourself (so people will approach you for friendship), what will you write on it?",0,0.33046466
Which website shall I visit to learn business from the scratch?,Why does the stomach growl after you eat?,0,0.29420394
What does having sex for the first time feel like?,How did you feel first time sex as a virgin?,1,0.79810375
Which is the best way to learn hacking just as a hobby?,How can I learn hacking for security purposes?,1,0.7634023
Why is it that a man who sleeps with many women is considered a man while a woman who sleeps around is called a whore?,"In many classic stories, a woman waits for a man to complete his journey and come back to her. Why are these women always waiting? Why is it never the man who waits?",0,0.47918367
Where Can You best Luxury Towels In USA?,Can you choose the name on your YouTube play button award?,0,0.4056181
Which country is the best for tourists?,What's the best country to visit as a tourist?,1,0.9381718
What is the best book (in English) about the history of Japan?,What is the best English language book store in Tokyo?,0,0.8543031
What career advice would you give to someone who wants to become a journalist?,What career advice would you give to someone who wants to become a librarian?,0,0.6916688
Why do we wear costumes on Halloween?,What costume should I wear for Halloween?,0,0.93585575
How do I know that the content I'm viewing at any moment on Quora hasn't been fabricated by the same person? If I post as an anon how do I know I am?,"If I share a post on Facebook, how do I preserve all of the contents of that post?",0,0.5806345
What is the best site for downloading e-books?,What are the best sites for downloading e-books?,1,0.990359
What is the meaning of the BuzzFeed Youtube channel colors?,How do I start a channel on YouTube?,0,0.7968169
What is a good way to lose 30 pounds in 2 months?,How can I lose 30 pounds in 2 months?,1,0.9192072
Is there any scientific justification for FYROM Slavs claiming linguistic and cultural continuity with Ancient Macedonians?,Is it possible for me to get a future woman/girlfriend with large breasts?,0,0.4319815
What is a suitable inpatient drug and alcohol rehab center near Kankakee County IL?,What is a suitable inpatient drug and alcohol rehab center near Cook County IL?,0,0.94218445
Which songs are best for shrilled voice?,Which is the best software to edit your voice like professional singers (which software do youtubers use for uploading song covers)?,0,0.5661409
Which programming language should I learn: Java or JavaScript?,"For building a website, which programming language is easier to learn: Python or Java?",0,0.7938075
Why are NCS tracks not globally popular?,Why is Narendra Modi so popular among Indians?,0,0.44195616
What is the training given to service dogs?,What kind of training is required for a dog to be certified as a service dog?,1,0.9049376
Is the portrait mode on the iPhone 7 Plus still in beta?,Why don't we see any new religions spreading like the ancient era?,0,0.38859576
What are some things new employees should know going into their first day at Stage Stores?,What are some things new employees should know going into their first day at Garmin?,0,0.91285163
What is the best way to buy and resell cars?,How do I buy and resell things?,0,0.5951055
What are some good places to visit in Europe?,What are the best place to visit Europe?,1,0.91930574
Is universe expanding because there is potential energy that transforms into kinetic energy all the time?,"As universe expands without limit, dark/vacuum energies are created too so is the energy that can be created (potential energy/potentiality) infinite?",0,0.7828765
Why do people's lips turn white when they are afraid?,Why do people purse their lips in thought?,0,0.55028236
How is Apple better than Samsung?,Are Samsung smartphones better then Apple smartphones?,1,0.92212796
How do I train my puppy?,How and when should I start training my puppy?,0,0.96002305
What are some of the best investment plans?,What's the best investment?,1,0.9081794
How does e-marketing companies such as freecharge and paytm  profit despite coupons they give out to customers for promotion ?,"How companies like Paytm and freecharge give cashback to customers or make profit. Need specif consider, as I'm layman to marketing benefits?",1,0.85166955
How do you love when you've been hurt so many times?,How many times do you allow people to hurt you?,0,0.6599715
What is an extrusive igneous rock and what are some examples?,What are some examples of extrusive igneous rocks?,1,0.9797255
What does a Trump presidency mean for Indian students looking to pursue Master's degrees in USA?,How will Trump's presidency affect the Indian students who are planning to study in the US?,1,0.9152629
If Earth had no atmosphere would the sky appear black?,Atmospheric Science: Why is the sky not yellow?,0,0.6630254
How do I reduce belly and chest fat?,What should I eat to get rid of belly fat?,1,0.82818043
What do i do with my naturally curly hair?,How do you cut curly hair?,0,0.8497372
How can I travel without money to work voluntarily?,How can I travel the world without having enough money?,1,0.8857455
"What is the best laptop under INR 30,000?",What are the best laptops available under INR 30000 (30k)?,1,0.9613689
Are there any differences in the content of Indian Polity by M Laxmikanth 4th and 5th edition?,Are there any differences in the content of Indian Polity by M Laxmikanth 3rd and 4th edition?,0,0.8828169
How does a U.S. citizen relinquish his U.S. citizenship?,How does a citizen of the U.S relinquish his/her citizenship? What are the advantages and disadvantages?,1,0.94329286
Is sex important in life?,Why sex important in our life?,1,0.9282776
Which is the best book for core Java?,What are the best reference books for learning Java?,1,0.911806
How can I stop feeling like a loser?,What will you do if you feel like a loser?,1,0.8428376
Is 16 too late to get better at programming/CS?,Is it too late for me as 25 years old to go to part-time university program CS course?,0,0.69596916
Who is the best singer now?,Who is the best singer of all time?,0,0.9247935
Is it bad to sleep with music in your ears?,What are the pros & cons of wireless headphones (Beats & Bose)? Is it better to go with wired headphones?,0,0.5194921
"""In French, how do you say """"was""""?""","""In French, how do you say """"pens""""?""",0,0.9460773
"What is the difference between a bolt, a screw and a stud?",What is the difference between a damp proof course (DPC) and a damp proof membrane (DPM)?,0,0.5531088
What are the most overlooked facts/incidents about Native Americans before the European colonization of the US?,How do I start building a career in artificial intelligence?,0,0.33641338
"What is the funniest Hindi commentary line, in cricket, you have heard recently?",What are the funniest lines from British comedy?,0,0.67987955
What exactly is web hosting? What is a domain?,What is web hosting?,1,0.9541737
"Why are Canadian universities such as U of T, McGill and UBC ranked high globally while their admissions processes are not as competitive as the U.S. universities that are ranked below them?",What are the cheapest universities in the U.S.?,0,0.48052734
What are the risks of opening a healthy fast food restaurant?,Why does no one open a healthy fast food restaurant chain?,1,0.663165
What is it like flying from Bangkok to Manila and how are these touristic cities compared to Vientiane?,What is it like flying from Bangkok to Manila and how are these touristic cities compared to Xi'an?,0,0.9956809
What makes life inspiring?,How do I make myself and my life inspiring to others?,0,0.7955379
Has someone treated you poorly until they discovered you were wealthy and/or successful?,"When you become successful, how should you treat people who were undermining you?",0,0.72347075
Is it necessary to do digital marketing course?,Is there any use by doing digital marketing course?,1,0.95931095
Why do empty vessels make the most noise?,Why do empty vessels make more noise?,1,0.9110128
What is linguistics modeling?,What do linguists do?,0,0.8746711
What inspires you the most?,What inspires you and in what way?,1,0.9224292
What mean by alkali?,What is alkali?,1,0.9692644
What does the blue reflectors on the road do?,What are blue road reflectors?,1,0.9514067
"How do I get into an undergraduate (business) program of a top tier university in the USA (e.g., Harvard, UPenn, Berkeley) as an Indian?","How do I get into an undergraduate (business) program of a top tier university in the USA (e.g., Harvard, UPenn, Berkeley) as a German (European)?",0,0.91140985
Instagram (product): How can I know who visits my Instagram profile?,Can you see who views your Instagram?,0,0.90495294
How do I plan my first solo trip in India?,How do I plan solo trip in India?,1,0.95031476
CALL@@@@@### US Talk@AVG^! |! ^1800*@251*@4919 AVG Antivirus Tech Support phone number?,"Instant support @! 1800:||:2,5.1:||:49.1,9 for Avg Antivirus Tech Support phone number?",1,0.89948785
How could I avoid my laziness?,How should I avoid procrastination?,1,0.84900624
What is the father name of PR?,"""Why do Arabic names be like Abu-XYZ, when """"Abu"""" means """"father of""""?""",0,0.70238024
How do I find magnitude after subtraction in verilog?,Will a new HDL ever replace VHDL or Verilog?,0,0.6236178
"If a huge asteroid was about to hit Earth in X year, would we be able to find survival solutions in due time?",A 100-mile-wide asteroid is projected to hit Earth in 50 years. How would humanity survive?,0,0.84692305
What is the expected cut off for the SSC CGL Tier 1 2016?,What could be the cut-off for SSC CGL Tier 1 2016?,1,0.96065027
What is the best way to deal with someone who has a histrionic personality disorder?,"Is it possible to prevent a young girl from developing a histrionic personality disorder? If it is, how?",0,0.7452508
How does asthma affect homeostasis?,Is fainting a symptom of asthma,0,0.64475256
Why did President Obama recall all aircraft carriers to the U.S.?,How did the Soviet Navy compare to the US Navy?,0,0.44469893
Is it possible that Singapore will re-merge with Malaysia one day?,Is it possible that Singapore will be back to Malaysia in the future?,1,0.91925454
I have been offered a software engineer job in Dubai at 3000EAD plus accommodation. I have 2+ years of experience. Is it a good offer?,I have been offered a software engineer job in Dubai at 3000EAD plus accommodation. I have 2+ years od experience. Is it a good offer?,1,0.99723184
What is senior scientist salary in amsterdam?,"How do I select in Ranji or under-19 from varansi, even I did not play any tournament before.",0,0.3448009
How do I reset my Facebook without access to the old phone number?,How do I recover my lost Facebook password without the phone number to get the sms?,0,0.89261293
Can I clear the CCNA exam without going to any coaching centre?,Is it possible to clear an IAS exam without going through any coaching institute?,1,0.9280522
What are the benefits and drawbacks of cultural diversity?,What are the downsides of cultural diversity?,1,0.8782581
How did the Industrial Revolution lead to Imperialism?,How did imperialism lead to militarism?,0,0.849484
What is the best time to buy Galaxy s7 edge?,Which mobile phone should I buy?,0,0.61315805
What is the best thing you ever bought?,What is the best thing that you have ever bought?,1,0.98960406
What startups are hiring in bengaluru?,What startups in bengaluru are hiring?,1,0.9879304
What does it feel like to have your penis inside a vagina?,How can I tell if my wife's vagina had a bigger penis inside?,0,0.73084474
How much does a MRI or CT scan of a head cost?,How much does a CT scan for the head cost?,1,0.96919286
What is the best beach in Goa?,Which are the best beaches in Goa?,1,0.9794538
"India has god of cricket but not godess of cricket, is it a irony?",Who are the worst cricketers of India?,0,0.712016
How do I delete old Instagram account without the password or email?,How can I delete my Instagram account if I don't know my old password or email?,1,0.9556935
Do you play chess?,How often do you play chess?,0,0.9100167
How do I write a persuasive cover letter?,"How can one write the perfect cover letter, step by step?",0,0.78459954
How can I introduce myself into route map algorithms on time-dependent network like “real-life” road networks?,Why do people hate algorithms on social networks?,0,0.32655978
What will be the effect of possible war between India and Pakistan on Indian Stock market?,How will the indian economy be affected if there is a war between India and Pakistan?,1,0.9345279
Why do people like to drive SUVs?,Why do people drive those huge luxury SUVs?,1,0.7576728
What is 'gate electrostatic control' in MOSFETs?,Which is faster: BJT or MOSFET?,0,0.4265473
How do I delete my questions off Quora?,How do you delete a question from Quora?,1,0.92796236
What are common topics of English writing skills which can be asked in exams of class 10?,How can I improve my writing skills?,0,0.5840527
What problems do you have when travelling abroad?,What are the main problems you have experienced in your travels abroad?,1,0.88304657
"Imagine that you are a student-astronaut, who had participated in the launch. Describe what you experienced while in flight and later, what you felt and saw when Mangalyaan entered the Mars orbit?",Can astronauts really survive in mars like The Martian?,0,0.7652619
How do I add videos from youtube to a playlist and then download that playlist?,Is there any way to download YouTube playlists?,1,0.8357537
How do I change my YouTube username?,How do I change my YouTube channel name and URL?,0,0.9627233
Where could a person feel the maximum gravity on earth?,How strong is gravity on earth?,0,0.9271945
Where I cAn watch conjuruing 2?,What is a concentration gradient and what is it used for?,0,0.42626148
I want to design mugs and sell them. How to do it? Where can I find cheap white mug and how to design them?,What is the meaning of printable area in a design of a mug?,0,0.59737617
What are the best inDesign template sites for ePub design?,"Which is the oldest civilization: Chinese, Egyptian, Mesopotamian, Mayan, Indus Valley, Other civilization?",0,0.40398943
How many keywords are there in the Metafont programming language in the latest version?,How many keywords are there in NewtonScript Programming Language in the latest version?,0,0.94390184
How do you feel about Virat Kohli as the captain of the Indian Cricket team?,What do you think of Virat Kohli as the Indian Cricket Team's Test Captain?,1,0.9507759
What is the approximate net worth of the investors on Shark Tank?,How much time per week do the sharks spend filming Shark Tank?,0,0.6110586
Why do most married men visit prostitutes?,Why do men visit prostitutes?,0,0.805048
I have to take coaching to crack NTSE?,How do I clear ntse without coaching?,0,0.6941073
What is the relationship between variance and standard deviation?,What is the difference between variance and standard deviation?,1,0.9662304
Would I have a light skinned baby if I'm dark skinned and my wife is light skinned?,What skin color my children will have if I'm dark skinned and my wife is light skinned?,1,0.9025811
Is there any way I can get a list of all of my Gmail accounts?,How can I get a list of all my Gmail accounts or recover them?,1,0.9396664
Can I be a good writer?,Are you a good writer?,0,0.9241081
"Why do teenage female fans scream hysterically for their musical idols and wait outside for hours to see them, while teenage boys do not? ","I really want to ask this girl out, but I’m afraid she’ll say no and tell her friends. What do I do?",0,0.56935227
Who are some (famous) professional athletes who like to write computer programs?,What is it like to date a professional athlete?,0,0.54687655
"How do Bangalore bus routes compare to Patna's, and what authority oversees them?","How do Bangalore bus routes compare to Bhubaneswar's, and what authority oversees them?",0,0.9650668
What does it mean if you get a message saying your answer was sent to Quora Digest?,"""What is the meaning of this notification """"x people were sent your answer in Quora digest""""?""",1,0.8348446
"Drinking water early in the morning before brushing teeth, good or bad?",Is it good or bad to drink milk just before sleep?,0,0.55469954
What does CC of an engine indicate?,What does CC of an IC engine indicate?,1,0.9275091
"Who is the most beaufiful girl (Penny, Amy, Bernadette, or Alex) in Big Bang Theory in terms of Western/US culture?","The Big Bang Theory (TV series): How did Penny come to fall for Leonard, and not Howard or Raj?",0,0.5441549
What's best hairstyle for curly hairs for boys?,What is the best hairstyle for boys?,0,0.95595187
How do I get a permanent residence in Sweden?,How can I get a permanent residence in Sweden?,1,0.9887378
Can I verify someone is providing me Correct Aadhar number?,Does an Aadhar OTP message also contain an Aadhar number?,0,0.77488333
Which is the best CLAT coaching institute in Jaipur?,Which is best coaching in Jaipur?,0,0.8780439
Should I learn SEO or Digital marketing?,What should I learn to become a great digital marketer?,0,0.79834133
How expensive is The Boiling Crab Seafood Restaurants?,Why is the Boiling Crab Seafood Restaurant expensive?,0,0.9694928
How do I impress a stubborn girl?,How to impress girls in school?,0,0.67839855
How do I get a job as a Systems Engineer in Infosys?,How is it to work as a system engineer in Infosys?,0,0.95720637
How widely accepted are credit cards at small businesses and restaurants in Colombia?,How widely accepted are credit cards at small businesses and restaurants in Mexico?,0,0.86970663
What is the difference between the Naive Bayes Classifier and the Bayes classifier?,What is the difference between a Bayes classifier and a naive Bayes one?,0,0.9739834
Why is Rammstein more popular outside Germany?,Why is Linkin Park so popular in Germany?,0,0.8090728
"What towns are located near the Kilauea, and how does this volcano's activity compare to the volcanoes in Ecuador?",How inhaling n2o can kill human being? Please mention its chemical reason along with reactions (if any)..,0,0.4526016
How is Heaven described according the Bible?,How big is heaven according to the Bible?,1,0.8871006
"Which place do you suggest to go for a date, Pondicherry or Goa?",What are the best places to go on a fun date in Vadodara?,0,0.6867497
What makes you change your mind?,Hypermesh used companies in Bangalore?,0,0.2613572
Who is better Donald Trump or Hillary Clinton?,Which presidential candidate is better: Trump or Clinton?,1,0.94018674
What programming language should I learn if I want to do a 2D MMORPG game?,What is the best programming language to learn in order to rapidly develop video games?,1,0.66831905
Why Chennai people are not using Tinder?,"Have any of you in Mumbai, Delhi, Chennai or Bengaluru, used Tinder (or similar apps) to find a place to stay when you were broke? (one night or more)",0,0.38452187
Where do Congressmen and Senators live when they are in DC?,"Why can't congressmen and senators who vow to be obstructionists and block every bill sent to the hill, be removed for not doing their jobs.?",0,0.3696789
How Much Allowance You Ask for Sugar Daddy is Reasonable?,How DOES life in REALITY WORKS?,0,0.39007807
How is energy engineering in the IITB?,What would be better - energy engineering with an MTech in energy systems in IITB or civil engineering in IITM?,0,0.81841403
How do you create blog in Quora? What URL shall I use?,How do I create a blog in Quora and enter the correct URL?,1,0.95077443
What is better for a service business a LLC or sole proprietorship?,When is an LLC better than a sole proprietorship?,1,0.86459285
What are the most socially liberal countries?,Open Culture: What are the most liberal countries of the world?,1,0.92385364
"Is there any good Neural network or AI books for Kids, like dummies series or head first series or any other, with basic coding or hardware kits?",What other epic series of books is as good as harry potter?,0,0.633062
Where can I watch the edge of seventeen online?,Which media streaming device is best for India?,0,0.45975754
Why do some guys have more than one girlfriend at the same time?,Is it morally wrong for a guy to pursue more than one girl at a time?,0,0.65488946
Today my friend asked me how I know I'm bisexual if I've never dated a guy. How do I tell him that I don't need to?,How do I date bisexual people?,0,0.7078903
What are the fastest ways to increase height?,"Is there a way to get taller, and increase your height?",1,0.82731915
What is the best time to read MBA?,What is the best time to read?,0,0.6697622
How are you celebrating Diwali this year?,What is the best way to celebrate this Diwali?,0,0.7659484
Why is Arnab Goswami resigned as the Editor-in Chief of Times Now and ET Now?,Why did Arnab Goswami resign as the Editor-in-Chief of Times Now?,1,0.97817004
What does it mean to create value?,How can a company create value?,0,0.8155167
What are the best ways to make money as a teenager?,How can I make money as a teen?,1,0.81440175
How did Sunny Leone become a porn star?,What are the steps to become a become a porn star?,0,0.8468894
Will robots take most jobs?,Is it a reality that robots will take over jobs?,1,0.8410753
How do I make oxalic acid water soluble?,How can we make water soluble polymers?,0,0.72892785
How do I avoid becoming the kid who sits alone at lunch in school?,Why do I feel like people pity me when I eat lunch alone? Is it even something to be pitied?,0,0.73796666
What will Obama do after he's done being President of the USA?,How will Barack Obama be remembered as the president after he is retired?,0,0.89452624
The half-life period of two samples is 0.1 and 0.4 seconds. Their initial concentrations are 200 and 50 mol/L respectively. What is the order of reaction?,What is the half-life period of argon?,0,0.5760432
In how many days whey protein show effect?,Would having whey protein have any ill effect on fertility of a female?,0,0.47880983
What's the purpose of a human life?,What is the GRAND purpose of life?,1,0.7439736
What are good gifts for a foreign visitor to bring when they're invited to someone's home in Republic of the Congo for the first time?,What are good gifts for a foreign visitor to bring when they're invited to someone's home in Democratic Republic of the Congo for the first time?,0,0.9934882
Why do people run?,Why do people run marathons?,0,0.72458375
What is the best recipe for chicken pizza?,What's a good recipe for baked chicken kabobs?,0,0.9083222
What are the differences between what Mormons & Jehovah's Witnesses believe?,How would a Jehovah's Witness try to convince non-believers that theirs is the true faith?,0,0.82981646
Is my glucometer reading normal?,"""What does Java's error """"application blocked by security settings"""" mean?""",0,0.25036478
What is the difference between a director and managing director?,"Corporate Structures: What is the difference between board of directors, Managing director, Chairman, Promoter, Founder, Co-founder, Owner, President?",0,0.70822316
Is one’s child more likely to get Tourette's if schizophrenia runs in the family? Are the two related?,"If you are born into a rich family, are you more likely to be rich in the future?",0,0.47051293
What's the best way to learn a new programming language?,What are some of the best ways to learn programming?,0,0.85927945
How are my pictures?,How is my pictures?,1,0.99392736
How do children develop literacy?,How children develop literacy?,1,0.98897773
How does a flash drive/pen drive store data?,How do I decrypt a pen drive?,0,0.7169574
How will Truebill.com make money?,How does  justgiving.com make money?,0,0.910408
How can I get a rank in CA CPT?,How can I prepare for CA CPT?,0,0.79373497
Jelly bean update for samsung galaxy s advance in india?,How do you update a Samsung Galaxy S Advance to Jelly Bean in India?,1,0.9434797
"What is the Sahara, and how do the average temperatures there compare to the ones in the Sonoran Desert?","What is the Sahara, and how do the average temperatures there compare to the ones in the Karakum Desert?",1,0.9700797
How can I read fast?,How can I read very fast?,1,0.9798849
How does Google make money through apps?,How does what's app and Google make money?,0,0.9534034
How was working at EA?,How can I work for EA?,0,0.84460497
What is the best kept secret?,What are the best kept secrets ever?,1,0.8467002
"Is reviewmycdr.com legit or Scam , Please Advice ?","Can people use Domino to build a computer? If not, why?",0,0.47999936
What are some intense exercises that I can do to get a six pack?,What will be the exercises and time period to get six pack abs?,1,0.8172033
What is contunuity editing?,Difference between ECE and EEE in gate?,0,0.6746758
Is a framework like PhoneGap/titanium/rhomobile a good choice for implementing an alarm clock app for Android and iPhone?,Is Appcelerator Titanium mature enough for professional app development for Android and iPhone?,0,0.8555002
"Which is the best for the IELTS exam, BC or IDP and in which city?",What is the difference between IDP and BC in IELTS? Why are people scared of IDP?,0,0.45801127
"What web platform provide module, a user (preferably children) can splicing modules to make a DIY chat app(IM)?",What Drupal modules can be used to build a marketplace like Etsy?,0,0.6198721
How does the HP OfficeJet 4620 Airprint compare to the HP DesignJet Z5200 44-in Photo Printer?,How does the HP OfficeJet 4620 Airprint compare to the HP DesignJet T730 36-in Printer?,1,0.8990127
How many industries will the first trillionaire be in?,From which industry will the first trillionaire emerge?,0,0.90213704
Which is the best text editor for programming in Linux?,What are the best text editors for Linux?,1,0.96564114
"My husband and I want to give our daughter an allowance of $1,000 a week. Is this too much money?","Could you ask 1 billion people for $1,000? How much money would you have?",0,0.78977597
"If Donald Trump wins the Presidency, what would you do?","If Donald Trump became President, what would you do?",1,0.95315635
Is it true that the new Rs. 2000 currency notes in India will have a nano GPS chip?,Is it true that every Rs. 2000 currency note is embedded with a *NGC (Nano GPS Chip). And what if this is true?,1,0.8487069
How significant are the effects of climate change?,What are the most possible consequences of global warming?,0,0.91371644
How many spines in the human body ?,How many bones are in the human body?,0,0.77467686
What is the science of Roti/Chapati (Indian bread) making?,Does rice make you fat compared to chapati?,0,0.47289267
Are Ramdev's Patanjali products genuine?,As a doctor would you recommend using Patanjali products?,0,0.5965066
"In the perfectly inelastic demand, when the price becomes zero, why is the quantity demanded not changing?",What is the difference between demand and quantity demanded?,0,0.6688372
How often do mutations occur among humans?,How do mutations lead to genetic variation? How do mutations occur?,0,0.7783669
Money is really important for living life?,How much the importance of money in life?,1,0.8621881
What are the side effects of using an inhaler?,Is there any side effect in using AC?,0,0.58979034
What is water bear?,What is a water bear?,1,0.974679
How do I read manga?,How can you read manga on a Kindle?,0,0.8479898
What happens when you pluck out a white hair?,Is it true that plucking out one gray hair from its roots will bring out several other grays on your head?,0,0.61589575
What is the typical career path for someone who becomes a professor in chemistry?,What is the typical career path for someone who becomes a professor in English?,0,0.70118654
What are your New Year's resolutions for 2017?,What are your New Year's resolutions?,1,0.78256303
Organic Chemistry: What's the difference between sigma/pi bonds and single/double bonds?,Are all sigma bonds hybrids?,0,0.5552449
"If all the humans in the world were distributed evenly across the Earth, how many people would be in 1 square mile?","If you could get everybody on earth to agree on one thing, what would it be?",0,0.5914103
When would it be appropriate to seek punitive damages in a lawsuit? When is it not appropriate to do so?,How do Dynos calculate torque?,0,0.39897233
How do I unlock carrier locked iphones?,How can I unlock iphones?,1,0.9093646
Why is India's rank in ease to make business is very low?,"""What makes New Zealand rank first in the """"ease of doing business index""""?""",0,0.5693189
Where can I get specialize domestic pest control service in Sydney?,Where can I get friendly pest control service in Sydney?,1,0.885797
How many t-shirts could a newcomer to CafePress or Zazzle expect to sell?,What are some tips for selling on Zazzle?,0,0.3944862
Can you give me tips for food distribuiton business?,I want to open a food delivery business. Can you give me any tips?,0,0.8885789
Why is there entropy?,Why is entropy important?,0,0.90567243
What is smart people?,What do smart people do with their laptop?,0,0.6796269
Why making a Time Machine is Impossible?,Can the idea of time machine be ever achieved in real?,1,0.7110007
Which enlistment rate would benefit me more if I already have a degree in Mechanical Engineering: Navy EOD or Navy Diver?,Is it possible to go to college on a Navy EOD contract?,0,0.6957739
What is it like to study in Llandudno?,Ford Figo 2016 or Grand i10 petrol 1.2 only?,0,0.19709286
"How would an arbitrageur seek to capitalize given the following conditions: S0 + Pa (S0,T,X) < Ca (S0,T,X) + X (l + r) ^(-T)?","How would an arbitrageur seek to capitalize given the following condition: S0 + Pa (S0,T,X) < Ca (S0,T,X) + X (l + r) ^(-T)?",0,0.9980659
What is the most popular inspiring story?,What are some of the most inspiring stories of a BITSian?,0,0.8990711
"If all the countries are in debt, then who did they borrow the money from?","If all the countries in the world are in debt, who has originally provided the money to everyone?",1,0.9338343
What is an Information System?,What is information systems?,1,0.9782202
Is there something that Sachin Tendulkar has not done in cricket?,Who is Sachin Tendulkar in Cricket?,0,0.7429661
What is the best certification course to learn digital marketing?,Which is the best course for digital marketing?,1,0.931214
How can I excel at math?,How can I become good at math?,1,0.96973956
Will I be teased and made fun of by college students just coz I don't look like college student? I look like high school girl and not a college girl.,I don't feel like I'm connecting with anyone in my high school. Should I just concentrate on my education and wait until college or something else?,0,0.7432721
Which is the best site for learning python?,What are the best learning sites for Python?,1,0.97602
How should I title subject of a cold e-mail for App Developers and Digital Agencies?,As a sr. web developer how do you develop more business relationships with school districts? We are currently e-mail listing and cold calling and that works okay but I wonder if it's a better way to scale up geographically?,0,0.6859385
Does Queen really say Bismillah in their song Bohemian Rhapsody?,What is the meaning behind Bohemian Rhapsody?,0,0.7914315
What are cell membranes? Where can they be found?,What is a cell membrane?,1,0.87311643
What is the difference between ego and self esteem?,What is the difference between self esteem and  ego?,1,0.9970559
Which are the best universities for MS in mechanical engineering in Germany?,Which is the best university for MS in Automotive Engineering in Germany?,0,0.9487425
How can I burn my fat?,How can one burn off pounds of body fat?,1,0.86842895
How often do dogs go into heat? How does this vary?,How often is a female dog in heat?,1,0.75151634
What piano chords go together?,Which is harder to play in a song on piano: arpeggio or chord?,0,0.74244916
What are some tips on making it through the job interview process at Real Industry?,What are some tips on making it through the job interview process at MSC Industrial?,0,0.94171
What is natural selection in biology?,What is natural selection?,0,0.79068583
What would be an average salary of a product manager in NYC / SF?,What is the average salary of lead generation specialist in SF?,0,0.8254756
"What are the differences between leopard, panther and a jaguar?","What is the difference between leopards, panthers and cheetahs?",0,0.9067074
"""How do you correctly use """"who"""" and """"whom""""?""","""When should I use """"who"""" and when should I use """"whom""""?""",1,0.8794176
What is the typical career path for someone who becomes a professor in communications?,What is the typical career path for someone who becomes a professor in statistics?,0,0.73813
How can I get in touch with underground hackers?,How do I get in touch with hackers?,1,0.9311259
What are some attractive phrases for anchoring a fresher's party at college?,What are some fresher party pranks or dares for juniors in college?,0,0.8225076
Is cocaine kosher for Passover?,Are 5-Hour Energy drinks kosher for Passover?,0,0.54079473
Is drinking packed juice is safe and higenic ? i dont think so?,Is it safe to smoke cigarettes from an open pack that were left out when I bug bombed?,0,0.40600404
What is the cut off in coep for mechanical girls?,What is the cut-off for COEP?,0,0.4962262
Why isn't Hillary Clinton in jail?,Could Hillary Clinton actually go to jail?,1,0.86095476
How can I increase the traffic to my website?,How can I get traffic for my website?,1,0.84832084
Will a human get pregnant after having sex with a dog?,How do dogs get pregnant?,0,0.7383188
"""What does it really mean to be """"blessed""""?""",What does it really mean to forgive?,0,0.7635659
How can an ethical hacker get a job without degree?,Can you get a web development job without a degree?,0,0.6555762
How many days does it take a PAN card to arrive after printing?,How many days will it take to dispatch pan card after application has received at income tax office for further processing?,1,0.8428509
What's some of the best advice you've ever received?,What is the best advice on selling you ever received?,0,0.9131718
Were is the moon?,What is the moon?,0,0.97286844
How serious can a blown head gasket be?,How do you tell if a head gasket is blown?,0,0.85228395
Why do exes get jealous when they were the dumper?,Why is dollar surging?,0,0.4913417
"If Jon Snow is a Targaryen, why is he not immune to fire like Daenerys?",If Jon snow is a Targaryen why is he not immune to Daenerys?,1,0.8894576
Why is America so against social healthcare?,"Why do many Americans accept social services like tax-funded police and fire protection, but not services like healthcare and higher education?",0,0.5818943
"What are some common examples of non-vascular plants, and how do they compare and contrast to connifers?","What are some common examples of non-vascular plants, and how do they compare and contrast to embryophytes?",0,0.90013796
How can I better manage my anxiety?,How do I manage my overwhelming anxiety?,1,0.83838046
How I use 4G network sim on my 3G mobile?,Can we use 4g in 3g sim?,0,0.85617685
What are the best healthy snack ideas?,What are the best healthy snacks for kids?,0,0.8865438
What is the best laptop in price range 50000 - 60000 for 2016?,What is the best gaming laptop I can buy under 60000 in India?,1,0.8250816
"Where can I found many different sizes, styles and price ranges for jumping castles in Adelaide?",Where can I get best price for jumping castle hire in Adelaide?,1,0.7300026
How do you find the instantaneous rate of change?,What is an instantaneous rate of change?,0,0.95732415
What is the advantage of fuel injection over a carburetor in bikes?,Why does a motocross bike use a carburetor instead of fuel injection?,0,0.83935624
Who in history was first to understand tidal forces were driven by the Moon?,"What is the relation of the gravitational force of the Earth, the Sun and the Moon with tidal waves?",0,0.77089214
What are the most mind-blowing facts about the human brain?,What are some interesting facts about the brain?,1,0.81036806
How far away from a planet could we theoretically see its surface?,How far away are we from photographing a planet in another solar system?,0,0.8454245
"I have a birth certificate from my native state in India, but all my other certificates including passport, schooling certificates and address proofs are from another state where I currently live. Which state do I get my birth certificate apostilled ? From my current state or my native state.",Can I apply for a passport from another state using my other state's birth certificate?,0,0.7005133
How do life experiences affect creativity?,What does a near death experience feel like?,0,0.45506054
What factors are stifling the startup entrepreneurship ecosystem in Taiwan?,What factors are stifling the startup entrepreneurship ecosystem in India?,0,0.8704566
I am a girl and I masturbate 3-4 times a day and I am 18. Does this make me a slut?,I am an 18 year-old girl and I want to travel solo without money. Should I or should I not?,0,0.60287726
What are some good changes in Delhi after Arvind Kejriwal became Chief Minister?,What has Arvind Kejriwal achieved as a Delhi CM since coming to power?,1,0.79746145
What are some ways to hack a Facebook account?,How do we hack a Facebook account?,1,0.9646119
Why aren't supporters of Bernie Sanders voting for Jill Stein?,Why don’t Bernie supporters vote for Jill Stein?,1,0.9371307
Which movie would you watch first - Raees or Kaabil?,Which film will you watch on the Republic Day (i.e. 25th January 2017): Raees or Kaabil?,1,0.5793133
Is it possible to switch from service based to product based companies?,Is it possible to switch from a product based company to a service based company?,0,0.96632916
"If you have visited the Mumbai Film Festival, share your experience. Also, can you suggest a place for staying in Mumbai for a week?",I have a job offer in Accenture Mumbai. What is a suggestion for the approximate monthly expenses if I need a secure and hygienic place to live?,0,0.7088895
Why do the late night conversations feel so deep and true?,Why do the top boxing welterweight fighters in the world NOT want to fight IBF Champ Kell Brook?,0,0.36247316
How do I build traffic to my website?,How can I increase the traffic on my website? Jeenkart.com,1,0.8190619
Does naja 200 medicine really work on a snake bite? If yes how is it used?,How many people die in India due to snake bites?,0,0.7168287
What programming language shoud I learn?,What is the best computer programming language to learn first?,1,0.7278607
What is the best translator online?,What is a good translator?,0,0.7757992
"How did Muslim minority population in India surge while Jains, Parsis, Jews, and other minorities have stayed roughly the same?",Cupid.com is genuine site?,0,0.4263547
How so I ask questions on Quora?,How can I ask questions over here?,1,0.8307531
What is dibasic acid?,What is acidic oxide?,0,0.80007446
What is the meaning of Hindi word 'Grahan'?,What is the meaning of Hindi word 'Yogdaan'?,0,0.9404295
What are legal actions for not paying postpaid mobile bills?,I'm late delivering a mobile app. My client is charging me the amount he would have to pay me plus 50 euros a week that it's late. Is that legal?,0,0.46335268
At what age do kids start preschool? ‎,At what age do children start preschool?,1,0.9970907
How can I interpret my own dreams?,How can you interpret your dreams?,1,0.94892466
Which books would you recommend that I read?,What books do you recommend reading?,1,0.9356914
Do they really have sex in movies?,"Sex: While filming a sex act, do movie stars really have sex?",1,0.8934779
Why does the Catholic Church oppose artificial contraception?,Why does the Catholic Church oppose contraception?,0,0.9841071
What are some good consultancies for mechanical engineering jobs in Pune?,Which are the top consultancies for mechanical engineers in Pune?,0,0.861384
How many govt and private medical seats are availiable through Neet 16?,How many seats are in NEET 2016?,1,0.5590601
What is Murphy's Law? How is it related to the Interstellar film?,"""How does Murph """"solve gravity"""" in the film Interstellar?""",0,0.80556494
How does netflix achieve the logo animation upon leaving netflix.com?,Is ''www.kissasian.com” being shutdown permanently?,0,0.4861938
How do I speak English fluently?,How can I speak fluent english with confidence?,1,0.9190931
Is masturbating a sin in islam?,Relocation to Kolkata for ase in Accenture with testing stream?,0,0.20303985
How do I know if I have a child?,How do I know that I have a child?,1,0.96565986
How does life begins from a single cell called zygote?,How were those cells produced from a single cell called a zygote (a fertilized egg)?,1,0.7601329
What was Sundar Pichai's CGPA at IIT Kgp?,What was it like to attend IIT Kharagpur with Sundar Pichai?,0,0.80342543
What is the best fried chicken sandwich?,What are the best fried chicken recipes?,0,0.94094914
What was the best happening or moment in your life?,What was your best moment?,1,0.8756756
What are the different internal parts of a CPU and their functions?,What are the different parts of a simple generator? What are their functions?,0,0.6877378
How I can improve my English communication?,How can l improve my English？?,1,0.94260323
What should I do to my best friend?,How do I find best friends?,0,0.8467528
What is the use of a RS-232 cable?,Why is a RS-232 cable used?,1,0.97149354
How can we detect the programming language and technologies which are used for a site?,How do I detect which site is written in which language?,0,0.80342066
What is the most deadliest snake in the world?,Which is the deadliest snake on earth?,1,0.9833704
What would happen if I sent two private investigators to find each other?,What will happen if I hire two private detectives to follow each other?,1,0.91374886
What do I do to make my dick bigger?,How do I make your dick bigger?,1,0.9796667
What are some techniques to concentrate on studying?,How can I motivate myself to study even if I'm not interested in education?,0,0.63818055
What is construction technology?,Is a masters in building science technology good? Do they have opportunities in the construction and infrastructure sector? Is it the same as construction technology?,0,0.64124346
"How do I be a heartless, emotionless, strong, ambitious, and competitive person and also a misogynist?",How do I be heartless and emotionless?,0,0.7294941
What should I do for my career growth?,What is the career growth in sales?,0,0.7666558
What is thesis?,What is a thesis?,1,0.98837197
What is the most unusual story you've ever heard?,What is the most unusual love story that you have ever heard?,0,0.89274406
Have you ever experienced any paranormal activities?,Has someone ever experienced paranormal activity?,1,0.9601617
Does our universe exist inside a black hole?,What would be the implications if our universe existed within a black hole?,1,0.9448092
How will farmers buy seeds for new crops as no money is available after demonetisation and only 5 to 10 days are left?,Can an iT graduate do MS in Robotics?,0,0.3060736
How can I tag people while posting comments from the iPhone app of Facebook?,How many #tag should I use on Facebook post?,0,0.79822326
What are the qualities of a good researcher?,What qualities define a good researcher?,1,0.9845885
How can I make reading more interesting?,How do I make reading interesting?,1,0.92879456
Why is a counter flow heat exchanger better than a parallel flow heat exchanger?,When heat flows through a material is the rate of heat flow constant at all places in it?,0,0.6028773
What are causes of having oily face?,What are the causes of a very oily face?,1,0.9593014
What is it like to fall in love?,What is its like to fall in love?,1,0.99506193
"How much, if at all, will cotton khakis shrink when washed?",Why does cotton shrink when washed?,0,0.8739729
What should I do when I feel I'm losing my mind due to exam stress?,What should I do during exam stress?,1,0.8371393
What are some best movies of all time?,Which are the best movies in the world?,1,0.9312017
How can the temperature in outer space be described?,What temperature in outer space? How is temperature measured in space?,1,0.95945716
What is the best way to teach saving & investing to kids?,What is the best way to teach kids saving and investing?,1,0.976305
Did the world end today?,Is the world ending?,0,0.9209417
Can I play wynk music files in another player?,Is there any way to play songs downloaded using Airtel Wynk on any other player?,1,0.7589285
Is Udacity Nanodegree plus is available in India now?,When will Udacity nanodegree plus be available in India?,0,0.9547589
What's the pass percentage at training program in tech Mahindra?,What is the isomeric for 4-heptanol?,0,0.3559636
What does the order of who views your story on Instagram mean? Why is one person always on top no matter when they view it?,What happens when you view a public Instagram story and then you block that person are you still going to appear on their viewers list?,0,0.75519526
How do prokaryotes cells and eukaryotes cells differ?,Are human cells considered to be prokaryotes or eukaryotes?,1,0.8935687
What scopes for production engineering?,What is the scope of production engineering?,0,0.98097104
What is it like to be an adult and not have kids?,What can little kids teach adults?,0,0.47411734
"How much interest money will I get per month, if I deposit 50 lakhs ₹ for 2 years and the interest per 3 months is at 8%?","If I keep my 10,000 as a fixed deposit, what will the interest be per month in SBI?",0,0.72760135
How do I do prospecting in network marketing?,How do I invite a prospect in network marketing?,1,0.96361196
How can one control the urge to masturbate?,How can I stop the urge to masturbate?,1,0.9356083
Can you tell me a bit about yourself?,"""How do I answer When asked by experts in NDA """"Tell me about yourself.""""?""",0,0.78147453
What are the best books on algorithms and data structures?,"Which are the best referrence books for begineer in data structure, algorithm and discrete mathematics?",0,0.9004911
Forgot security code nokia105. What can I do to unlock it?,Would having no net neutrality affect regular websites?,0,0.6301646
Is it okay to ignore a friend if she's also ignoring me?,What can I do when my friend ignores me?,0,0.8583766
The differences between adverbs and adjectives.?,Why is homosexuality rejected by Indians?,0,0.40183043
What is the rotation of the earth? Is it clockwise or anti-clockwise?,"If earth starts rotating the reverse manner, i.e clockwise, do we have to measure the time in anti-clockwise direction?",0,0.86592036
What is cognitive intelligence? How does it differ from emotional intelligence?,How is emotional intelligence different from interpersonal intelligence?,0,0.92010087
How do I create a card view item like the one in Google now for my ListView in Android?,Any option to use Google Now tap on features on Android Lollipop?,0,0.85308474
How can I learn how to write the Biblical Hebrew alphabet?,How do you learn to write Biblical Hebrew?,1,0.9386656
Should we hate our siblings?,Why do we hate anything about our siblings?,1,0.89099646
Where r all the secular intellectuals of India now when Hindu temples are attacked in Bangladesh?,"What is the memory wise changes in Java 1.5, 1.6, 1.7 and 1.8 versions?",0,0.29571873
Why is Cl2Cs polar or non polar?,Is borazole (Inorganic benzene) polar or non polar?,0,0.68304545
Who is working on end to end encryption at WhatsApp?,How does end to end encryption work in WhatsApp?,0,0.95197463
"How much money do YouTubers make with 1 million views and above 10,000 subscribers? How much tax do they have to pay?",How much money will YouTube pay for 100 views?,0,0.87185574
What does the Hindi word “श्चश्चश्च” mean?,What is the meaning of the Hindi word 'badhazmi'?,0,0.83311903
"Why have Western media kept saying NK will collapse in a year for decades, the fact is that NK has developed Nuclear Bombs and become even stronger?",Why was trading suspended by the BSE for the NSEL Defaulter NK Industries Ltd.?,0,0.4822995
Do New Years' resolutions work?,Do New Years' resolutions work? Why or why not?,0,0.94374
"What is the Sahara, and how do the average temperatures there compare to the ones in the Chihuahuan Desert?","What is the Sahara, and how do the average temperatures there compare to other deserts?",1,0.92554593
Why do most of Indian men get dumped in their relationships?,Why do most Indian men and women get fat after marriage?,0,0.7150439
What is the best way to make 1 million dollars in 1 year?,What is the fastest way to make $1 million dollars in a week?,0,0.9137751
Why do I lose my erection immediately after ejaculation?,How do I regain erection quickly after ejaculation?,0,0.81196225
How do I estimate sand required for 1 cubic meter of concrete?,"How much cement, aggregate, and sand are required in 1 block?",0,0.8587045
Why does my tongue feel dry and thirsty even after I drink a lot of water?,I drink a lot of water and have enough sodium. Why do I always feel dehydrated?,0,0.76506406
What is the prescribed book for Mechanical engineer students to clear the ISRO scientist/engineer SC exam?,What is the prescribed book for CS students to clear the ISRO scientist/engineer SC exam?,0,0.9739618
Will Cristiano Ronaldo win the Ballon d'Or 2016?,"Who will win the Ballon d'or in 2017? Ronaldo, Suarez or Griezmann?",0,0.8002369
What are some good auto biographies?,What are some good (auto)biographies of prisoners?,0,0.787009
Why are modern parents so dumb?,What is the hierarchy of sytems engineers in capgemini?,0,0.3386167
Will win the 2016 presidential race?,Who will win the 2016 United States Presidential election: Trump or Clinton?,1,0.90778863
What came before the expansion of space and time?,What existed in the space before Big Bang?,1,0.8624694
How can I attract more girls for sex?,How can I attract girls for sex?,1,0.9394599
What is the best way to make man happy?,Dating and Relationships: How can I get over a break up?,0,0.32602358
What is the best Final Fantasy game?,What are the best Final Fantasy games?,1,0.97880256
How do I stop lying to my parents?,Why do I keep lying to my parents?,0,0.92282116
"How do I overcome depression, anxiety and stress?",What should I do to overcome anxiety?,1,0.8301451
What will be the fees for management quota in medical colleges?,What is the fee for management quota in griet?,0,0.5525879
I'm 26 year old male having baldness in crown Area and somewhat infront. I just recently had hair STM treatment in batra. Can I use minoxidil now?,I'm a 22 years old male having baldness as shown in the pic? What can I do to prevent further baldness and regain decent thickness in my hair?,0,0.84225976
Who was the most ignorant American you have ever met?,Who was the most ignorant person you have ever met outside of the United States?,0,0.94759643
Have you ever found out your friend doesn't want you to be better than him/her?,Men : Would you feel conned if you found out your girlfriend had plastic surgery even if you weren't planning to have kids with her?,0,0.6893182
"""What is the meaning of the word """"kufutee kafasa""""?""",What is the meaning of word jiyr?,0,0.8107964
Masters in computer science and networking degree in Germany?,Which trunking protocols can you use on a trunk link between two Cisco switches?,0,0.4542715
I am a graduate or bout to in 2017 and I have 55% till now with some arrears will I get any job in goverment or private sector?,Is there a picture or a police sketch of what Cotton Eye Joe really looks like?,0,0.31092882
"What is your review of the book Dystopia, The Thin Line between Love and Hate?",How do I see a deleted comment on Instagram?,0,0.48192346
How can I advertise to a list of Twitter usernames?,How do I export Twitter lists to a text file?,0,0.82846284
Are we alone in the universe?,Do aliens really exist?,0,0.640015
What are the funniest thing on YouTube?,What is the funniest thing?,0,0.8087681
Is it true that Nagaland wants to be a separate country?,Who are the best ministers in the Modi Cabinet? And why?,0,0.34014246
What are reasons regular Americans would have for supporting US military presence in Europe?,Why would ordinary Americans want US military to stay in Europe?,1,0.8471092
The last 3 digits of 1 * 144 is 144 (1*144=144). What is the next multiple of 144 with the last 3 digits as 144?,Do quotes really inspire us?,0,0.25591528
What are some of the best Hindi short films?,Which is the best Indian short film?,1,0.9088836
Which is your favourite Harry Potter movie and why?,What is your favorite film from the Harry Potter series and why?,1,0.9670306
Why am I attracted to East Asian men?,Why do I find East Asian men so attractive?,1,0.91380036
What are most people elitists about?,Why are so many people elitist?,0,0.8113985
How do I make my non Bluetooth TV Bluetooth enabled?,How do I connect my Bluetooth headphones to my Samsung LED TV (not a smart TV)?,0,0.8436242
How do you find purpose in life?,How should I know my purpose of life?,1,0.90953785
What is the minimum amount of money required to do intraday options trading in bse or nse?,What is the minimum amount with which one can start investing in BSE NSE listed companies?,1,0.8167493
Which glue do you use on Toothpick Bridges?,Can you use wood glue to repair shoes?,0,0.76896656
What is the slogan for Doritos chips and who thought of it?,What are some recipe ideas using Doritos?,0,0.8093742
Do you think there is still stigma around pageantry?,"You had an article about an Israeli company that assists in selling on Amazon, Where do I find that article?",0,0.27829546
Can a woman that is O positive marry a man that is O negative?,Can a man with blood group O negative and a woman with O positive give birth?,0,0.58540297
How do you convert cubic feet to square feet and visa versa?,How big is 25 square feet?,0,0.59667325
"I am an Indian married female with a B. Tech in ECE. I worked as a Java developer for 5 years, and am planning to do a MBA in Germany to switch to a non technical role. What are some various job roles, MBA streams and universities to look for?",I am working in a Business Development Role in a reputed IT company after MBA for the past 1 year. How to switch into a brand management role?,0,0.7488095
At what age do you reach your physical peak?,At what age does a human being attain his or her physical peak?,1,0.9190984
Did the Big Bang happen? Or not?,What happened after the Big Bang?,0,0.9042248
What is the best Star Wars novel?,What are some of the best Star Wars novels?,1,0.9348825
Who has the highest chances of winning the Punjab 2017 elections?,Who is likely to win the forthcoming Punjab elections?,1,0.77880305
Can I get married to an American woman?,What is the best way to marry an American woman?,0,0.8820567
What universities does Mercury General recruit new grads from? What majors are they looking for?,What universities does Dollar General recruit new grads from? What majors are they looking for?,0,0.95940304
What is difference between copywrite and patent?,"How do copyrights, trademarks and patents differ?",0,0.8699186
"What exams are require for entering a Mechatronics college in India after 12th like jee, neet or any other?","I got 64 marks in the JEE Main, what is my best option for colleges like MIT, Ramaiya or any other suggestions with overall expenditure?",0,0.5942248
"""Why is """"Japan's Marine Day"""" unknown in Tuvalu?""","""Why is """"Japan's Marine Day"""" unknown in your country?""",0,0.95012224
"I am turning 20 in a week. What are the things I need to do when I turn 20, and what advice do you have for me?","I am going to turn mid 20 soon, what advice can you give for me?",1,0.9074668
"If the whole world were to follow only one religion, would it be more peaceful?","If the world has only One religion, The God, then will there be more peace?",1,0.8894131
When might verbal communication be a better choice than written or electronic communication because of the emotions involved?,How can I get an internship? I'm pursuing BCA 3rd year. Interested in web and Android development,0,0.21082059
Are there any apps or websites where I can find commercial real estate properties to invest and realtors?,I want to know if there are any free lottery apps on android or ios app stores where I can earn real money easily?,0,0.69758797
When is surge pricing on Uber generally in effect in Sarasota and how high does it go?,When is surge pricing on Uber generally in effect in Montréal and how high does it go?,0,0.88821185
What is difference between normal swing and reverse swing?,What is the difference between swing and reverse swing?,1,0.9636346
What are some good recent topics for my Phd research in audit and/or management control?,What are the latest research topics in auditing and/or management control?,0,0.8212043
What is the best laptop for a programmer?,Which is the best laptop for programmer in 2016?plz answer as soon as possible under rs.45000,0,0.70306176
What should I do to get rid of a bruise on my lip?,How can I get rid of a pimple on my lip?,0,0.8318839
"How cold can the Gobi Desert get, and how do its average temperatures compare to the ones in the Registan Desert?","How cold can the Gobi Desert get, and how do its average temperatures compare to the ones in other deserts?",1,0.9879074
Why don't people trust Hillary?,Why don't people trust Hillary Clinton?,1,0.8953457
How are the paint colors determined for rockets?,Why are rockets and boosters painted white?,0,0.7687288
What Is your New year resolutions in 2017?,What is your New Year's resolution for 2017?,1,0.9805565
How should i deal with a girl who cheated me?,How do I deal with people who cheat?,0,0.83938664
When did World War One start?,What year did World War I start?,1,0.8849313
What is the difference between hope and faith when I say I have hope in you and I have faith in you?,"What are the differences between faith, belief, hope and trust?",0,0.8266846
Can Hawaiian baby woodrose seeds be imported into Singapore legally?,Can I adopt a baby without undergoing legal procedures?,0,0.61515176
How does Google collect data?,How much data does Google have?,0,0.92999876
How can someone hack into my phone?,How can someone hack our phone externally? (without touching our phone)?,1,0.86263525
Would this be considered stalking?,Why Chetan Bhagat's latest fiction 'One Indian Girl' breaks all records in Amazon’s pre-order history?,0,0.1311368
Can my boyfriend and I be tourists in Singapore (or even live there) despite the fact that we are both male?,Is Singapore LGBT-friendly?,0,0.55269194
What does dollar-and-cent point of view means?,Would you lose half of your IQ points for 1 million dollars?,0,0.5542605
"What is your favorite non-fiction topic to read about, and why?",I want to read a non-fiction book about english language. What are some really good to read?,0,0.7377008
"What is a good solar panel installation provider near Hollister, California CA?","Which is a good solar panel installation provider near Kenwood, California?",0,0.9822584
What are some things new employees should know going into their first day at Spectrum Pharmaceuticals?,What are some things new employees should know going into their first day at Lexicon Pharmaceuticals?,0,0.98130715
What did Hillary Clinton mean when she said she short-circuited?,Was Hillary Clinton telling the truth when she said she had a short circuit when she claimed she told the truth about her emails?,1,0.7868186
How do I change my voice to sound older?,How do I change your voice to sound like American?,0,0.6361719
Who is favored to win the first 2016 presidential debate?,Who is most likely to win the presidential debates?,1,0.8495767
To what extent can Great Expectations be considered a fairy tale?,Can fairy tales be considered as a kind of Utopia?,0,0.8053644
What is the most terrifying thing?,What is the most scary thing?,1,0.98526424
How Pakistan may react to the surgical strike?,"""How much are the videos being released by Pakistan's news channels allegedly showing """"Indian soldiers getting bombed after the surgical strike"""" true?""",0,0.67941433
What is the technique to predict a football match result?,What things I need to learn if I want to write a code for predicting football match result(win/draw/loss)?,0,0.8865393
which are the good places to live on rent in Pune?,What are some interesting facts about Special Assault Team (JPN)?,0,0.34263074
How can I grow the balls to approach a girl?,How can I gain the courage to approach a girl?,1,0.84914374
"Between China and Russia, Chinese and Russians, which are better perceived in the world?","If I want to open up a boba shop, how should I go about it?",0,0.23368114
Why do I feel sleepy during the day even after having a 8-hour sound sleep at night?,Why do I feel sleepy in the afternoon even after getting a proper 8-9 hours sleep last night?,1,0.94689405
What accounts for the success of Elon Musk and his various companies?,What is the defining skill that Elon Musk possesses that has led to his success in so many industries?,1,0.8397596
What happens to all the abandoned cars in Dubai? Can I import those into the USA?,What is the best rent a car app in Dubai?,0,0.5302691
What else should I do to quit smoking?,How do you quit smoking?,1,0.88612324
What good vs. bad habits have expats picked up after coming to Malaysia?,What good vs. bad habits have expats picked up after coming to Singapore?,0,0.92752147
Should you tip your Uber or Lyft driver?,"As a driver, which is better in Las Vegas, Lyft or Uber?",0,0.73746794
"With the current checks and balances of the American government, what's the most damage the Trump presidency can inflict?",Could a Republican Congress control any Trump excesses?,0,0.7039461
Why do Quorans ask simple factual questions that can be answered with a single search on Google?,Why do people ask Quora questions which can be answered easily by Google?,1,0.8815974
"How could I learn Vedas, Upanishads and Puranas from internet with correct translation of the same, (translated into English by an Indian author)?",How much should it reasonably cost to translate a website (in China) from English into Chinese?,0,0.57836896
How can I make 100 dollars a day online with no investment?,Can I make 100 million dollars selling toys?,0,0.6854005
Can I apply for a student visa for Canada if I have a 3-year gap in my studies?,I am a math studies student but I wish to apply to an good business school in Canada. Will taking a gap year and doing math courses be of any help?,0,0.7098187
What are hacking tools?,What are some popular hacking tools and softwares?,1,0.7640039
Why is David Bowie afraid of Americans?,Will David Bowie play live in 2015?,0,0.4282788
Why were the 500 and 1000 rupee notes demonetized?,Why did Modi ban 500 and 1000 rupees notes and not 100 rupee notes?,1,0.8591925
When and where did you find Quora?,How did you get involved with Quora?,1,0.8894546
"""Wisdom: """"If we really want to love we must learn how to forgive. -Mother Teresa"""" Is the quote really true? Is your self respect more important or forgiving someone?""",How can we attain true wisdom?,0,0.6037602
Which quads/ATV are street-legal in the US?,Are ATVs street legal in the US?,0,0.9297402
What is best strategy for study?,What are the best study strategies?,1,0.93566763
Are developers working on making Google Chrome more efficient with memory?,How do you set Yahoo as your homepage when using Google Chrome?,0,0.7407601
How many calories do you reckon I lose if I purge about 20-30 minutes after meals or right away after meals? How does the calorie absorption get affected? Is it the type of food or timing after meals?,Why is it bad to eat before going to sleep? Is it even bad at all?,0,0.53076744
What is the Appraisal Rating system in Capgemini?,What is the exact salary offered by Capgemini to freshers and what is the growth rate in Capgemini? Is there any opportunity for a salary hike before completing the first year?,0,0.5137472
How can you determine the Lewis structure for sulfuric acid?,How is the Lewis structure of sulfuric acid determined?,0,0.9780757
How do I change my YouTube username?,Can I change my custom URL on YouTube after I've already done so once?,0,0.8467426
How do I prepare to get into PSU through GATE for EEE?,How do I prepare for GATE - EEE?,0,0.8928633
How much can a great essay help in getting an Indian undergraduate applicant into one of the top 50 engineering colleges in the US with financial aid?,Which US universities (top 50) should an Indian student apply to for undergraduate engineering with max financial aid?,0,0.9312555
What are the requirements for being officially recognized as a religion in United states?,Would the United States be better off without the South?,0,0.3971103
What consequences can I face If I deposit someone else money in my account?,Can you deposit a check made out to someone else in your own account?,0,0.84058434
Why do I want to do everything ?,Why do I want to know the why of everything?,0,0.8412467
Why am I addicted to sexting and online sex?,I am too addicted to online games. How do I get rid of it and play it only in my leisure time?,0,0.7683946
What is your review of Escort Service Den Haag?,What do escort services include in general?,0,0.7592691
How does Hillary Clinton feel about radical Islam?,What does Hillary Clinton think about radical Islam?,1,0.98971343
Where in Bangalore can you buy activated charcoal (known as umi kari in South India) an age old natural teeth whitener?,"I am looking to buy an apartment in Bangalore, Can anyone shed some light on what happens after 30 or 40 years (after the apartment gets aged)?",0,0.5555754
How should you treat constipation at 38 weeks pregnant?,How should you treat constipation at 5 weeks pregnant?,0,0.74245495
"On which factors the height of a person depends? If other than genes, height depends on diet, then it works?","I am always dependent on someone or the other for everything. Be it studies, working out or anything else. How can I stop this?",0,0.22627234
"I don't remember my password, phone number nor my login details of my previous Yahoo email account. How can I access it?",My email is not valid anymore and I don't remember my Facebook password. I've had only one email linked to it. How can I get back into my Facebook account?,0,0.89633673
Which is the best royal Enfield bike in 2016?,Which is the best bike in royal Enfield?,1,0.81642807
What did Draper University do for you?,Is Draper University of Heroes a scam?,1,0.69332355
Will Yahoo Mail shut down following Verizon's acquisition?,What will Verizon do with Yahoo Mail after the acquisition?,1,0.8455467
How many people have you had sex with in your life?,How many people have you slept with?,1,0.8507567
Could you please give some weight loss advice for me and my husband?,Can anybody give me any advice on losing weight safely?,1,0.74442375
What do I need to do to get into MIT?,What should I do to join mit?,1,0.9407761
Will President Trump be favorable to India?,Will a Trump presidency be good for India?,1,0.95084935
My teacher accused me of wanting to have an affair with him. I don't know how to react as it is extremely stupid; what should I do?,"""Is it OK if a teacher says, """"I don't know"""" to students?""",0,0.50592375
Does cannabis oil cure cancer? Or are the sellers hoaxing?,How true is it that cannabis can cure cancer?,1,0.8626227
What will happen after I die?,What happens after you die? (Human Being),1,0.8289669
Who opposed the 17th ammendment?,Who supported the 17th Amendment to the US Constitution?,0,0.6750381
What should I follow in astrology: the Moon sign or the Sun sign?,What should we follow? Sun sign or moon sign? What is the difference in both?,1,0.8964765
Where can I download the virtual calculator introduced for the GATE 2016 ?,What could be the advantages of virtual calculator over real calculator in GATE 2016?,0,0.77459574
How is IAS aspirant life in Old Rajinder Nagar?,How is the life of IAS aspirant in Delhi hostels/PG?,0,0.78642756
Which topics on Quora are the most popular and have the most followers?,What are the 50 topics with the most followers on Quora?,1,0.5287566
What does TGIF stand for?,What does TGIF mean?,1,0.92504334
Why did the Germans hate the Jews even before Hitler?,Why did Hitler hate the Jews?,0,0.95376456
Who are some lesser known important historical figures of Swaziland and what should people know about them?,Who are some lesser known important historical figures of Libya and what should people know about them?,0,0.86543685
What is the difference between legal and law?,"""Is there a difference between """"legal"""" and """"lawful""""?""",0,0.8027309
What one thing you do in a day to keep yourself motivated?,What are things you can do to keep yourself motivated and constantly growing?,1,0.73831034
What can a person do during his/her holidays?,What do you think about Trump's choices for his cabinet?,0,0.333198
How do I recover conversation deleted in whatsapp messages?,What is ice fall?,0,0.35285482
Is there a soul?,What is a soul?,0,0.8665095
How do I get anyone's registration number and web access code to see anyone's previous result of the FTRE?,Can anyone provide me FTRE previous year papers for class 9?,0,0.5043918
Does prednisone inhibit wound healing?,How does prednisone inhibit wound healing?,1,0.9831977
What is the different between soda natrium and baking powder?,What is the difference between baking powder and baking soda?,0,0.95920813
What is the process to determine the density of aluminum and how does steel compare?,What is the process to determine the density of aluminum and how does titanium compare?,0,0.9321581
Which is the best college for MBA course in Gwalior?,What are the best MBA course colleges in Gwalior?,1,0.9752393
I wasted a year stewing over a heartbreak and my life had come to a standstill. I found answers to all my questions here. How can I thank you folks?,How can I get answers to a question that I'm clearly asking HOW but people keep saying I shouldn't and don't answer my question?,0,0.36436725
How does the AC Generator work?,How is AC electricity generated?,0,0.942045
What is it like to be a computer science student at UCSB?,"As a freshman, would doing research in MATLAB or self-studying C++ (for CS major) be better for getting a computational graduate degree in the future?",0,0.761829
Why Tejas is more important to India?,What is Oracle Global Nerve Centre?,0,0.53851676
How do I incorporate a social enterprise in USA?,How do I incorporate a social enterprise in the USA?,1,0.98863655
Which is the best site to learn German?,What are the best online sites or apps with games for learning German?,1,0.80100477
How will India be affected if Donald Trump becomes the President of USA?,"If Trump becomes president, how will it affect India?",1,0.95937854
How can I download any video from any websites?,How can I download a playlist from any video streaming website?,1,0.92520344
Why do people ask such questions here on Quora which could be easily found on the internet?,Why do so many people post questions on Quora that could be easily and thoroughly answered by simply typing the question into any search engine?,1,0.8192637
What is your deepest secret that you have never told anyone in real life ? (submit anonymously),What are some of your deepest and most horrifying secrets that only you know about?,0,0.7015492
How do you feel about Donald Trump winning the Republican nomination?,Why Donald Trump is winning the Republican nomination now?,0,0.9502156
How do you celebrate Diwali?,How did you celebrate this Diwali?,1,0.9629569
What are the defining 90s hardcore bands?,What are some good straight edge bands?,0,0.54373986
What are some unusual aspects about politics and government in Hungary?,What are some unusual aspects about politics and government in Singapore?,0,0.7978959
"""How much does the Doctor in """"Doctor Who"""" sleep?""",Is Steven Moffat ruining Doctor Who?,0,0.6070143
"After submitting documents in Accenture, my status is Candidature in process since around a month. When should I expect the offer letter?","My documentation process was over in Accenture a month ago but, I have not got any offer letter yet. What can I do now?",0,0.73136353
What are some 3 color combinations that look good together?,What are colors that look good with brown?,0,0.71062356
Is sex education necessary in school?,Is sex education is necessary in school? Why?,0,0.9782063
"What are some good YouTube channels to watch videos on concepts of physics, chemistry and math for IIT JEE preparation?",How good is P Bahadur's book of physical chemistry for IIT JEE?,0,0.7283702
What is the best website of government jobs in India?,Which is the best government jobs websites in India?,1,0.9841074
Which hotel in Hyderabad allows unmarried couples to rent rooms?,Which hotel in Kolkata allows unmarried couples to rent rooms?,0,0.85569656
"What would you do if your teenager not only wanted to have a baby, but expected YOU to take care of the baby?",How do I take care of new born baby?,0,0.7599023
"How much is 9,000 crore in USD?","What is Rs.2,000 crores in usd?",0,0.71245515
"What is the difference between engine oils 0w-30, 5w-30, 10w-30?","Hi , I am confused between Honda Jazz and TUV 300. Which one shall I buy. My travel is max 30 kms a day?",0,0.56609565
What are the best TV show posters?,What are the best TV shows?,0,0.8967284
Have you ever had sex with someone much older than you when you were young?,Have any airbnb hosts had sex with their guests?,0,0.5878817
How do know when you're in love?,How do you know if you're unconditionally in love with someone?,1,0.871205
Why is carbon paper called carbon? What is it used for?,Why is carbon paper called carbon?,1,0.98280466
How can I realise if I am INFJ or INFP?,How can I tell if I'm INFJ or INFP?,1,0.96327853
Why do I feel bad every single time I masturbate?,Is it bad I masturbate 3-6 times a day every day?,0,0.6539299
What are chemical properties of ammonia?,What are the chemical properties of carbon?,0,0.57583344
What are the best Battery Saver Appd for android 2016?,Smartphones: What is the best battery saver app for Android 2016?,1,0.97699237
Which program run in Jharkhand for women development?,How can I get my wife to be more kinky?,0,0.4825222
Is it possible to pair with someone's phone just by standing near him like in Person of Interest?,How is it possible to make/sell mobile phone just for 251₹?,0,0.58893806
How can I improve my content writing?,How can I improve my content and organize myself while writing?,0,0.9363601
How do you submit a customer complaint to Sears?,How do you submit a customer complaint by email to Sears?,1,0.9079597
Can I run GTA V on my laptop which can run COD Ghosts pretty well?,Can I run GTA 5 on my laptop?,0,0.7391913
What causes low blood pressure?,What exactly is high blood pressure and low blood pressure?,0,0.7580713
Are liberals hypocritical?,Are Liberals hypocrites?,1,0.9800958
How can I convince my parents to buy me a dog?,How do you convince your parents that you’re responsible enough to get a dog?,1,0.89434147
What should you do to make your dream come true?,What is the best way to make dreams come true?,1,0.918773
Which is the best digital photo frame?,What’s the best digital picture frame?,1,0.97368795
Does the medulla oblongata control aggression?,Why do people say I'm aggressive?,0,0.70150036
What is the super best movie you recommend me to watch now? Your number 1 top list movies? Any kind (except horror)?,Which is the one movie you will recommend me to watch and why?,1,0.64740264
Which TIME coaching center is the best in Bangalore for the CAT?,Which is the Best TIME coaching centre for CAT in Bangalore?,1,0.968172
How can I become famous one day?,How can I be famous in one day?,1,0.9587511
What are some bad experiences you've had with the Deep/Dark Web?,How 'dark' exactly is the dark web?,0,0.831204
What are the best ways to wake up early?,How can I wake up early in the winter?,0,0.55912036
How did Sundar Pichai get scholarship in Standford?,How did Sundar Pichai get into Google despite of having no CS background?,0,0.4689209
Where and how are Gucci bags made?,How are Gucci bags are made?,1,0.9794843
Is there any evidence of time travel?,Is there any evidence that time travel is a reality?,1,0.9302813
How can I loose thigh fat without toning up?,Health: How do I lose fat without any exercise?,1,0.7343797
"How do tube porn sites (e.g. tube8, pornhub) make enough money to cover servers/bandwidth?",Is it real that porn sites make tons of money? How?,0,0.7875062
"Why do people adore celebrities but not intellectuals like scientists, researchers, etc.?","Lifestyle: What are some of the best examples of people whose parent(s) were celebrities (actors, models, etc) but they chose a different career path?",0,0.7243311
Is cannabis good for your health?,Is weed good for health?,0,0.86816704
Is the Google host matching process different for Hardware Engineering interns for Summer 2016?,"I applied a little late to the Google summer internship for this summer and passed the technical interview, but I haven't been host-matched. Is it possible for me to push for an internship with them next summer?",0,0.77041864
How do you increase mental toughness?,How do you improve/gain mental toughness?,1,0.8724146
Whom should the world support in the Israel-Palestine conflict?,Does Palestine include Israel?,0,0.7574379
How can I learn the European Portuguese?,What is the easiest way to learn Portuguese?,1,0.72633123
Why do some ethnic groups have bigger lips than other ethnic groups? What determines lip size?,Is there evidence that Asians generally have worse eyesight than people of other ethnic groups?,0,0.64245236
"""What do you think of the adage, """"Guns don't kill people. People kill people""""? Do you think it truly settles the gun ownership issue?""","""If """"guns don't kill people; people kill people,"""" then why should we allow people to have guns?""",0,0.90002656
Is there any way to view the person's profile if you have their username on Snapchat without adding that person to friends?,"""I added someone on snapchat and as far as I'm aware they didn't add me back. This person appears on my """"my friends"""" list. Can they view my stories?""",0,0.742102
Can we judge a book by it's cover?,Do you judge a book by its cover?,0,0.9728899
How are siliciclastic sedimentary rocks formed?,What are different features of sedimentary rocks?,0,0.79696494
"If you have 1 million dollars, what will you do with it?","If you had $5 million dollars, what would you do with it?",0,0.5498873
What is something that I don't know and you know?,What is something that you know that I don't?,1,0.9311111
"""Which """"is"""" the best pair of in-ear earphones under Rs. 1000?""","Which are the best of the best earphones for the ultimate bass, within Rs. 1000?",1,0.9088646
Is stack overflow or dice better for finding tech candidates?,Are GitHub and Stack Overflow preferred choices for tech recruiters to source candidates?,1,0.8179146
Chinese Food: Why do Asians eat shark fin soup?,Do you drink soup or eat soup?,0,0.5931018
Who was the original choice to play Bob Lee Swagger in Shooter (2007 movie)?,What was the worst casting choice of all time?,0,0.24541429
What can replace engineering assignments?,Are assignments necessary for engineering college?,0,0.76398253
Are Hillary Clinton's health issues more complex than simply Deep Vein Thrombosis?,"Does Hillary Clinton have health issues we, as voters, should be concerned about?",0,0.76999176
Why do Punjabis in Pakistan discriminate against us Sindhis based on skin colour?,"Pakistan's national anthem is in Farsi, a language understood by a few. Why not Urdu, Sindhi, Punjabi which are understood by many? (Bengali and Pushto can be added in the list too.)",0,0.5641791
What is the best thing to do after sex?,What is the best thing about sex?,0,0.91019094
What is unusual or different about the food and cuisine in China?,What is unusual or different about the food and cuisine in Italy?,0,0.74910986
What is the difference between limit orders and market orders?,What are the differences between limit orders and market orders? What are their similarities?,1,0.89885837
Why does the United States give so much foreign aid to Israel?,"Why does Israel, an economically prosperous state, receive so much aid from the United States?",1,0.78789496
What is it like to work in a BSL-4 facility?,How can I work at DARPA?,0,0.6173896
Why does my dog bark at every single noise she hears?,Why does my dog bark at every single noise?,0,0.980212
Why do we need to embrace multiculturalism?,Why do we need to embrace diversity?,1,0.882042
How do TV set top boxes work and display channels?,"Are TRPs realistic? Is there any feedback from cable TV, DTH, set-top-box to say a viewer is watching what channel at what time of the day?",0,0.7102448
Is it possible to have black hole inside a black hole?,Is it possible to have a black hole inside another?,1,0.9649873
What is the difference between science and philosophy? Does thinking out of the limits of brain don't come in the domain of science?,What is the difference between philosophy and science?,1,0.8590664
Is this a German Shepherd dog?,How do you properly groom German Shepherd dogs?,0,0.81494266
What are some interesting Sharia laws?,What is Islamic Shariah law?,0,0.7013913
Does lime juice go bad?,How can lime juice go bad?,1,0.9352832
How is MSc Biotechnology integrated course at VIT?,Is the MSc integrated courses as valuable as BE/BTech courses at CEG?,0,0.6938673
"If you have an offer from one company, and are interviewing with another company, can you ask the company to expedite the interview process?",Is it generally a good idea to mention any on-going interviews/offers that you may have to another company you are interviewing with?,0,0.91917324
What is the difference between a Java applet and a Java?,What is the difference of Java applet and Java application?,0,0.96589017
What are some makeup tips for a brown-eyed brunette?,What are some makeup tips for brown eyes?,0,0.89415777
How do I preserve a journal that has pencil and pen writings in it?,"If I'm depressed, can I atleast write my feelings down in a diary/journal? Is it good or bad?",0,0.67805725
How can I improve my English in all aspects?,How can I improve fluency in English?,1,0.91107535
What's the best place to learn React.js? Any prerequisite?,I'm British. I've lived my entire adult life in the US. I'm moving back to England. What can I do to prepare my finances?,0,0.2654233
What do you think Great Britain's motivation was in making the Royal Proclamation of 1763?,"""Who bestowed the title of """"Great Britain"""" on us?""",0,0.73988235
How can I get positive attitude?,How can I develope positive attitudes?,1,0.96937025
Who are the most hated professors at IIT Delhi?,Who is the most ‘badass’ professor at IIT Delhi?,0,0.88657904
How do I improve leadreship skills?,How can we improve learning skills?,0,0.7806845
Do you think Kabali will be a blockbuster?,What do you think about kabali?,0,0.5957422
How can I view the passwords that Chrome has synced?,Is there a programmatic way of accessing my history synced from Google Chrome?,0,0.770957
What diet should I take to lose belly fat without losing weight or fat from any other body parts?,"""What is the best way for a """"skinny fat"""" to lose weight, in particular belly fat?""",0,0.75327766
What is 7Up?,Why is 7up called 7up?,0,0.9442414
Do you think dataquest.io is worth to purchase a premium account to learn data analytics?,How do I build .fxml file using gradle for JAVAFX application with gradle Java plugin and application plugin by applying gradle standard source map?,0,0.5813365
Can I get my drivers license if I'm 17 in india?,What can I do to get a license at 17 for a two wheeler in india?,1,0.8675926
What would a psychiatric exam of Donald Trump reveal?,How can you trigger a growth spurt naturally? Is there a medical study to support that practice?,0,0.47494236
How can I meet to Cristiano Ronaldo?,How did Cristiano Ronaldo learn to run so fast?,0,0.5355675
How do I stop my dog from whining after getting spayed?,How do I stop my dog from whining?,1,0.956456
What is the spelling of all the letters or alphabets in English?,How many combinations of three letters in a 26 letter alphabet are there?,0,0.5823873
Can love happen twice or even thrice?,Can true love happen twice?,0,0.8668168
What are the creepiest paranormal experience you have had?,What is the spookiest experience you've ever had?,1,0.8523471
What is normal curve?,Sensor for detecting person presence?,0,0.4614855
What is the best weight gain treatment for gaining weight?,How can I gain weight?,1,0.6996902
How did Hoshina Masayuki become a well known samurai?,Have there been any plane collisions similar to the Tenerife disaster?,0,0.31645435
What is the difference between the GDP and GNP?,Why is there a difference between IIP and GDP growth numbers?,0,0.9184447
I'm 18.5 years old is it clever to start dating seriously?,Are there German people on Quora who can help with German language?,0,0.26985237
How do I configure a gmail account for company?,Why can't you have a gmail alias?,0,0.61443734
How can I lose 25 pounds in a month?,What is it like to lose 30 pounds in one month?,1,0.8289945
What country has the strongest military?,What country currently has the strongest military?,1,0.9886899
How can you naturally increase you dopamine levels?,What is the best way to increase your dopamine levels the natural way?,1,0.8343365
What are the different possible careers you can enter into after studying User Experience Design?,What steps can I take to avoid getting infected by chickenpox from another infected person?,0,0.35084587
What happens if Hillary gets indicted after the convention and before the election?,"Legally, what happens if Clinton is indicted before the election? Would Trump win by default?",1,0.8155627
What is the value of sec^-1 (cos (-3/5))?,What is the value of cos 1?,0,0.726646
What would happen if the Earth stopped rotating?,What will happen if somehow the earth stopped rotating and revolving at the same time?,1,0.91763866
How do I stay motivated in life?,How can I stay constantly motivated?,1,0.79357314
What is the answer to this question and why?,"If this is the question, what is the answer?",0,0.9576169
What did Jesus say about other religions?,What did Jesus say about slavery?,0,0.75164616
What is discrete mathematics and why is it so important for computer science?,What is the role of discrete mathematics in computer science?,1,0.921782
What are the myths about Balkan countries?,What are the myths about modernity?,0,0.61098737
What is a coco bond?,What are CoCo bonds?,1,0.9722812
I am 24 years old and all my friends or people I meet treat me like a sweet loving kid. What should I do?,Why do some people specially distant relatives treat me like a kid (though I am a 30+ male)?,0,0.574551
How do I ask a really great question on Quora?,How do I ask a question on Quora properly?,1,0.7252612
What are the problems in cloud computing?,What problems can cloud computing solve?,0,0.90640163
How can I know that the information being presented to me on a device that I use has not been altered through remote administration tools?,My ex sent me a message saying that I blocked her on Facebook. How can a person know that they are blocked on Facebook. Are there any apps/tools or is it that she has been stalking me?,0,0.43680534
How can a Singaporean find a job in Hong Kong?,How do I get a job in Hong Kong?,0,0.906798
What should be a 2 year systematic study plan for IAS 2018?,What's a 2 year study plan for IAS 2018?,1,0.9553679
What are some of the best movies of all times I should watch (animated are welcome)?,What are the 5 best movies of all time?,1,0.55415356
In what ways could the English language be improved?,How English will be improved?,1,0.9224682
How much money does the average Starbucks take in per day?,How much money does Starbucks make each month?,0,0.91749156
"""Who was the song """"Wish You Were Here"""" by Pink Floyd written about and what is the deeper meaning of it?""","""What does """"Wish You Were Here"""" by Pink Floyd mean?""",1,0.92652744
Why do people cheat on their spouses?,Why would someone cheat on their partner?,1,0.9027506
One of the problems of our society is the amount of trash we produce. Could we send it to outer space?,What would be the pros and cons of sending all trash into outer space?,1,0.80312085
What are the unbiased views of Pakistan citizens in the light of Uri attack?,What’s Pakistan’s view on Uri attack?,1,0.7967006
What are the fastest ways to increase height?,What is the best and fastest way to increase your height?,1,0.9623878
Which is better Xbox One or PlayStation?,Which is a better gaming system the Xbox One or Playstation 4? Why?,1,0.8958408
How do you turn off an iPod nano?,How can you turn off an iPod Nano?,1,0.9759411
What were the causes of Nationalism in Europe?,What were the causes of nationalism?,0,0.85579145
What should I do after gate exam?,Can I buy 145k miles used Toyota corolla from 2008 model in California?,0,0.29485452
How did World War Two start?,What will most likely cause World War III?,0,0.75657487
How can you go about making new friends?,How should I go about making new friends and meeting more people with similar interests?,1,0.8547754
Does it make me a bad person/patient if I filter the criteria for choosing doctor on whether or not he/she went to med school in America?,"My adolescent son went for a movie with his friend. Although I knew he went out, he chooses not to tell me that he watched a movie. I happened to see the movie tickets today. Should I confront him upfront or let it die a normal death?",0,0.5376796
What can we do for hair loss?,How do I stop male hair loss?,1,0.79040277
How does invalidating the current Rs. 500 and Rs. 1000 currency notes help in weeding out black money?,Do you think new 500 and new 2000 notes will help eradicating Black Money?,1,0.8646772
What is a VA?,What is VA?,1,0.93919265
What are some affordable tax law firms in Karachi?,What are some affordable tax law firms?,0,0.91524965
How can I increase my website traffic? (I am running some retail online stores),How can I increase traffic to my website? (I am running several retail online stores),1,0.9784132
How are the Indians affected if Donald Trump wins the presidential election in the US?,What might be the implications and repercussions on India if Donald Trump wins US Presidential elections?,1,0.8879462
Which are the best websites to sell artwork?,What are the best websites to market artwork?,1,0.976007
Is time travel possible after the discovery of gravitational waves?,Is it possible to time travel to past?,1,0.7540901
What are some of the evidences which proove that aliens do exist?,"Do aliens really exist? If so, what are the evidence(s) supporting such claim?",1,0.9597213
What are the types of steric effects? Can somebody explain in details?,What are Norrish type-I and type-II reactions. Can somebody explain them with examples?,0,0.7516411
What type of software that can be useful for video editing for YouTube?,What are some good video editing software for YouTube and why are they compatible for YouTube?,1,0.8659522
"Generally speaking, are men more jealous of each other than women are?",Are females more jealous of each other than men are?,0,0.93076086
How long does it take to receive a passport after it gets dispatched through Speed Post?,How long does it take to get a passport in the US?,0,0.8044872
What does the BMW warning light with the triangle and excalmation point mean?,What does 'Series' mean in classification of BMW cars?,0,0.8208082
How in heaven's name would I dress like a workout guy from the year 1990 in the summer?,How would I dress like a workout guru from the year 1990 in the summer?,1,0.9381966
Vision (eyesight): What are some tricks to speed up the recovery from pupil dilation drops after an eye exam?,"Can sunlight harm my retina, when my pupils have been dilated for an eye exam and i walked back home without sunglasses?",0,0.60451746
What are first cut T-shirts?,Why does a cold make you feel lightheaded?,0,0.223323
What are some differences between city life in Chicago and NYC?,"Where is the best place in the United States to live in your early 20s: NYC, San Francisco, or Chicago?",0,0.51394963
What is abstract class and methods?,What is abstract class and methods in java?,0,0.71141297
Why don't railways waive off reservation charges?,"""I have seen ITIS Infraplanet as """"My Enrollments"""" in TCS Campus Commune. Does it mean that I have been selected in ITIS?""",0,0.3317083
What are some distinctly American values which have weathered through the years?,What can Donald Trump's popularity tell us about American values?,0,0.5760242
How do I track a person basing on his mobile phone?,How do I track someone from his mobile number?,1,0.93084735
Can we tell if any planets have been sucked into our Sun in the past?,Why are there no planets revolving perpendicular to the sun considering all our planet are parallel to the sun?,0,0.66095686
How do I do background check for someone in uk?,How to do a background check on someone?,0,0.7435554
Is Fitbit charge hr waterproof?,Is Fitbit waterproof?,0,0.92378366
Which is the best inspiring autobiography novel?,What is the best inspirational quote of all time?,0,0.82376575
How Donald Trump's victory will impact India's IT industry?,How Donald Trump's presidential victory going to affect India and Indian IT companies?,1,0.9584707
What is the best stock market advice you have ever received?,What is the best stock advice you ever received?,1,0.9714317
Is coaching necessary to crack JEE Advanced?,Is coaching necessary to succeed at the JEE Advanced?,1,0.84989643
What is the greatest number of points of intersection of 8 straight lines and four circles?,"The equation of line joining the point (3,5) to the point of intersection of the lines 4x+y-1=0 and 7x-3y-35=0 is?",0,0.6157791
"""What does """"debited to your card account"""" mean?""",Can I receive money into my bank account through my debit card?,0,0.8580221
"""Did Bill Gates really say, """"If I would be given a chance to start all over again I would choose network marketing""""?""",How did Bill Gates choose the name Microsoft?,0,0.66777265
Are there any universities or colleges in the USA which offer a Master's degree in ballistic engineering?,Are there any universities which offer combined B.S. and M.S. in the USA for computer engineering?,0,0.85946316
Why does quora mark my questions as needing improvement?,Do Quora questions marked as needing improvement still reach the entire Quora user community?,1,0.7604703
Where are the Secularising/ers' organizing branches of minorities within the country?,Where are the Secularising/ers' organizing branches of transgender within the country?,0,0.88988954
How effective is the AYUSH systems of medicines? Is it scientifically verified and proven?,Do homeopathic medicines have the side effects?,0,0.63536584
"Where can I get best offset printing, and UV printing services in Australia?",Where can I get different styles of printing works in Australia?,1,0.8107736
How can I publish Theses on biochemistry on International Library for thesis?,How can I publish Theses on biotechnology on International Library for thesis?,0,0.94467026
What is Android SDK?,What is the Google Android SDK?,1,0.91846037
How can I increase the compiling speed of my C++ program?,What software should I use to compile my C programs?,0,0.69816947
"What is a black hole in the center of galaxies? Also, what is singularity?",Is there a black hole in the center of our galaxy?,1,0.9264271
Can I earn money online by myself?,Is there any way by which I can earn money online?,1,0.8783918
"""What does Richard Muller think of the documentary """"Before the flood""""?""",What does Richard Muller think of Before the Flood Documentary?,1,0.94678384
Why should you jailbreak a iPhone 6?,Why should I jailbreak my iPhone?,0,0.91151303
Is it healthy to eat chapati every day?,Is it healthy to eat one chicken every day?,0,0.7508204
How can I be more persuasive at work?,How can I do a persuasive presentation?,0,0.7296932
What is a good site to learn hacking?,Where can I learn to hack?,1,0.7977358
When does one need to submit the OBC-NCL certificate for the JEE Main and the NIT admission?,What will be my national rank if I am getting 150 round in JEE mains 2016 with OBC NCL certificate?,0,0.55739397
Why do people put napkins to cover around the beer or alcohol containers?,How can I share my article on Quora?,0,0.331445
What are the fastest ways to increase height?,Does skipping increase height?,1,0.730482
Where can I find free boxes for shipping?,Where can I find free boxes for shipping textbooks?,0,0.8323935
What are the supporting documents for L2 visa?,How soon can one get an L2 dependent visa after the L1 visa is processed successfully? How much time does it take to get an EAD for L2 visa holders in the US?,0,0.65079427
Which is the most used programming language in the world?,Which is the most used and most popular computer programming language in every field?,1,0.89577794
How do I start preparing for UPSC exam?,How should I start preparing for UPSC(IAS) exams?,1,0.94411945
When will the mid semester exams at the MNNIT be taken for the even semester 2015?,I'm a 2nd semester EEE student. I got 4 backlogs in 1st semester Now the 2nd semester exam is on coming MAY 20... How can I manage both  exams?,0,0.70557725
What is the best thing that has ever happened to you?,What is the best thing that almost happened to you?,1,0.86010075
Is it illegal to use Pirate Bay in the UK?,Is Pirate Bay legal in the UK and does it give a virus?,1,0.82626116
MasterCard (payments): Where can I find a list of acquiring banks in South Asia?,Visa (payments): Where can I find a list of acquiring banks in South Asia?,0,0.97637844
Can I be a pro soccer player at the age of 21?,What can I do as a 14 year old to become a pro soccer player?,0,0.8588002
How do you make a horror movie trailer actually scary?,What are some scary Asian horror movies?,0,0.8764615
"Do women really have sex with delivery guys, plumbers, etc. like they show in porn movies?",What are some things about sex that they don't show on movies or porn?,0,0.57332873
Why do so many foreigners go to China and think China is good?,Why do so many people think China is bad?,0,0.7067884
Do university rankings really matter?,What does the ranking of the university really mean?,1,0.8968816
Is Rogue One better than The Force Awakens?,"Which movie is better, The Force Awakens or Rogue One?",1,0.74292564
Why are there no actual princes in the Pokémon manaphy movie?,Why is Manaphy never an actual Prince in Pokémon Ranger and The Temple of the Sea anime movie?,1,0.9223997
"What are the main imports and exports of Venezuela, and how does Venezuela's industry compare to Chile's?","What are the main imports and exports of Venezuela, and how does Venezuela's industry compare to Paraguay's?",0,0.95559794
Can a snake kill a rabbit?,How do we kill a snake?,0,0.865237
How do I move AAC audio files that I have in Documents 5 (by Readdle) to Apple Music?,My toungue tip skin loses ocationally in two or three days?,0,0.27702308
What jobs can I do with a math major?,Where can math majors go?,1,0.9134756
Kissing: How do I give a really good hickey?,How do you feel when your boyfriend gives you a kiss?,0,0.68705523
What should we do as soon as we get up early in the morning?,I can't wake up early in the morning no matter how much sleep I get. What can I do to change this?,0,0.5817212
Related to technology the problems that are not solved yet?,"""What do """"xerophytes"""" mean? What are some examples?""",0,0.51390415
Is a 1260 on the new SAT good for a class 10 student?,Is it possible to get good trekking poles under 1.5k?,0,0.5261867
"Why do women have sex with men for? Why can't they stop because the planet is over populated and we need no kids? Stop ladies, close yo damn legs",Why do women have sex with men for? Why can't they stop because the planet is over populated and we need no kids? Stop ladies?,1,0.98830324
Are there any free online practice tests for gre?,What is the link for free online GRE papers?,1,0.79522777
How does Tim Kaine resolve being Catholic with his pro-choice agenda?,How does Tim Kaine reconcile his Catholic faith with Clinton's pro-choice stance?,1,0.9235168
What common mistakes do people make when choosing a life partner?,What are the biggest mistakes people make when choosing a partner for marriage?,1,0.8694999
"What is actual meaning of life? Indeen, it depend on perception of people or other thing?",What is the meaning of my life?,1,0.8154443
Is Cyprus a good holiday destination?,What is it like to be a scientist in Cyprus?,0,0.64398587
I want to improve my English?,What are some ways to improve English?,1,0.91390026
Aren't we all just a little bit racist?,Is it true that we're all a little racist?,1,0.9639764
Why do people cheat on their spouses?,Why would someone cheat on their spouse?,1,0.95046693
Could anyone tell me CRA is A1 or C2 post in dmrc?,What can you tell me about YK11?,0,0.61500466
What is the difference between keyword and identifier?,Difference between identifier and keyword?,1,0.9744367
How do you delete your email account with Mail.com?,How do you delete an AT&T email account?,0,0.9141278
"""Why is tuna called """"chicken of the sea""""?""",What does fried canned tuna taste like?,0,0.82187515
What is VMware's technology stack?,What is Cloudera's technology stack?,0,0.84207815
What's your new year resolution for 2017?,What are some meaningful new year resolutions for 2017?,1,0.94700927
Why did Quora remove my question?,Why does Quora remove questions?,1,0.92621887
"What according to you, is the meaning of life?",What is the meanings of life?,1,0.9579032
"Is Rolex a non-profit company? And if so, why?",Can a non-profit company turn into a for-profit company?,0,0.8268875
How does Adam Schefter always have the inside scoop?,Why do the Giants still have Eli Manning?,0,0.5861554
Why did RBI issue new 2000 rupees note?,Why is the RBI issuing 2000 rupee notes?,1,0.9402961
Why is salt water taffy candy unknown in Japan?,Why is saltwater Taffy candy imported in Canada?,1,0.7567189
What are my options after mechanical engineering?,What career options do you have after getting a Mechanical Engineering degree?,1,0.86359966
What are the requirements for being an online tutor? How do I teach online?,What are the requirements to be an online tutor?,1,0.95302993
What are some tips for the USMLE Step 1?,How much should I study for the USMLE step 1?,1,0.8428664
What would be a realistic plan to lose weight?,How do I actually lose weight?,1,0.8065493
What are the best sites to download anime?,What are some of the best sites to download anime torrents?,0,0.9454537
What is the best RC car I can get for a beginner?,What's the best beginner RC car?,1,0.92472965
What are the requirements to get into a German university?,What are the requirements to apply for German universities?,1,0.96068406
How will Trump’s presidency affect international students in the US?,Can I own a gun in USA being an international student on study visa?,0,0.65599835
What are preprocessor macros in C programming?,What are the functions of preprocessor directives in C?,0,0.9031844
What are the differences between a typhoon and a hurricane?,"What is the difference between a tornado, a cyclone, a hurricane, a typhoon and a storm?",0,0.9145366
"Can a Hindu guy marry a religious Christian girl and live happily, given that they love each other but their values don't match?",How can people live their lives loving each other?,0,0.5840139
What are some things new employees should know going into their first day at Range Resources?,What are some things new employees should know going into their first day at Approach Resources?,0,0.98307085
"What should be done if question is very large, for example, some questions related to personal issue or problem?",How do I solve this question from past paper of MPSC related to machine input output type problems?,0,0.50828946
When do guys get their adam's apple?,When does the Adam's apple stop going down?,0,0.8775848
How will the ban of old 500 and 1000 rs notes help in bringing out the black money?,How does the latest decision of abolishing 500 and 1000 rupee notes help the Government curb corruption?,1,0.82501054
What happens if a firefighter truck runs someone over?,What is stopping someone interested in starting a food truck?,0,0.5981695
What are some amazing facts about Vladimir Putin?,What are some interesting facts about Vladimir Putin?,1,0.9290824
"If some one purchased 100 wipro shares in 1980 , so what is today's value?",What is cost of wipro share?,0,0.37727684
What is the best Android app for listening to and downloading English songs with lyrics?,What is the best Android app to listen and download english songs with Lyrics?,1,0.99477494
What are the chances that the Modi govt. would abolish reservation based on caste?,"""Would Modi """"dare"""" to abolish the reservation?""",1,0.82953084
When was the first porn movie shot?,Who was the first porn movie actor?,0,0.88227314
Where can I learn to sing online?,How can I learn to sing online?,1,0.9726306
How does lingua franca work?,What is lingua franca?,1,0.9434099
Is your education worth it?,"In your opinion, is education worth it?",1,0.9685896
Can I chew gum with a temporary filling?,Is chewing gum compostable?,0,0.86097616
Why would you buy an iPhone?,Why should anyone buy an iphone?,1,0.9662708
How does thyroid hormone affect protein turnover rates?,How does my metabolism affect my heart rate?,0,0.6017821
Why are so many people obsessed with the flat Earth theory?,Why there are people who still believe that earth is flat?,1,0.59141064
What are some tricks to crack the CDS examination?,What are some tricks to crack cds?,1,0.96306527
How identical are identical twins?,Do identical twins have identical voices?,0,0.90046394
How do I broadcast a message to various groups on WhatsApp?,How can I delete a message sent by me in a group in whatsapp?,0,0.83395845
Who are terrorists in India?,Who are terrorists?,0,0.8584297
How do I develop presentation skills?,How can I improve my presentation skills?,0,0.8616959
What are some of the foods that I should eat to protect my eyesight?,What foods can I eat to improve my eyesight?,1,0.8733219
What is best Linux operating system for beginners?,What's the best Linux operating System distro for beginners?,0,0.97418284
Which location(city) is best to get training in Wipro?,How is training for freshers at Wipro?,0,0.6435557
What is a zip code?,What is the zip code for Paris?,0,0.7286469
What is the entire process of course registration in FFCS of VIT Vellore?,I(gay) don't date white men and how do I explain to my white friends this?,0,0.06626843
How easily do pooled quota waiting lists get confirmed?,What is the chance of confirmation of ticket in RLGN wait list?,0,0.75320184
Is Delhi is far better than Patna for general competitive exams?,"Which is better, generalization or specialization?",0,0.5627749
Which are the SCI journals publishing architecture papers?,What is the highest compensation a technology consultant / IT consultant can earn?,0,0.35140997
"I am in my early 20's, done with my bachelor's and want to do have a passionate and thrilling career. What can I do to know the things that excite me and hence lead an awesome life?","In AC/DC's Shoot To Thrill, what is the meaning of the lyrics: I'm like evil I get under your skin just like a bomb that's ready to blow?",0,0.39990026
"""How is characterization used in """"The Great Gatsby"""" by F. Scott Fitzgerald?""","""How is carelessness portrayed in """"The Great Gatsby"""" by F. Scott Fitzgerald?""",0,0.88905996
Is money lending without license is crime in India? Is it legal to charge 45% interest Per annum ? If it is crime then what will be punishment?,Why does crime require punishment?,0,0.54525244
Where do SEO agencies get the ideas for viral content?,How do you measure ROI in Viral Content?,0,0.84987426
How can you speak and learn fluent English like Karan Johar?,How can I learn to speak a fluent English?,1,0.92124677
Which of my Apple devices will receive Facetime calls if I am signed in to all?,How are the Simpsons not rich?,0,0.30267978
What song plays over the end credits to the 2002 movie Luster?,What song plays over the end credits to the 2002 movie The Hours?,0,0.9730389
How do tasers work?,How do handheld tasers work?,1,0.90152144
Where are the distributed databases in use now?,Why use distributed databases?,0,0.8455595
What traffic laws in Mexico are particularly hard for foreign drivers to get used to?,What traffic laws in Singapore are particularly hard for foreign drivers to get used to?,0,0.85589343
How do I get the gmail phone sms option when recovering my password for gmail?,How will I recover my Gmail if I forgot my password and I lost my phone recovery?,1,0.7883297
Which is the best phone to buy under 15000 INR?,Which is the best smartphone in India under Rs 15000?,1,0.87805545
Why are citric acid sachets used for cleaning stainless steel kettles while alkaline solutions are used to clean inside refrigerators?,When I open MS word in laptop (windows 7 ultimate…windows is activated) it is asking product key…how can I know my product key?,0,0.4652211
How do I reduce the thigh thickness and hip thickness?,How can I reduce thigh fat?,1,0.8823695
How does seeing people die change one?,Have you seen someone die? How has it changed you?,0,0.9262068
What are the different fields of employment in ‪#‎BigData‬?,"I had an Uber ride today, but the driver was not the same as I saw on my phone? Should I hold Uber legally responsible and file a case against them?",0,0.3366918
What is studied in political science?,What is it like to study political science at Brown?,0,0.80749434
What is the best way to make more money?,What's the best way to make fast cash?,1,0.8056054
How do I avoid procrastinating?,How should I avoid procrastination?,1,0.9810768
Why is America said to be at the west and Asia at the east?,"There is no absolute east or west, then why do we refer to Europe, North America as the west and India, China as east?",1,0.72217864
How do LGBT members feel in India?,What are the biggest frustrations in Data Analytics for startups?,0,0.3076775
"""Star Wars (creative franchise): What did the prophecy mean by saying that the Chosen One would """"bring balance to the Force?"""" Did Anakin Skywalker/Darth Vader fulfill the prophecy? How so?""","""Who played Darth Vader in the new Star Wars film """"Rogue One?""""?""",0,0.76756287
"What is a 7 letter word, in which the first 2 letters indicate boy, the first 3 letters indicate girl, the first 4 letters indicate boy and the whole word indicates girl?","""General Knowledge: What is a 7 letter word meaning constipation starting and ending with """"N""""?""",0,0.6946635
Do white boys like Asian boys?,Do white boys prefer white girls like Indian boys do?,0,0.8258404
How did you get your body?,How can I get a body like this?,0,0.8650495
Why am I waiting for a stranger's text though I don't know anything about him?,"Is it okay to text him first since he told me to always text him? But, he never texts me if I don't text him first. What should I do?",0,0.7012844
What's your klout score? Is it important?,What is a Klout score?,0,0.87419343
Who gained the most during the eurozone debt and financial crisis?,Who lost the most during the Eurozone debt and financial crisis?,0,0.9194851
Why are there so many 9/11 conspiracies?,What are the 9/11 conspiracies?,0,0.90636396
Why is YouTube not working on my computer and how can I fix it?,Why does my computer can not play youtube videos?,1,0.91308373
How do the Delhi Metro cards and tokens work?,"What makes the metro rail system in Delhi the best in India? Also, how does the metro system work in Delhi?",0,0.66702926
What is your favorite creature in Fantastic Beasts and Where to Find Them (2016 movie) and why?,Which creature is your favourite in the film Fantastic Beasts and Where to Find Them?,1,0.87077594
Can you catch a diesease from table shower?,How can I stop my shower water from stinking?,0,0.64822054
What is the most common reason people start smoking?,Why do I want to start smoking?,1,0.76239824
How do I become rich by trading?,How can I become rich?,0,0.91467655
How could we know whether we are living in a real world or not?,How do we know that anything is real or factual?,0,0.81122124
Who would win in a fight between Naruto and Luffy from One Piece?,Who will win between Hiei from YuYu Hakusho and Uchiha Sasuke from Naruto?,0,0.7008485
What are the advantages of living in India over living in the U.S.?,Which is the cheapest place to live in U.S with a family of 4?,0,0.44366965
Is there any way to get more gems in Clash of Clans?,How do I Hack Clash of Clans? Is it really possible?,0,0.75545955
Does Elon Musk have any personal assistants?,Who is Elon Musk personal assistant?,1,0.8251343
How theoretical would a 4 winged high speed combat fighter be?,What is it like to make amends with someone you once hated after not seeing each other for a long time?,0,0.15072167
Can I use jio 4g sim in my mi 4i?,What could be some of the likely drawbacks in using a Reliance Jio sim?,0,0.5475689
Is it ok to feed asparagus to dogs?,Is asparagus bad for dogs? Why?,1,0.76659757
What will happen now that Trump's president?,What will happen to America now that Trump is president?,1,0.9445881
"What does Dr. Vinay Kumaran Think of KMC, Manipal?","What are Dr. Vinay Kumaran's views about Kasturba Medical College, Manipal?",0,0.80802774
Can a pit beat a wolf?,Would a wolf beat a pit bull?,1,0.90453565
"Which is the best college for computer engineering in Gujarat, India and world?",Which are the best colleges for computer engineering in India?,0,0.9369832
"If a woman has periods every 5 to 6 months, and she is not pregnant, what could be causing this? What can she do to try to make them regular?",Can I be pregnant even after having a period?,0,0.555658
What are some cool psychological hacks?,What are some psychological hacks that you can do daily?,0,0.42015678
If the radius and height of a cone are increased by 200% and 100% respectively by what percentage does the volume of the cone increase?,What does the radius become if the height of the cone is decreased by half?,0,0.4199302
"Do frictionless surfaces actually exist? If so, what are some examples of frictionless surfaces and how are they made?",Why do tanks have flat surfaces to deflect incoming fire instead of rounded curves? Wouldn't round surfaces provide better protection?,0,0.5677289
How do I get back a deleted Instagram account?,How do you recover a deleted Instagram account?,1,0.96715146
What exactly is ISIS? What is its motive?,What are the purpose of forming Isis?,1,0.9120377
How can I not fall in love easily?,How do you condition yourself to not fall in love easily?,0,0.8296718
Which Ivy League university is the easiest to get into?,Can I get into an Ivy league University at 25 years as an undergraduate?,0,0.5543908
How do I become an Art Director?,How can I become an art director?,1,0.9721583
Who are some wholesale clothing boutique suppliers?,Where can I get wholesale high quality fashion clothing for my online boutique?,0,0.70049274
How do I solve the given differential equation: D2Y-m2XY=0?,How do I solve the given differential equation?,0,0.7556947
I was Beaten by 15 men In publIc. Some one told them on phone about my IdentIty. Now all are IdentIfIed whIch case should I file against them?,How should I tell my friend to deal with the stupid guys in class?,0,0.5149314
What is Steven Spielberg's best film(s)?,What is Steven Spielberg's magnum opus?,1,0.8122351
What is an example of a lie that most people believe is true?,"What is one thing most people believe to be true that few do not, and why?",1,0.8566162
What are the best MBA colleges in Coimbatore?,What are the best MBA colleges in odisha?,0,0.9394882
How is sweet potato fattening?,What are the best ways to cook sweet potatoes?,0,0.85160285
Why does my dog cry when he eats and his penis comes right out then he has to empty his bowels?,My dog becomes aggressive right after he completes his evening meal and is about to go for his poop. He comes to bite anybody around. Why is that so?,0,0.7995978
What do anchors symbolize?,"What do the symbols of a heart, a cross and an anchor mean?",0,0.7179171
Do women enjoy the taste of semen?,What does it mean when people say dry semen/sperm?,0,0.62150586
Why India can't ban Chinese products?,Can India ban Chinese manufactured goods?,1,0.89811397
Why don't we (or other animals) have more eyes?,What are other reasons we need to keep animal testing?,0,0.61638105
Why do men get aroused with legs?,How do men get aroused?,0,0.8477312
Is there a lens that can make light rays parallel no matter the position of the light source?,"Given that photons have no mass and the speed of light cannot be exceeded, could there be a negative mass that exceeds the speed of light?",0,0.5908428
How does “the black sharpie challenge” work?,What are some of the challenges a young employee faces at work?,0,0.39387742
What is an American Diversity Lottery visa?,Is the American Diversity Lottery Visa true?,1,0.9062075
What is the compensation for Partners/Principals at Deloitte Consulting?,What does an AERS consultant at Deloitte do?,0,0.8349328
What is the best way for short term investment with good returns?,What is the best way for short term investment?,1,0.9224894
How much is expected cut off for HRM programme for TISSNET 2017?,What is the expected cut off for TISSNET 2017?,0,0.8987682
What have been your best sexual experiences?,What's the best sexual experience you have had?,1,0.9036406
"How do professionals write speeches that sound like they can be spoken, and yet sound powerful?","""How is it that the words """"psychopath"""" and """"psychopathy"""" sound so different yet they are both psych-related terms?""",0,0.42003617
How does PAYTM earn money?,Does PayTm earns an interest on the money we add in our PayTm wallet?,0,0.7907614
Why is Clinton better than Trump?,Why is Hillary Clinton a better choice than Donald Trump?,1,0.9157059
"""If I remove someone from Snapchat and my account settings are on """"My Friends"""" only, can they still message me and can they still view my story?""","I blocked and unblocked someone on Snapchat, if they didn't delete me as a friend and my story is public to everyone am I still on their friends list?",0,0.8409792
Do cars with bigger wheels travelled fast than those with smaller?,"While going uphill  , one should prefer a car with bigger wheels or smaller wheels or it does not depend at all?",0,0.63098615
How can I be important in the society?,How do you think an individual is important in the society?,0,0.87282264
What brands of jumper cables do they sell at Lowe's?,I want to create my own brand of clothes to sell online. How do I start?,0,0.46154678
Why does 500 and 1000 Rs notes banned by GOI and new notes of 500 and 2000 are issued?,Is Modi's decision on demonetization of 500 and 1000 notes welcomed by public?,1,0.67797303
Will Ilayathalapathy Vijay become chief minister of Tamil nadu in elections 2021?,What is your review of Ilayathalapathy Vijay?,0,0.56615746
"What is a suitable solar panel installation provider near Milpitas, California CA?","Which is a suitable solar panel installation provider near Alameda, California CA?",0,0.9889958
"Humans are known to consciously do self-damaging things: smoking, taking drugs, drinking. Do animals in nature show some behavior similar to this?","""What would happen if you took/smoked/""""shot up"""" every drug known to human kind?""",0,0.54530805
What is a moojuvani vote in assembly?,What is a moojuvani (మూజువాణి) vote in Assembly?,1,0.96133995
What are your views on Modi governments decision to demonetize 500 and 1000 rupee notes? How will this affect economy?,What are your views on demonetization of 500 and 1000 rupee notes by the Modi Government?,1,0.93440723
If you could only eat one meal a day what would you eat?,"If you could only eat one food for the rest of your life, what would be the most nutritionally balanced option?",1,0.783938
What are some top hollywood movies?,What are must watch Hollywood movies?,1,0.7973137
What are some tools used to measure weight?,What diffrrent methods are used to measure weight and what tools are used to do so?,1,0.92317235
Which films are considered the best Hollywood on Hollywood films?,What are the best Hollywood movies ever?,1,0.9227638
How can I manage my anger?,What should I do to control my anger?,1,0.9324767
What's Linux?,What is Linux?,1,0.9891205
What are the most famous landmarks in Iowa?,What are some landmarks in Mongolia?,0,0.45318353
How can you listen to the radio on an iPod?,How will I be able to listen to the radio from my smartphone or iPhone?,0,0.7429356
Do former US presidents get NSC/CIA briefings?,Are the former US presidents still in the dangerous positions of being assassinated?,0,0.6702629
What is a strong point that we aren't living in a simulation?,How do we know that we are not living in a computer simulation?,1,0.8586942
What Kool-Aid is blue?,Is kool-aid good for you?,0,0.7064877
Is scholarsip really guaranteed if applied to USA through Maple education?,Is scholarship really guaranteed if applied to USA through Maple education?,1,0.97265327
What is a good text message to send to a girl to ensure she got home ok?,Just got to know this girl. After the first date I didn't text her for around 3 days. Texted her after that. She replied once and didn't reply anymore. Sent her 2 more texts and got blocked. Why?,0,0.436672
Could Germany have won World War II if they did not attack the Soviet Union?,If Germany hadn't attacked the Soviet Union would the Soviet Union have attacked Germany?,0,0.9171666
How do I stop my dogs from barking at neighbors' dogs?,What are the best ways to stop a dog from barking?,1,0.7363149
Should I apologize for my feelings to a girl that I like?,How Do I apologize to a girl I like?,0,0.90365887
What is the best age for having first sex?,Which is the best age for having sex?,1,0.9389839
How do I find a friend with benefits?,How do you ask someone to be friends with benefits?,0,0.93205875
What is the scope of facilities management job in USA for an Indian?,What are the job scopes for tourism in the USA?,0,0.7452202
What does it mean if someone added me back on snap chat but I can't see their score?,"On Snapchat, what does “added you back” mean?",0,0.63298845
How does Amazon use Deep Learning?,Why is Python used for deep learning if it is so slow?,0,0.516755
What are the differences between encapsulation and decapsulation?,What is the difference between abstraction and encapsulation?,0,0.8808274
How do I get clean exit from TCS Onsite Europe? (without returning to India to complete the separation policy),"With references of plate tectonics, explain the origin and growth of young fold mountains?",0,0.25726277
Why does the p orbital have a higher energ?,Do Indian women find American men attractive?,0,0.41018605
Is there a scientific name for what existed before the Big Bang?,Did the void exist before the Big Bang?,1,0.83564776
How do we write good undergraduate admissions essays?,How do I write a good college admission essay?,0,0.9251138
How would the effects of 9/11 be different if the Twin Towers had fallen sideways?,9/11 (terrorist attack): Would the people on the upper floors of the World Trade Centre have eventually been rescued if the towers didn't collapse?,0,0.80770844
How would I increase my height aftr 18?,How can I increase my height after 18 years of age?,1,0.90526927
Can we combine any two words of urdu with using -e-?,What does the Urdu word Samir mean in English?,0,0.7988369
What conspiracy theories turned out to be true?,Which is the most unlikely conspiracy theory which turned out to be true?,1,0.8889366
How do you determine if a country is a Failed State?,How competitive is the hiring process at Hanover Insurance?,0,0.46555132
What is kiss?,What is in a kiss?,0,0.96128947
How much does it cost to build an app prototype?,How much does it cost to build a prototype of a mobile application using an outsourcing company?,0,0.8667089
How can you intuitively explain the fact that the Carnot Cycle has the most efficiency of all thermodynamic cycles?,Does shear stress generate a reaction?,0,0.31971025
How can we submit an HTML form without a submit button?,How can someone submit a form without using the submit button?,1,0.8306222
Why does the Indian Army use the same camouflage dress in all terrain?,What are some future weapons that will be used by Indian army?,0,0.56183267
My family and other friends judged him for acting gay.I do love him and so does he love me. What should I do?,I'm in love with my gay best friend but he has a boyfriend. How can I stop loving him?,0,0.85044646
What is your review of Broken (2006 movie)?,What is your review of Broken Bridges (2006 movie)?,0,0.9746152
Why do all ISIS fighters have names like Abu X al-X?,What's it like to be an ISIS fighter?,0,0.6762321
What is the lowest temperature in Australia?,What is the lowest temperature in the universe?,0,0.85547554
Which are the best education apps in the Apple store for my kids aged 8 and 12?,Which iphone app is the best educational app for kids?,0,0.81874543
The one and only royal mirage?,What will be your foreign policy on Nigeria regarding fighting corruption?,0,0.156317
Can you still get pregnant one day before menstruation?,Is it possible to get pregnant before your regular period?,1,0.881274
Why aren't some people willing to give Donald Trump a chance?,Why are so many people here so hostile to Donald Trump and unwilling to give him a chance after he was fairly elected?,1,0.7664924
What is Adam's clasp? What are its uses?,How do I use a toothbrush?,0,0.34149143
"What are the differences between the Dell Inspiron 3000, 5000, and 7000 series laptops?","What are the differences between the Dell Inspiron 5000, and 7000 series laptops?",0,0.9861825
How can I keep my glasses from getting dirty?,Is -0.5D powerful enough to get glasses?,0,0.56771505
What is the definition of “street smarts”?,"""What is the definition of the word """"definition""""?""",0,0.6687124
How serious is the Scorpene submarine data leak? What can be done now?,What is Scorpene submarine data leak?,0,0.9163259
What was it like to be Steve Jobs?,What was Steve Jobs' IQ?,0,0.7842213
What will be the top in-demand programming languages / skills / frameworks in 2017?,Does quantum computer already exist and in operation?,0,0.39914444
What traffic laws in Dominica are particularly hard for foreign drivers to get used to?,What traffic laws in Japan are particularly hard for foreign drivers to get used to?,0,0.86831653
How do I reduce pimples and black spots?,How do you reduce pimple redness?,0,0.77529615
Why don't protons in a nucleus repel each other?,Wont positively charged protons lying together in the nucleus repel each other?,1,0.9197297
How soon can I take a pregnancy test?,Should I take a pregnancy test?,0,0.903728
Why is Salman Khan supporting Pakistani actors?,Why did Salman Khan support Pakistani artists?,1,0.9287192
Who is the hero in your life?and why?,Who is hero of your life and why?,1,0.9660215
What is chlorine gas?,Is chlorine a gas?,0,0.9528799
What is the difference between a muffin and a cupcake?,What's the difference between a muffin and cupcake pan?,0,0.9721886
"Which is the most awaited movie of 2016: Raees, Sultan, Fan or Dangal?",What should Indians learn from the movie Dangal?,0,0.39539567
What is your view about life?,What is your view on life?,1,0.99082315
How can I get a BoneTown activation code?,"I lead a team, make 100k, and actively write code in modern client and server languages. I want more. Is 140-180k achievable and how do I get there?",0,0.4763094
What do you actually love about yourself?,What do you love the most about yourself?,1,0.9489016
What is the purpose for human living in the world?,What's the purpose of a human life?,1,0.8921751
What does a dub of meth weigh on a digital scale?,How can I inject meth?,0,0.73503375
How do you improve financial forecasting?,How to improve Financial Forecasting?,1,0.9761696
Is a rotor cypher machine efficient in its task nowadays?,"After applying for a job, should I let them call me or should I call them?",0,0.42367566
What should I say whenever my girlfriend asks me why I love her?,My girlfriend doesn't respect me. Will this make her love me any less?,0,0.70418787
What are some unconventional dating site ideas?,Do dating sites give sex dating or is it just waste of money?,0,0.6768819
How do I prevent being raped?,How can one recover from being raped?,0,0.8637285
Has anyone's joining location/date changed today for persistent systems freshers 2016?,"Why to use RPC if RPC internally use other network protocols like Protocolbuffer, http?",0,0.45695737
What are the advantages and disadvantages of online shopping?,Do you prefer to shop in a store or online?,0,0.73617095
What is time? Does gravity actually slow down time?,Why does time slow down when we approach the speed of light? Does time really stop at the speed of light?,0,0.82054603
Fashion designers showcase clothes and accessories that you never see anyone wearing. Why do they make those?,What is the point of fashion shows when people are hardly ever seen wearing those clothes?,0,0.8676139
Which is better: computer science or information technology?,Which one is better: information technology or computer science and engineering?,0,0.96871376
How can I ask the right questions in any situation?,How can I ask the right questions?,1,0.9395442
Why am I not good looking enough?,Why am I so good-looking?,0,0.66015077
What brand of toilet paper does the Queen of England use?,What does Queen Elizabeth do?,0,0.65920216
Where can I get very friendly property transactions services in Sydney?,Where can I get professional advice for buying and selling a property in Sydney?,1,0.8162031
What are ideas for Mexican themed party food?,Where can I find Mexican food in mainland China?,0,0.70190585
How do you create a wedding ring in jail?,How Could I Stabilized My Personality In front of a Girl ?,0,0.30617094
What are the economic implications of banning 500 and 1000 rupee notes?,"What would be the effect on the Indian economy after banning 500 and 1,000 notes?",1,0.888907
How long do men have sex normally?,How can guys last longer during sex?,0,0.8182602
How do I Get rid of cockroaches?,How do you get rid of cockroaches in your home without using professional help or chemical pesticides?,0,0.6660236
How do I calculate the number of zeroes in N! * M!? (N factorial * M factorial)?,Given integer N where 1<=N<=5000000 I want to find how many prime numbers are needed to make Ni.e how many numbers are needed to prime factorialize N?,0,0.6428727
"""Why was """"M"""" named """"M"""" in the James Bond movies?""",What is the history of M in the James Bond movies?,0,0.94698036
Can I play contact sports like Soccer and engage in activities like swimming after having ICL implants?,What are the disadvantages of Implantable Collamer Lens (ICL) Surgery?,0,0.35569867
What is the micro grain structure for low alloy steels?,A project on science technology and innovation for food and agriculture?,0,0.36905694
What are good books to learn about body language?,What is the best book on body language?,1,0.78182864
Is it true that our hair gets white if we got really scare?,Is it true that our hair gets white if we get really scare?,1,0.99712425
How one can differentiate between Binary and Bcd when no is lesser than 9?,What does a political science lawyer do?,0,0.29977745
What are some of the best private engineering colleges in India?,Which is the best private engineering college in india?,1,0.93780166
What course should I take on from here?,Why is Scoopwhoop website against Modi and instigating fallacious belief in people?,0,0.3614784
"What are some similarities and differences between Hamilton's Federalist Party, and Jefferson's Jeffersonian Democracy?",What kind of democracy does the U.S. have?,0,0.6961179
Is uhg offer good package to fresher?,I am placed in TCS (engineering industrial services stream). So should I now prepare for GATE ME 2017?,0,0.2938428
What is the salary of an assistant professor with a PhD in India?,What is the typical monthly salary range of an assistant professor (post Phd.) in private engineering colleges of Kerala?,0,0.79912966
Is tattoo not allowed in IPS?,Are tattoos allowed in IPS?,0,0.7806413
What are the most interesting products and innovations that Miller Industries is coming out with in 2016?,What are the most interesting products and innovations that Real Industry is coming out with in 2016?,0,0.97495276
Why is the mystery of Lal Bahadur Shastriji's death not solved yet? What is holding to resolve? Why was the autopsy report not made public?,Why the Government of India is not investigating Mr. Lal Bahadur Shastri's death?,0,0.82757425
"How do Hutterites, Mennonites and Amish differ?","What are the differences among the Hutterites, the Mennonites and the Amish?",1,0.94135386
What is a suitable inpatient drug and alcohol rehab center near Emanuel County GA?,What is a suitable inpatient drug and alcohol rehab center near Worth County GA?,0,0.9855063
Why did Aishwarya Rai marry Abhishek Bachchan?,Is Aishwarya Rai Bachchan pregnant again?,0,0.7031944
"How can I convert 230 volts A.C supply into 12 volt, 5 A D.C. supply using transformer and without use of power converter?",How do I convert 12 volt batteries to 230 volt?,0,0.8677854
What is link to download kitkat zip?,Do you have to download a cyanogenmod recovery zip?,0,0.74780744
What does it mean to claim zero allowances on a W-4?,What is the maximum number of allowances I can claim on my W-4?,0,0.536868
Is Turkey being westernized?,Is Turkey fully Westernized?,1,0.9053238
"What is the climate of California's coastal regions, and how does it compare to the climate in Indiana?","What is the climate of California's coastal regions, and how does it compare to the climate in Ohio?",0,0.88730574
Is there a way to pass local variable from function to another function in Python?,How do I pass variables from one function to another across multiple files in Python?,1,0.9076766
What is a proof?,What is mathematical proof?,0,0.74634874
Where can I find a multi-criteria product rating dataset?,How do I cluster sparse datasets?,0,0.6308789
Does penis size really matter? (and) What is the size of your penis?,Does penis size matter during sex?,1,0.8768945
Are movies only for entertainment or do they make us learn something? Which movie changed your way of thinking?,What line and movie impressed you most that almost changed your way of thinking and doing?,0,0.7517587
Am I considered pregnant if I did not experience any menstrual activity for almost two months?,"How many days after a missed period, is a negative urine pregnancy test considered conclusive?",0,0.74706626
What happens in a tank battle if both tanks can't damage each other in any way?,Were tanks used in the battle of Tannenberg?,0,0.6283296
What are some tips on making it through the job interview process at Rosetta Resources?,What are some tips on making it through the job interview process at Approach Resources?,0,0.97748774
I enjoy company but feel more content when I'm alone and tend to stay alone more and more. Should I join a sorority at Columbia University?,Why does it feel like I'm alone?,0,0.3765477
Which are the best place to Holiday in India?,Which are the best places for the holidays in India?,1,0.93322635
"I am a HR professional, I want to do SAS course. I have statistics, Mathematics and Economics background. What is the use of SAS in HR field and How?",I have completed an MBA- HR and I'm currently working in a private organization. What exams do I need to appear or qualify for to get a similar profile as that of HR or likewise in the government sector?,0,0.6390199
What are interesting fact about mathematicians?,What are the interesting facts about mathematicians?,1,0.98180264
What individuals and events in history are a source of pride for Somalia?,What individuals and events in history are a source of pride for India?,0,0.7575685
How can we earn money online without investment?,What should I do to make money online in India?,1,0.6933544
Develop a research proposal based on a problem related to Human Resource Management?,Is a hypothesis required for a Masters thesis proposal on a topic relating to computer algorithm?,0,0.61648035
What rank and marks are required on the GATE Exam to get a job in PSU for mechanical engineering?,What rank does psu required for mechanical?,1,0.6901289
Why does my vagina get so wet during sex?,Why does my vagina hurt so bad after sex?,0,0.7674066
What are the worst science fiction movies?,What are some must see science fiction movies?,0,0.68495405
I've enrolled in MIT 6.041x - Introduction to Probability. Is multivariable calculus (new to me) required to fully grasp the material presented?,Which algorithm are commonly used in UGC feeds ranking in industry?,0,0.54076266
"What do Spaniards think about Asians (Chinese, Korean)?",What do Koreans think of an East Asian guy who speaks bad Korean?,0,0.68351877
What is the average bounce rate for an online apparel store?,What is the average convertion rate for an online retailer?,1,0.8802459
How can I wake up early in the morning?,What should I do to wake up early in the morning?,1,0.957983
What are some beginner tips for someone learning how to play the guitar? I know nothing.,What are some ways to learn how to play guitar?,1,0.80060303
What is the importance of forbidden energy gap in material science? What are the forbidden energies of si & ge?,Can you give me some good topics to do projects about?,0,0.33148253
What is the best programming language for web development?,Which language is the best for web development?,1,0.9651659
Is consistency something you have to do in your beliefs?,How can you be consistent with yourself?,0,0.7694557
Why should we never lose hope?,Why do we lose hope sometimes?,0,0.63095045
What is the most important study habit you've developed?,What is the most important habit a student must have in their studies?,1,0.8790827
Paraffin wax contains alkanes ranging form?,Which is the beautiful language in India?,0,0.35516214
Who is urologist in Hyderabad?,Who is the best urologist in Hyderabad?,0,0.6618973
Does the Multiverse exist?,What are the chances that a multiverse exists?,1,0.91928566
Why do we dream when we sleep?,Why dream is coming while sleeping?,1,0.937431
What is your review of Samsung Apps?,What is your review of Samsung Z?,0,0.89806473
Does penis size really matter during sex?,Does the size of a penis matter?,1,0.8780832
Is time the fourth dimension?,How is time a fourth dimension?,1,0.96992683
How much time does it take for a normal passport reissue in Chennai?,How much time it takes to get a passport in normal application type?,0,0.80910397
Why nobody answer my questions in Quora?,Why don't people answer my question on Quora?,1,0.83574
